party_id,transaction_date,institution_name,account_id,product_family,holding_name,holding_key,movement_type,transaction_type,transaction_type_additional_info,quantity,gross_amount,net_amount,currency,transaction_id,data_quality_flags
9e22a589-e861-5dc1-899e-680bd197a983,2019-10-24,C6 Bank,20f0fb4e-fcfa-51c7-8939-0f4ce5ed657f,bank_fixed_incomes,CDB,BRBANKCDB4A4|00360305000104|2019-10-24|2022-10-01,ENTRADA,APLICACAO,NULL,31.413,31413.0,31413.0,BRL,6e8d45dc-76bc-5c74-af35-9fac87886580,[]
9e22a589-e861-5dc1-899e-680bd197a983,2019-10-28,Nubank,f3ce7b7a-d660-52cf-b819-c10cb66c1338,bank_fixed_incomes,LCA,BRBANKLCA3A3|60746948000112|2019-10-28|2022-10-01,ENTRADA,APLICACAO,NULL,91.706,91706.0,91706.0,BRL,60b5be17-b441-5cb2-8af7-18544a20d94e,[]
9e22a589-e861-5dc1-899e-680bd197a983,2019-11-07,Nubank,f3ce7b7a-d660-52cf-b819-c10cb66c1338,variable_incomes,BPAC11,BPAC11,ENTRADA,COMPRA,NULL,4375.0,207812.5,NULL,BRL,2d4207d9-7ad4-513e-b35b-c622477b0888,[]
9e22a589-e861-5dc1-899e-680bd197a983,2019-11-10,Nubank,f3ce7b7a-d660-52cf-b819-c10cb66c1338,bank_fixed_incomes,RDB,BRBANKRDB5A5|60518222000122|2019-11-10|2022-11-01,ENTRADA,APLICACAO,NULL,222.687,222687.0,222687.0,BRL,875d584f-1148-56ef-873f-63f84013f95d,[]
9e22a589-e861-5dc1-899e-680bd197a983,2019-11-10,Itau,3343bc26-23e3-5745-9c2a-932d111e9079,bank_fixed_incomes,RDB,BRBANKRDB5A5|60518222000122|2019-11-10|2022-11-01,ENTRADA,APLICACAO,NULL,190.917,190917.0,190917.0,BRL,c30cc431-7cd4-5569-9870-109cf61ecb08,[]
9e22a589-e861-5dc1-899e-680bd197a983,2019-11-12,Nubank,f3ce7b7a-d660-52cf-b819-c10cb66c1338,funds,SPX NIMITZ ESTRUTURAL FIC FIM,34177667000185,ENTRADA,APLICACAO,NULL,2594.103896,99873.0,NULL,BRL,78fd9912-fcc4-531d-b5ce-fad62350bebf,[]
9e22a589-e861-5dc1-899e-680bd197a983,2019-12-02,Nubank,f3ce7b7a-d660-52cf-b819-c10cb66c1338,treasure_titles,Tesouro Prefixado 2027,Tesouro Prefixado 2027,ENTRADA,COMPRA,NULL,351.39,175695.0,175695.0,BRL,77b7563c-4bc0-52ee-962c-2ca0470bdac8,[]
9e22a589-e861-5dc1-899e-680bd197a983,2019-12-11,Nubank,f3ce7b7a-d660-52cf-b819-c10cb66c1338,bank_fixed_incomes,RDB,BRBANKRDB1A1|18236120000158|2019-12-11|2022-12-01,ENTRADA,APLICACAO,NULL,110.978,110978.0,110978.0,BRL,a93ff544-e2ae-5247-adba-bdb37194af6a,[]
9e22a589-e861-5dc1-899e-680bd197a983,2019-12-29,Nubank,f3ce7b7a-d660-52cf-b819-c10cb66c1338,variable_incomes,VALE3,VALE3,ENTRADA,COMPRA,NULL,13944.0,244020.0,NULL,BRL,3397fb03-ca14-5644-96c1-e3a59fba2b55,[]
9e22a589-e861-5dc1-899e-680bd197a983,2020-01-05,C6 Bank,20f0fb4e-fcfa-51c7-8939-0f4ce5ed657f,bank_fixed_incomes,CDB,BRBANKCDB4A4|00360305000104|2020-01-05|2023-01-01,ENTRADA,APLICACAO,NULL,25.618,25618.0,25618.0,BRL,f561129e-39da-54e6-91d0-439441e10c2c,[]
9e22a589-e861-5dc1-899e-680bd197a983,2020-01-07,Nubank,f3ce7b7a-d660-52cf-b819-c10cb66c1338,variable_incomes,B3SA3,B3SA3,ENTRADA,COMPRA,NULL,1497.0,82335.0,NULL,BRL,8ad0e39d-d9dd-5407-bbfd-258d1d6b0469,[]
9e22a589-e861-5dc1-899e-680bd197a983,2020-02-12,Nubank,f3ce7b7a-d660-52cf-b819-c10cb66c1338,bank_fixed_incomes,LCA,BRBANKLCA3A3|60746948000112|2020-02-12|2023-02-01,ENTRADA,APLICACAO,NULL,189.039,189039.0,189039.0,BRL,6d3e2c7d-d7e2-536e-bdb1-eedfb0a551b3,[]
9e22a589-e861-5dc1-899e-680bd197a983,2020-02-13,Nubank,f3ce7b7a-d660-52cf-b819-c10cb66c1338,bank_fixed_incomes,RDB,BRBANKRDB5A5|60518222000122|2020-02-13|2023-02-01,ENTRADA,APLICACAO,NULL,55.497,55497.0,55497.0,BRL,f3d27a18-2488-565b-9074-8d77f22a78a1,[]
9e22a589-e861-5dc1-899e-680bd197a983,2020-02-24,Nubank,f3ce7b7a-d660-52cf-b819-c10cb66c1338,treasure_titles,Tesouro Renda+ 2044,Tesouro Renda+ 2044,ENTRADA,COMPRA,NULL,94.04,188080.0,188080.0,BRL,4f502bbf-f280-5b98-bbf0-b43c71ed81b6,[]
9e22a589-e861-5dc1-899e-680bd197a983,2020-03-02,C6 Bank,20f0fb4e-fcfa-51c7-8939-0f4ce5ed657f,bank_fixed_incomes,CDB,BRBANKCDB0A0|30680829000143|2020-03-02|2023-03-01,ENTRADA,APLICACAO,NULL,56.432,56432.0,56432.0,BRL,268db3e9-7366-59d9-9765-08262e656a4b,[]
9e22a589-e861-5dc1-899e-680bd197a983,2020-03-29,Nubank,f3ce7b7a-d660-52cf-b819-c10cb66c1338,bank_fixed_incomes,RDB,BRBANKRDB1A1|18236120000158|2020-03-29|2023-03-01,ENTRADA,APLICACAO,NULL,65.186,65186.0,65186.0,BRL,3031223d-ba5d-5060-930d-ce9b5c5f3e4d,[]
9e22a589-e861-5dc1-899e-680bd197a983,2020-03-31,C6 Bank,20f0fb4e-fcfa-51c7-8939-0f4ce5ed657f,bank_fixed_incomes,LCI,BRBANKLCI2A2|30306294000145|2020-03-31|2023-03-01,ENTRADA,APLICACAO,NULL,216.768,216768.0,216768.0,BRL,5cc1de4a-3ac1-5d87-a2b7-ca96ccc01ee3,[]
9e22a589-e861-5dc1-899e-680bd197a983,2020-04-14,Nubank,f3ce7b7a-d660-52cf-b819-c10cb66c1338,bank_fixed_incomes,LCI,BRBANKLCI2A2|30306294000145|2020-04-14|2023-04-01,ENTRADA,APLICACAO,NULL,119.941,119941.0,119941.0,BRL,d4b11067-8695-5381-a6e4-dc996e5f44bc,[]
9e22a589-e861-5dc1-899e-680bd197a983,2020-05-11,Nubank,f3ce7b7a-d660-52cf-b819-c10cb66c1338,bank_fixed_incomes,CDB,BRBANKCDB4A4|00360305000104|2020-05-11|2023-05-01,ENTRADA,APLICACAO,NULL,162.52,162520.0,162520.0,BRL,e308978e-e144-5cfa-b441-1f5f81c8d58f,[]
9e22a589-e861-5dc1-899e-680bd197a983,2020-05-23,Nubank,f3ce7b7a-d660-52cf-b819-c10cb66c1338,bank_fixed_incomes,LCA,BRBANKLCA3A3|60746948000112|2020-05-23|2023-05-01,ENTRADA,APLICACAO,NULL,66.201,66201.0,66201.0,BRL,bbfc68a0-f10f-5e13-beda-fe4fb5c3ec42,[]
9e22a589-e861-5dc1-899e-680bd197a983,2020-06-03,Nubank,f3ce7b7a-d660-52cf-b819-c10cb66c1338,bank_fixed_incomes,LCI,BRBANKLCI2A2|30306294000145|2020-06-03|2023-06-01,ENTRADA,APLICACAO,NULL,228.094,228094.0,228094.0,BRL,e994915c-e114-5bb2-8f1c-e095d9de377f,[]
9e22a589-e861-5dc1-899e-680bd197a983,2020-06-07,Nubank,f3ce7b7a-d660-52cf-b819-c10cb66c1338,bank_fixed_incomes,CDB,BRBANKCDB4A4|00360305000104|2020-06-07|2023-06-01,ENTRADA,APLICACAO,NULL,82.619,82619.0,82619.0,BRL,874b3a46-7421-518d-b6b5-a328876dd45b,[]
9e22a589-e861-5dc1-899e-680bd197a983,2020-07-11,Itau,3343bc26-23e3-5745-9c2a-932d111e9079,bank_fixed_incomes,CDB,BRBANKCDB0A0|30680829000143|2020-07-11|2023-07-01,ENTRADA,APLICACAO,NULL,245.713,245713.0,245713.0,BRL,39c42a27-8e86-5c75-83f9-0936e3e21e1a,[]
9e22a589-e861-5dc1-899e-680bd197a983,2020-07-16,Nubank,f3ce7b7a-d660-52cf-b819-c10cb66c1338,bank_fixed_incomes,LCA,BRBANKLCA3A3|60746948000112|2020-07-16|2023-07-01,ENTRADA,APLICACAO,NULL,61.772,61772.0,61772.0,BRL,37e258c4-9d0d-55b4-a583-29bd9977a841,[]
9e22a589-e861-5dc1-899e-680bd197a983,2020-07-30,Nubank,f3ce7b7a-d660-52cf-b819-c10cb66c1338,variable_incomes,WEGE3,WEGE3,ENTRADA,COMPRA,NULL,2220.0,88800.0,NULL,BRL,8d935983-215d-5758-baf4-d08431da50fc,[]
9e22a589-e861-5dc1-899e-680bd197a983,2020-08-03,Nubank,f3ce7b7a-d660-52cf-b819-c10cb66c1338,bank_fixed_incomes,LCI,BRBANKLCI2A2|30306294000145|2020-08-03|2023-08-01,ENTRADA,APLICACAO,NULL,188.252,188252.0,188252.0,BRL,9c0d07fb-1f1c-5897-ab82-04b7d40e9ab8,[]
9e22a589-e861-5dc1-899e-680bd197a983,2020-08-04,Nubank,f3ce7b7a-d660-52cf-b819-c10cb66c1338,bank_fixed_incomes,RDB,BRBANKRDB1A1|18236120000158|2020-08-04|2023-08-01,ENTRADA,APLICACAO,NULL,61.635,61635.0,61635.0,BRL,6c995e3b-a013-535e-821e-15ac400c6657,[transaction_id:reissued]
9e22a589-e861-5dc1-899e-680bd197a983,2020-08-20,Nubank,f3ce7b7a-d660-52cf-b819-c10cb66c1338,bank_fixed_incomes,RDB,BRBANKRDB1A1|18236120000158|2020-08-20|2023-08-01,ENTRADA,APLICACAO,NULL,158.69,158690.0,158690.0,BRL,8212ae0c-bea4-5cf6-b12f-7eb7656d488f,[]
9e22a589-e861-5dc1-899e-680bd197a983,2020-09-29,Nubank,f3ce7b7a-d660-52cf-b819-c10cb66c1338,variable_incomes,VALE3,VALE3,ENTRADA,COMPRA,NULL,9963.0,174352.5,NULL,BRL,e29453b2-cba3-58dc-ae4c-60b0fdb4b1d6,[]
9e22a589-e861-5dc1-899e-680bd197a983,2020-10-01,Nubank,f3ce7b7a-d660-52cf-b819-c10cb66c1338,treasure_titles,Tesouro Educa+ 2031,Tesouro Educa+ 2031,ENTRADA,COMPRA,NULL,97.87,220207.5,220207.5,BRL,fb8bedea-ac03-5314-99d0-ca603930eee8,[]
9e22a589-e861-5dc1-899e-680bd197a983,2020-11-02,Nubank,f3ce7b7a-d660-52cf-b819-c10cb66c1338,bank_fixed_incomes,LCA,BRBANKLCA3A3|60746948000112|2020-11-02|2023-11-01,ENTRADA,APLICACAO,NULL,112.566,112566.0,112566.0,BRL,da211e4f-2af6-536e-b9d8-789bd937b419,[]
9e22a589-e861-5dc1-899e-680bd197a983,2020-11-04,Nubank,f3ce7b7a-d660-52cf-b819-c10cb66c1338,bank_fixed_incomes,CDB,BRBANKCDB4A4|00360305000104|2020-11-04|2023-11-01,ENTRADA,APLICACAO,NULL,54.553,54553.0,54553.0,BRL,98fdfe88-cfb4-5962-a622-980d59e9e402,[]
9e22a589-e861-5dc1-899e-680bd197a983,2020-11-10,Nubank,f3ce7b7a-d660-52cf-b819-c10cb66c1338,bank_fixed_incomes,CDB,BRBANKCDB0A0|30680829000143|2020-11-10|2023-11-01,ENTRADA,APLICACAO,NULL,162.65,162650.0,162650.0,BRL,5f198e9a-6e41-5ec5-857b-217f9331a885,[]
9e22a589-e861-5dc1-899e-680bd197a983,2020-11-15,C6 Bank,20f0fb4e-fcfa-51c7-8939-0f4ce5ed657f,bank_fixed_incomes,RDB,BRBANKRDB5A5|60518222000122|2020-11-15|2023-11-01,ENTRADA,APLICACAO,NULL,163.257,163257.0,163257.0,BRL,224e80a8-02eb-5e71-b0a2-593e34f03449,[]
9e22a589-e861-5dc1-899e-680bd197a983,2020-12-16,Nubank,f3ce7b7a-d660-52cf-b819-c10cb66c1338,bank_fixed_incomes,LCA,BRBANKLCA3A3|60746948000112|2020-12-16|2023-12-01,ENTRADA,APLICACAO,NULL,48.417,48417.0,48417.0,BRL,24078814-26ad-5233-8c71-f2923df60773,[]
9e22a589-e861-5dc1-899e-680bd197a983,2020-12-17,Nubank,f3ce7b7a-d660-52cf-b819-c10cb66c1338,bank_fixed_incomes,CDB,BRBANKCDB0A0|30680829000143|2020-12-17|2023-12-01,ENTRADA,APLICACAO,NULL,73.159,73159.0,73159.0,BRL,12fde935-7e36-5fd9-903e-f1c60a1f1544,[]
9e22a589-e861-5dc1-899e-680bd197a983,2020-12-24,Nubank,f3ce7b7a-d660-52cf-b819-c10cb66c1338,bank_fixed_incomes,CDB,BRBANKCDB0A0|92894922000108|2020-12-24|2023-12-01,ENTRADA,APLICACAO,NULL,50.874,50874.0,50874.0,BRL,fed7728c-70b9-51fe-b912-e0d3e0355af8,[]
9e22a589-e861-5dc1-899e-680bd197a983,2020-12-29,Nubank,f3ce7b7a-d660-52cf-b819-c10cb66c1338,funds,KAPITALO KAPPA FIC FIM,18318213000154,ENTRADA,APLICACAO,NULL,6318.377358,167437.0,NULL,BRL,3897f912-a578-5ac3-ab4f-bb903c12a45f,[]
9e22a589-e861-5dc1-899e-680bd197a983,2021-01-21,C6 Bank,20f0fb4e-fcfa-51c7-8939-0f4ce5ed657f,variable_incomes,ITUB4,ITUB4,ENTRADA,COMPRA,NULL,651.0,16275.0,NULL,BRL,eeb67526-a1ce-53b3-9b92-4f2ce758ac88,[]
9e22a589-e861-5dc1-899e-680bd197a983,2021-01-25,C6 Bank,20f0fb4e-fcfa-51c7-8939-0f4ce5ed657f,bank_fixed_incomes,RDB,BRBANKRDB1A1|18236120000158|2021-01-25|2024-01-01,ENTRADA,APLICACAO,NULL,168.041,168041.0,168041.0,BRL,17b10f41-3f62-5b51-9bd4-1cb174d511a4,[]
9e22a589-e861-5dc1-899e-680bd197a983,2021-01-31,Nubank,f3ce7b7a-d660-52cf-b819-c10cb66c1338,treasure_titles,Tesouro Prefixado 2029,Tesouro Prefixado 2029,ENTRADA,COMPRA,NULL,317.06,237795.0,237795.0,BRL,2c97e888-5246-56e3-82fc-bfd8ca5ffca7,[]
9e22a589-e861-5dc1-899e-680bd197a983,2021-03-01,C6 Bank,20f0fb4e-fcfa-51c7-8939-0f4ce5ed657f,treasure_titles,Tesouro Prefixado 2029,Tesouro Prefixado 2029,ENTRADA,COMPRA,NULL,31.13,23347.5,23347.5,BRL,dfc59b6a-a387-5a88-a247-dfa6d318be87,[]
9e22a589-e861-5dc1-899e-680bd197a983,2021-03-04,Nubank,f3ce7b7a-d660-52cf-b819-c10cb66c1338,bank_fixed_incomes,CDB,BRBANKCDB4A4|00360305000104|2021-03-04|2024-03-01,ENTRADA,APLICACAO,NULL,222.887,222887.0,222887.0,BRL,ff34c63e-6e45-5bd6-a85f-eeb8a79616f7,[]
9e22a589-e861-5dc1-899e-680bd197a983,2021-03-21,Nubank,f3ce7b7a-d660-52cf-b819-c10cb66c1338,bank_fixed_incomes,CDB,BRBANKCDB0A0|30680829000143|2021-03-21|2024-03-01,ENTRADA,APLICACAO,NULL,40.129,40129.0,40129.0,BRL,ffc6561a-238c-5e1f-b663-1bea5f3c38a6,[]
9e22a589-e861-5dc1-899e-680bd197a983,2021-03-31,Nubank,f3ce7b7a-d660-52cf-b819-c10cb66c1338,bank_fixed_incomes,LCA,BRBANKLCA3A3|60746948000112|2021-03-31|2024-03-01,ENTRADA,APLICACAO,NULL,101.702,101702.0,101702.0,BRL,79f114b6-f967-5a92-9989-4cc84d7a35da,[transaction_id:reissued]
9e22a589-e861-5dc1-899e-680bd197a983,2021-04-24,Nubank,f3ce7b7a-d660-52cf-b819-c10cb66c1338,variable_incomes,ITUB4,ITUB4,ENTRADA,COMPRA,NULL,3662.0,91550.0,NULL,BRL,b7669c6c-20d7-5113-8ca9-255a769bc342,[]
9e22a589-e861-5dc1-899e-680bd197a983,2021-04-29,Itau,3343bc26-23e3-5745-9c2a-932d111e9079,bank_fixed_incomes,LCA,BRBANKLCA3A3|60746948000112|2021-04-29|2024-04-01,ENTRADA,APLICACAO,NULL,65.223,65223.0,65223.0,BRL,3ff61522-178d-5538-9b39-3999b3db47e8,[]
9e22a589-e861-5dc1-899e-680bd197a983,2021-04-29,Nubank,f3ce7b7a-d660-52cf-b819-c10cb66c1338,bank_fixed_incomes,LCA,BRBANKLCA3A3|60746948000112|2021-04-29|2024-04-01,ENTRADA,APLICACAO,NULL,186.039,186039.0,186039.0,BRL,b47bbdd7-ce81-5a62-bec7-0986d17f1647,[]
9e22a589-e861-5dc1-899e-680bd197a983,2021-05-06,Nubank,f3ce7b7a-d660-52cf-b819-c10cb66c1338,bank_fixed_incomes,RDB,BRBANKRDB1A1|18236120000158|2021-05-06|2024-05-01,ENTRADA,APLICACAO,NULL,17.373,17373.0,17373.0,BRL,8dedf18b-6433-51ba-895a-ea40b0c62e9c,[]
9e22a589-e861-5dc1-899e-680bd197a983,2021-06-13,Nubank,f3ce7b7a-d660-52cf-b819-c10cb66c1338,credit_fixed_incomes,OMEGA ENERGIA S.A.,f8196b35-86d8-5b30-a402-de46703a9be1,ENTRADA,COMPRA,NULL,39.086,39086.0,39086.0,BRL,275ffe34-be03-56f3-a668-722d20baf9be,[]
9e22a589-e861-5dc1-899e-680bd197a983,2021-07-10,Itau,3343bc26-23e3-5745-9c2a-932d111e9079,bank_fixed_incomes,CDB,BRBANKCDB0A0|30680829000143|2021-07-10|2024-07-01,ENTRADA,APLICACAO,NULL,12.259,12259.0,12259.0,BRL,625641c9-b646-53c0-bf41-801e2df4f813,[]
9e22a589-e861-5dc1-899e-680bd197a983,2021-07-22,Nubank,f3ce7b7a-d660-52cf-b819-c10cb66c1338,bank_fixed_incomes,LCI,BRBANKLCI2A2|30306294000145|2021-07-22|2024-07-01,ENTRADA,APLICACAO,NULL,85.937,85937.0,85937.0,BRL,5d399339-ec36-5079-82ff-bc610c3daa5d,[]
9e22a589-e861-5dc1-899e-680bd197a983,2021-07-23,Nubank,f3ce7b7a-d660-52cf-b819-c10cb66c1338,variable_incomes,HASH11,HASH11,ENTRADA,COMPRA,NULL,1436.0,89750.0,NULL,BRL,b527c916-cdd8-55c2-b248-7e31a360436b,[]
9e22a589-e861-5dc1-899e-680bd197a983,2021-08-13,Nubank,f3ce7b7a-d660-52cf-b819-c10cb66c1338,bank_fixed_incomes,CDB,BRBANKCDB4A4|00360305000104|2021-08-13|2024-08-01,ENTRADA,APLICACAO,NULL,94.083,94083.0,94083.0,BRL,51b3df66-7bca-534b-b402-0766e7e5b392,[]
9e22a589-e861-5dc1-899e-680bd197a983,2021-08-27,Nubank,f3ce7b7a-d660-52cf-b819-c10cb66c1338,credit_fixed_incomes,OMEGA ENERGIA S.A.,BRCRASEC00A0|09149503000106|2026-06-15,ENTRADA,COMPRA,NULL,159.394,159394.0,159394.0,BRL,12d28182-704f-5234-a2e0-2d786ec7cfae,[]
9e22a589-e861-5dc1-899e-680bd197a983,2021-09-24,Nubank,f3ce7b7a-d660-52cf-b819-c10cb66c1338,treasure_titles,Tesouro IPCA+ com Juros Semestrais 2032,Tesouro IPCA+ com Juros Semestrais 2032,ENTRADA,COMPRA,NULL,85.57,128355.0,128355.0,BRL,1518f108-46fa-554c-9d95-c42db8f21db3,[]
9e22a589-e861-5dc1-899e-680bd197a983,2021-10-01,Nubank,f3ce7b7a-d660-52cf-b819-c10cb66c1338,bank_fixed_incomes,LCA,BRBANKLCA3A3|60746948000112|2021-10-01|2024-10-01,ENTRADA,APLICACAO,NULL,72.229,72229.0,72229.0,BRL,e3c3cbf0-e7f1-549d-974a-499d007bda8e,[]
9e22a589-e861-5dc1-899e-680bd197a983,2021-10-09,Nubank,f3ce7b7a-d660-52cf-b819-c10cb66c1338,variable_incomes,BBDC4,BBDC4,ENTRADA,COMPRA,NULL,3800.0,123500.0,NULL,BRL,91970760-1a38-56bd-87e2-dbf00da3f048,[]
9e22a589-e861-5dc1-899e-680bd197a983,2021-10-18,Nubank,f3ce7b7a-d660-52cf-b819-c10cb66c1338,bank_fixed_incomes,RDB,BRBANKRDB5A5|60518222000122|2021-10-18|2024-10-01,ENTRADA,APLICACAO,NULL,225.425,225425.0,225425.0,BRL,882fdae6-7274-5cec-9c4f-b1495d9da469,[]
9e22a589-e861-5dc1-899e-680bd197a983,2021-11-08,Nubank,f3ce7b7a-d660-52cf-b819-c10cb66c1338,treasure_titles,Tesouro IPCA+ com Juros Semestrais 2032,Tesouro IPCA+ com Juros Semestrais 2032,ENTRADA,TRANSFERENCIA_CUSTODIA,NULL,30.47,45705.0,45705.0,BRL,8fe53eb7-f7cf-52d5-8bd7-4c66a1ae7f97,[]
9e22a589-e861-5dc1-899e-680bd197a983,2021-12-03,Itau,3343bc26-23e3-5745-9c2a-932d111e9079,variable_incomes,HASH11,HASH11,ENTRADA,COMPRA,NULL,3876.0,242250.0,NULL,BRL,cdf01be8-ed79-5711-b87c-54c3f8b8e8d1,[]
9e22a589-e861-5dc1-899e-680bd197a983,2022-01-01,Nubank,f3ce7b7a-d660-52cf-b819-c10cb66c1338,bank_fixed_incomes,RDB,BRBANKRDB1A1|18236120000158|2022-01-01|2025-01-01,ENTRADA,APLICACAO,NULL,34.896,34896.0,34896.0,BRL,9ac3e191-f607-5b0f-96eb-523e674103cc,[]
9e22a589-e861-5dc1-899e-680bd197a983,2022-02-03,C6 Bank,20f0fb4e-fcfa-51c7-8939-0f4ce5ed657f,bank_fixed_incomes,CDB,BRBANKCDB0A0|30680829000143|2022-02-03|2025-02-01,ENTRADA,APLICACAO,NULL,175.71,175710.0,175710.0,BRL,afe4fa81-1761-50ce-81f7-ab3b510ffc04,[]
9e22a589-e861-5dc1-899e-680bd197a983,2022-02-06,Nubank,f3ce7b7a-d660-52cf-b819-c10cb66c1338,bank_fixed_incomes,RDB,BRBANKRDB1A1|18236120000158|2022-02-06|2025-02-01,ENTRADA,APLICACAO,NULL,6.052,6052.0,6052.0,BRL,5bd10af3-c0bd-5448-8182-a3e2facb2aa8,[]
9e22a589-e861-5dc1-899e-680bd197a983,2022-02-13,Nubank,f3ce7b7a-d660-52cf-b819-c10cb66c1338,bank_fixed_incomes,CDB,BRBANKCDB0A0|30680829000143|2022-02-13|2025-02-01,ENTRADA,TRANSFERENCIA_CUSTODIA,NULL,134.768,134768.0,134768.0,BRL,86afe435-2bd4-566f-80cd-5fce96322235,[]
9e22a589-e861-5dc1-899e-680bd197a983,2022-02-16,C6 Bank,20f0fb4e-fcfa-51c7-8939-0f4ce5ed657f,bank_fixed_incomes,RDB,BRBANKRDB1A1|18236120000158|2022-02-16|2025-02-01,ENTRADA,APLICACAO,NULL,124.072,124072.0,124072.0,BRL,c2a44bc4-13a9-5971-9152-8d4270e5b400,[]
9e22a589-e861-5dc1-899e-680bd197a983,2022-03-09,Nubank,f3ce7b7a-d660-52cf-b819-c10cb66c1338,bank_fixed_incomes,LCA,BRBANKLCA3A3|60746948000112|2022-03-09|2025-03-01,ENTRADA,APLICACAO,NULL,155.334,155334.0,155334.0,BRL,c1e105c8-bc9b-59d4-a539-8bbac3ac92ae,[]
9e22a589-e861-5dc1-899e-680bd197a983,2022-03-23,Nubank,f3ce7b7a-d660-52cf-b819-c10cb66c1338,bank_fixed_incomes,LCI,BRBANKLCI2A2|30306294000145|2022-03-23|2025-03-01,ENTRADA,TRANSFERENCIA_CUSTODIA,NULL,99.471,99471.0,99471.0,BRL,bcc22bfc-7b7b-5cbd-8b69-46a29408277d,[]
9e22a589-e861-5dc1-899e-680bd197a983,2022-04-05,Nubank,f3ce7b7a-d660-52cf-b819-c10cb66c1338,funds,KAPITALO KAPPA FIC FIM,18318213000154,ENTRADA,APLICACAO,NULL,33.283019,882.0,NULL,BRL,d3e57bd1-bec0-5353-ab98-58f193e17b02,[]
9e22a589-e861-5dc1-899e-680bd197a983,2022-05-11,Nubank,f3ce7b7a-d660-52cf-b819-c10cb66c1338,funds,TESOURO SELIC SIMPLES FIRF,32915987000180,ENTRADA,APLICACAO,NULL,3671.216,229451.0,NULL,BRL,338ac47d-a1cd-56be-88c5-e8acdc4f0e71,[]
9e22a589-e861-5dc1-899e-680bd197a983,2022-05-17,Nubank,f3ce7b7a-d660-52cf-b819-c10cb66c1338,bank_fixed_incomes,CDB,BRBANKCDB0A0|30680829000143|2022-05-17|2025-05-01,ENTRADA,APLICACAO,NULL,202.045,202045.0,202045.0,BRL,38896c6f-3a0f-5831-a9a7-c5d56044aaa5,[transaction_id:reissued]
9e22a589-e861-5dc1-899e-680bd197a983,2022-05-31,C6 Bank,20f0fb4e-fcfa-51c7-8939-0f4ce5ed657f,bank_fixed_incomes,LCI,BRBANKLCI2A2|30306294000145|2022-05-31|2025-05-01,ENTRADA,APLICACAO,NULL,51.169,51169.0,51169.0,BRL,0ae7f455-1c65-5d99-8de9-69635de5ff4a,[]
9e22a589-e861-5dc1-899e-680bd197a983,2022-06-04,C6 Bank,20f0fb4e-fcfa-51c7-8939-0f4ce5ed657f,funds,IPCA LONGA DURACAO FIC FIRF,29562673000117,ENTRADA,APLICACAO,NULL,12489.862069,181103.0,NULL,BRL,b00b78de-a706-510e-ad57-0db5217320ad,[]
9e22a589-e861-5dc1-899e-680bd197a983,2022-06-09,Itau,3343bc26-23e3-5745-9c2a-932d111e9079,funds,SPX NIMITZ ESTRUTURAL FIC FIM,34177667000185,ENTRADA,APLICACAO,NULL,2220.727273,85498.0,NULL,BRL,273d6897-e59b-5a3d-8266-ea0a147fb2dc,[]
9e22a589-e861-5dc1-899e-680bd197a983,2022-06-10,Nubank,f3ce7b7a-d660-52cf-b819-c10cb66c1338,bank_fixed_incomes,LCI,BRBANKLCI2A2|30306294000145|2022-06-10|2025-06-01,ENTRADA,APLICACAO,NULL,220.988,220988.0,220988.0,BRL,dd7cdbe0-f5af-561c-9ef6-6028dd1d8d2c,[]
9e22a589-e861-5dc1-899e-680bd197a983,2022-06-21,Nubank,f3ce7b7a-d660-52cf-b819-c10cb66c1338,variable_incomes,B3SA3,B3SA3,ENTRADA,COMPRA,NULL,181.0,9955.0,NULL,BRL,940384dd-0111-5988-a3e4-7613a965ba45,[]
9e22a589-e861-5dc1-899e-680bd197a983,2022-07-12,C6 Bank,20f0fb4e-fcfa-51c7-8939-0f4ce5ed657f,bank_fixed_incomes,RDB,BRBANKRDB5A5|60518222000122|2022-07-12|2025-07-01,ENTRADA,APLICACAO,NULL,198.582,198582.0,198582.0,BRL,9c441e60-6b48-5b4a-b05a-c0c1e19c5998,[]
9e22a589-e861-5dc1-899e-680bd197a983,2022-07-19,Nubank,f3ce7b7a-d660-52cf-b819-c10cb66c1338,funds,SELECAO DIVIDENDOS FIC FIA,07059417000107,ENTRADA,APLICACAO,NULL,4740.138614,239377.0,NULL,BRL,ee9811ea-3b95-5759-8761-9315318576fa,[]
9e22a589-e861-5dc1-899e-680bd197a983,2022-07-22,C6 Bank,20f0fb4e-fcfa-51c7-8939-0f4ce5ed657f,bank_fixed_incomes,LCA,BRBANKLCA3A3|60746948000112|2022-07-22|2025-07-01,ENTRADA,APLICACAO,NULL,239.146,239146.0,239146.0,BRL,f5cd31a5-42bb-5041-8c4e-b7da7c7989ad,[]
9e22a589-e861-5dc1-899e-680bd197a983,2022-08-02,Nubank,f3ce7b7a-d660-52cf-b819-c10cb66c1338,bank_fixed_incomes,CDB,BRBANKCDB4A4|00360305000104|2022-08-02|2025-08-01,ENTRADA,APLICACAO,NULL,213.572,213572.0,213572.0,BRL,ce00f400-967f-5bd2-9913-b7dc9006a9ff,[]
9e22a589-e861-5dc1-899e-680bd197a983,2022-08-05,Nubank,f3ce7b7a-d660-52cf-b819-c10cb66c1338,bank_fixed_incomes,CDB,BRBANKCDB0A0|30680829000143|2022-08-05|2025-08-01,ENTRADA,APLICACAO,NULL,169.677,169677.0,169677.0,BRL,e12c5852-2c52-5491-8d97-628f0bb7c16d,[]
9e22a589-e861-5dc1-899e-680bd197a983,2022-08-12,Nubank,f3ce7b7a-d660-52cf-b819-c10cb66c1338,bank_fixed_incomes,LCI,BRBANKLCI2A2|30306294000145|2022-08-12|2025-08-01,ENTRADA,APLICACAO,NULL,41.904,41904.0,41904.0,BRL,e7ad0816-60aa-5e8e-ba94-7ce4afe62501,[]
9e22a589-e861-5dc1-899e-680bd197a983,2022-09-11,Itau,3343bc26-23e3-5745-9c2a-932d111e9079,treasure_titles,Tesouro IPCA+ 2035,Tesouro IPCA+ 2035,ENTRADA,COMPRA,NULL,90.99,113737.5,113737.5,BRL,ccc6edf5-41ea-5705-8fec-64667955eb42,[]
9e22a589-e861-5dc1-899e-680bd197a983,2022-09-13,Nubank,f3ce7b7a-d660-52cf-b819-c10cb66c1338,bank_fixed_incomes,RDB,BRBANKRDB5A5|60518222000122|2022-09-13|2025-09-01,ENTRADA,APLICACAO,NULL,240.738,240738.0,240738.0,BRL,6d3ce31a-8237-5be8-bed4-7ed12de1eb3e,[]
9e22a589-e861-5dc1-899e-680bd197a983,2022-09-16,Nubank,f3ce7b7a-d660-52cf-b819-c10cb66c1338,treasure_titles,Tesouro IPCA+ 2029,Tesouro IPCA+ 2029,ENTRADA,COMPRA,NULL,9.68,9680.0,9680.0,BRL,5c24cdc7-a0cf-5c08-8dba-74f4fe3a3cfa,[]
9e22a589-e861-5dc1-899e-680bd197a983,2022-09-29,Nubank,f3ce7b7a-d660-52cf-b819-c10cb66c1338,credit_fixed_incomes,MRS LOGISTICA S/A,BRCRISEC06A6|01417222000177|2027-06-15,ENTRADA,COMPRA,NULL,32.723,32723.0,32723.0,BRL,d4fb6693-7e24-5f6d-aaee-c6d3ab80e0b9,[]
9e22a589-e861-5dc1-899e-680bd197a983,2022-10-01,C6 Bank,20f0fb4e-fcfa-51c7-8939-0f4ce5ed657f,credit_fixed_incomes,VAMOS LOCACAO S.A.,BRDEBSEC03A3|07689002000189|2027-06-15,ENTRADA,COMPRA,NULL,31.979,31979.0,31979.0,BRL,52416833-9225-52ec-a83c-744d4dbbdbad,[]
9e22a589-e861-5dc1-899e-680bd197a983,2022-10-21,Nubank,f3ce7b7a-d660-52cf-b819-c10cb66c1338,variable_incomes,BPAC11,BPAC11,ENTRADA,COMPRA,NULL,3586.0,170335.0,NULL,BRL,5d015221-52bd-559f-9857-81fe958f4533,[]
9e22a589-e861-5dc1-899e-680bd197a983,2022-10-21,C6 Bank,20f0fb4e-fcfa-51c7-8939-0f4ce5ed657f,bank_fixed_incomes,RDB,BRBANKRDB5A5|60518222000122|2022-10-21|2025-10-01,ENTRADA,APLICACAO,NULL,25.409,25409.0,25409.0,BRL,9be984dc-65d8-5305-8846-937adafab323,[]
9e22a589-e861-5dc1-899e-680bd197a983,2022-11-05,Nubank,f3ce7b7a-d660-52cf-b819-c10cb66c1338,bank_fixed_incomes,RDB,BRBANKRDB1A1|18236120000158|2022-11-05|2025-11-01,ENTRADA,APLICACAO,NULL,203.143,203143.0,203143.0,BRL,270ea5f9-d716-51d3-b153-51f9bdce864a,[]
9e22a589-e861-5dc1-899e-680bd197a983,2022-11-14,Nubank,f3ce7b7a-d660-52cf-b819-c10cb66c1338,bank_fixed_incomes,CDB,BRBANKCDB4A4|00360305000104|2022-11-14|2025-11-01,ENTRADA,APLICACAO,NULL,208.83,208830.0,208830.0,BRL,76a2a5e0-ac26-55a5-abfb-2583f7d00006,[]
9e22a589-e861-5dc1-899e-680bd197a983,2022-11-16,Nubank,f3ce7b7a-d660-52cf-b819-c10cb66c1338,treasure_titles,Tesouro Selic 2031,Tesouro Selic 2031,ENTRADA,COMPRA,NULL,115.52,202160.0,202160.0,BRL,ddf34b64-9b0c-59cc-be97-8985ad28fa24,[]
9e22a589-e861-5dc1-899e-680bd197a983,2022-11-27,Nubank,f3ce7b7a-d660-52cf-b819-c10cb66c1338,bank_fixed_incomes,CDB,BRBANKCDB0A0|30680829000143|2022-11-27|2025-11-01,ENTRADA,APLICACAO,NULL,157.697,157697.0,157697.0,BRL,a82da7c6-d9fd-5808-b750-447c19ee2cad,[]
9e22a589-e861-5dc1-899e-680bd197a983,2022-12-10,Nubank,f3ce7b7a-d660-52cf-b819-c10cb66c1338,variable_incomes,PETR4,PETR4,ENTRADA,COMPRA,NULL,5050.0,50500.0,NULL,BRL,772c6159-240f-5ef3-8646-1696a9a52530,[]
9e22a589-e861-5dc1-899e-680bd197a983,2022-12-27,Nubank,f3ce7b7a-d660-52cf-b819-c10cb66c1338,variable_incomes,WEGE3,WEGE3,ENTRADA,COMPRA,NULL,5848.0,233920.0,NULL,BRL,70175472-2cb4-5102-96d6-6d95d070a85b,[]
9e22a589-e861-5dc1-899e-680bd197a983,2023-01-25,Nubank,f3ce7b7a-d660-52cf-b819-c10cb66c1338,credit_fixed_incomes,OMEGA ENERGIA S.A.,BRDEBSEC01A1|09149503000106|2029-06-15,ENTRADA,COMPRA,NULL,76.452,76452.0,76452.0,BRL,c6ac96d1-283e-5a5b-96fc-b9d23d79a7a9,[]
9e22a589-e861-5dc1-899e-680bd197a983,2023-01-31,Nubank,f3ce7b7a-d660-52cf-b819-c10cb66c1338,funds,IPCA LONGA DURACAO FIC FIRF,29562673000117,ENTRADA,APLICACAO,NULL,2238.344828,32456.0,NULL,BRL,8ab15eb5-57a5-5986-9751-676c5a60e7d1,[]
9e22a589-e861-5dc1-899e-680bd197a983,2023-03-19,Nubank,f3ce7b7a-d660-52cf-b819-c10cb66c1338,bank_fixed_incomes,CDB,BRBANKCDB0A0|30680829000143|2023-03-19|2026-03-01,ENTRADA,APLICACAO,NULL,109.578,109578.0,109578.0,BRL,cbbe6f31-44b1-53de-9cad-fb4ab5d291f0,[]
9e22a589-e861-5dc1-899e-680bd197a983,2023-04-15,Nubank,f3ce7b7a-d660-52cf-b819-c10cb66c1338,bank_fixed_incomes,RDB,BRBANKRDB1A1|18236120000158|2023-04-15|2026-04-01,ENTRADA,APLICACAO,NULL,128.985,128985.0,128985.0,BRL,c6c74cf8-acd2-5694-9937-4c22817486fe,[]
9e22a589-e861-5dc1-899e-680bd197a983,2023-04-25,C6 Bank,20f0fb4e-fcfa-51c7-8939-0f4ce5ed657f,variable_incomes,B3SA3,B3SA3,ENTRADA,COMPRA,NULL,157.0,8635.0,NULL,BRL,7e88c517-bf17-5fc9-86e4-70ce7559da7b,[]
9e22a589-e861-5dc1-899e-680bd197a983,2023-05-09,Nubank,f3ce7b7a-d660-52cf-b819-c10cb66c1338,treasure_titles,Tesouro Renda+ 2044,Tesouro Renda+ 2044,ENTRADA,COMPRA,NULL,95.16,190320.0,190320.0,BRL,3cb8874e-01da-501d-8e7e-eac13ced139c,[]
9e22a589-e861-5dc1-899e-680bd197a983,2023-05-30,Itau,3343bc26-23e3-5745-9c2a-932d111e9079,bank_fixed_incomes,RDB,BRBANKRDB1A1|18236120000158|2023-05-30|2026-05-01,ENTRADA,APLICACAO,NULL,43.732,43732.0,43732.0,BRL,cb3cbafd-4c0b-5f41-9296-7fee840ac87e,[]
9e22a589-e861-5dc1-899e-680bd197a983,2023-06-07,Nubank,f3ce7b7a-d660-52cf-b819-c10cb66c1338,funds,TESOURO SELIC SIMPLES FIRF,32915987000180,ENTRADA,APLICACAO,NULL,3711.712,231982.0,NULL,BRL,0f95c543-7268-5541-b461-b0d5178d8615,[]
9e22a589-e861-5dc1-899e-680bd197a983,2023-06-09,Nubank,f3ce7b7a-d660-52cf-b819-c10cb66c1338,bank_fixed_incomes,RDB,BRBANKRDB1A1|18236120000158|2023-06-09|2026-06-01,ENTRADA,APLICACAO,NULL,41.608,41608.0,41608.0,BRL,c91e3c08-b69e-5f62-8938-af877d601d5d,[]
9e22a589-e861-5dc1-899e-680bd197a983,2023-06-12,Nubank,f3ce7b7a-d660-52cf-b819-c10cb66c1338,bank_fixed_incomes,CDB,BRBANKCDB4A4|00360305000104|2023-06-12|2026-06-01,ENTRADA,APLICACAO,NULL,54.856,54856.0,54856.0,BRL,152bbdad-7b6f-576b-9dc8-eb98bd466a66,[]
9e22a589-e861-5dc1-899e-680bd197a983,2023-07-04,Nubank,f3ce7b7a-d660-52cf-b819-c10cb66c1338,bank_fixed_incomes,RDB,BRBANKRDB5A5|60518222000122|2023-07-04|2026-07-01,ENTRADA,APLICACAO,NULL,47.823,47823.0,47823.0,BRL,e31d7871-1058-5799-be54-b2a8da07fd62,[]
9e22a589-e861-5dc1-899e-680bd197a983,2023-07-08,Nubank,f3ce7b7a-d660-52cf-b819-c10cb66c1338,bank_fixed_incomes,CDB,BRBANKCDB4A4|00360305000104|2023-07-08|2026-07-01,ENTRADA,APLICACAO,NULL,27.123,27123.0,27123.0,BRL,bb4cec26-053d-5d4e-8636-0f56659b6459,[]
9e22a589-e861-5dc1-899e-680bd197a983,2023-08-13,C6 Bank,20f0fb4e-fcfa-51c7-8939-0f4ce5ed657f,bank_fixed_incomes,CDB,BRBANKCDB0A0|30680829000143|2023-08-13|2026-08-01,ENTRADA,APLICACAO,NULL,110.842,110842.0,110842.0,BRL,5b6a7bbb-a91e-5203-8c24-ccc9f810152c,[]
9e22a589-e861-5dc1-899e-680bd197a983,2023-08-25,Nubank,f3ce7b7a-d660-52cf-b819-c10cb66c1338,bank_fixed_incomes,CDB,BRBANKCDB4A4|00360305000104|2023-08-25|2026-08-01,ENTRADA,APLICACAO,NULL,171.114,171114.0,171114.0,BRL,daf84042-483a-50ff-b1bb-dbea8fb0da6c,[]
9e22a589-e861-5dc1-899e-680bd197a983,2023-08-26,Nubank,f3ce7b7a-d660-52cf-b819-c10cb66c1338,bank_fixed_incomes,RDB,BRBANKRDB1A1|18236120000158|2023-08-26|2026-08-01,ENTRADA,APLICACAO,NULL,84.836,84836.0,84836.0,BRL,719a940a-8183-5bb3-8b71-8ac21b1fd5f2,[]
9e22a589-e861-5dc1-899e-680bd197a983,2023-09-14,C6 Bank,20f0fb4e-fcfa-51c7-8939-0f4ce5ed657f,bank_fixed_incomes,LCA,BRBANKLCA3A3|60746948000112|2023-09-14|2026-09-01,ENTRADA,APLICACAO,NULL,190.067,190067.0,190067.0,BRL,d1dc2480-0999-5fe1-b90a-667c8ff17b8f,[]
9e22a589-e861-5dc1-899e-680bd197a983,2023-09-19,Nubank,f3ce7b7a-d660-52cf-b819-c10cb66c1338,bank_fixed_incomes,CDB,BRBANKCDB4A4|00360305000104|2023-09-19|2026-09-01,ENTRADA,APLICACAO,NULL,98.274,98274.0,98274.0,BRL,9b519f48-aff7-5813-a831-9e708384c899,[]
9e22a589-e861-5dc1-899e-680bd197a983,2023-09-20,Nubank,f3ce7b7a-d660-52cf-b819-c10cb66c1338,bank_fixed_incomes,RDB,BRBANKRDB5A5|60518222000122|2023-09-20|2026-09-01,ENTRADA,APLICACAO,NULL,112.175,112175.0,112175.0,BRL,722a7574-8c31-503c-8933-a26865c018da,[]
9e22a589-e861-5dc1-899e-680bd197a983,2023-09-25,C6 Bank,20f0fb4e-fcfa-51c7-8939-0f4ce5ed657f,bank_fixed_incomes,LCA,BRBANKLCA3A3|60746948000112|2023-09-25|2026-09-01,ENTRADA,APLICACAO,NULL,216.896,216896.0,216896.0,BRL,47632034-f18f-5f84-ba08-5885ca32601a,[]
9e22a589-e861-5dc1-899e-680bd197a983,2023-09-28,Nubank,f3ce7b7a-d660-52cf-b819-c10cb66c1338,bank_fixed_incomes,RDB,BRBANKRDB5A5|60518222000122|2023-09-28|2026-09-01,ENTRADA,APLICACAO,NULL,104.134,104134.0,104134.0,BRL,804a845d-d5e4-5e1f-be41-8f9fbda0e0a6,[]
9e22a589-e861-5dc1-899e-680bd197a983,2023-09-29,Nubank,f3ce7b7a-d660-52cf-b819-c10cb66c1338,bank_fixed_incomes,LCI,BRBANKLCI2A2|30306294000145|2023-09-29|2026-09-01,ENTRADA,APLICACAO,NULL,148.1,148100.0,148100.0,BRL,459b8893-9203-5497-9419-698b619f75af,[]
9e22a589-e861-5dc1-899e-680bd197a983,2023-09-30,Nubank,f3ce7b7a-d660-52cf-b819-c10cb66c1338,bank_fixed_incomes,RDB,BRBANKRDB1A1|18236120000158|2023-09-30|2026-09-01,ENTRADA,APLICACAO,NULL,174.989,174989.0,174989.0,BRL,76d587ca-5715-5d3f-934d-b0069fa3929a,[]
9e22a589-e861-5dc1-899e-680bd197a983,2023-10-10,Nubank,f3ce7b7a-d660-52cf-b819-c10cb66c1338,variable_incomes,BBDC4,BBDC4,ENTRADA,COMPRA,NULL,2384.0,77480.0,NULL,BRL,df6b41a3-6a4b-5b4c-bcd0-3977cce95b7c,[]
9e22a589-e861-5dc1-899e-680bd197a983,2023-11-28,Nubank,f3ce7b7a-d660-52cf-b819-c10cb66c1338,bank_fixed_incomes,CDB,BRBANKCDB0A0|30680829000143|2023-11-28|2026-11-01,ENTRADA,APLICACAO,NULL,100.253,100253.0,100253.0,BRL,ca79375e-3235-5fab-90ad-48fa604bcf67,[]
9e22a589-e861-5dc1-899e-680bd197a983,2023-11-30,C6 Bank,20f0fb4e-fcfa-51c7-8939-0f4ce5ed657f,bank_fixed_incomes,LCI,BRBANKLCI2A2|30306294000145|2023-11-30|2026-11-01,ENTRADA,APLICACAO,NULL,82.404,82404.0,82404.0,BRL,072270a2-c159-57f5-af4e-86de77ab7beb,[]
9e22a589-e861-5dc1-899e-680bd197a983,2023-12-02,Nubank,f3ce7b7a-d660-52cf-b819-c10cb66c1338,bank_fixed_incomes,RDB,BRBANKRDB1A1|18236120000158|2023-12-02|2026-12-01,ENTRADA,APLICACAO,NULL,164.957,164957.0,164957.0,BRL,5f592f39-58b5-5e0b-84f3-4ee7a5ac61bd,[]
9e22a589-e861-5dc1-899e-680bd197a983,2023-12-22,C6 Bank,20f0fb4e-fcfa-51c7-8939-0f4ce5ed657f,bank_fixed_incomes,RDB,BRBANKRDB5A5|60518222000122|2023-12-22|2026-12-01,ENTRADA,APLICACAO,NULL,87.078,87078.0,87078.0,BRL,bed8d673-3f71-5d2f-be41-9bee99a2b747,[]
9e22a589-e861-5dc1-899e-680bd197a983,2024-01-05,Nubank,f3ce7b7a-d660-52cf-b819-c10cb66c1338,bank_fixed_incomes,RDB,BRBANKRDB1A1|18236120000158|2024-01-05|2027-01-01,ENTRADA,APLICACAO,NULL,125.613,125613.0,125613.0,BRL,c782c6ed-5105-56b4-b1ff-0e8d42d49e29,[]
9e22a589-e861-5dc1-899e-680bd197a983,2024-01-24,Nubank,f3ce7b7a-d660-52cf-b819-c10cb66c1338,bank_fixed_incomes,CDB,BRBANKCDB0A0|30680829000143|2024-01-24|2027-01-01,ENTRADA,APLICACAO,NULL,63.615,63615.0,63615.0,BRL,0d43c000-3e82-5d7a-b0d5-a19768a6c05a,[]
9e22a589-e861-5dc1-899e-680bd197a983,2024-01-27,Nubank,f3ce7b7a-d660-52cf-b819-c10cb66c1338,bank_fixed_incomes,RDB,BRBANKRDB5A5|60518222000122|2024-01-27|2027-01-01,ENTRADA,APLICACAO,NULL,117.818,117818.0,117818.0,BRL,1d113881-6db9-56a6-951d-6c3e33175019,[]
9e22a589-e861-5dc1-899e-680bd197a983,2024-02-22,Nubank,f3ce7b7a-d660-52cf-b819-c10cb66c1338,variable_incomes,BBDC4,BBDC4,ENTRADA,COMPRA,NULL,4145.0,134712.5,NULL,BRL,a434e9fe-8659-5ea0-86d2-f57a425856e1,[]
9e22a589-e861-5dc1-899e-680bd197a983,2024-02-29,Itau,3343bc26-23e3-5745-9c2a-932d111e9079,bank_fixed_incomes,RDB,BRBANKRDB5A5|92894922000108|2024-02-29|2027-02-01,ENTRADA,APLICACAO,NULL,234.962,234962.0,234962.0,BRL,51724411-5d90-515a-b3f7-0323eef78deb,[]
9e22a589-e861-5dc1-899e-680bd197a983,2024-03-07,Nubank,f3ce7b7a-d660-52cf-b819-c10cb66c1338,bank_fixed_incomes,CDB,BRBANKCDB0A0|30680829000143|2024-03-07|2027-03-01,ENTRADA,APLICACAO,NULL,249.369,249369.0,249369.0,BRL,065a71d5-b99b-51a1-8e85-0d1195d398be,[]
9e22a589-e861-5dc1-899e-680bd197a983,2024-03-28,C6 Bank,20f0fb4e-fcfa-51c7-8939-0f4ce5ed657f,variable_incomes,WEGE3,WEGE3,ENTRADA,COMPRA,NULL,158.0,6320.0,NULL,BRL,a34f223c-580f-50d7-b0fa-17a9de0c972e,[]
9e22a589-e861-5dc1-899e-680bd197a983,2024-04-16,Nubank,f3ce7b7a-d660-52cf-b819-c10cb66c1338,variable_incomes,PETR4,PETR4,ENTRADA,COMPRA,NULL,19152.0,191520.0,NULL,BRL,77ab543d-1408-5f5f-90ee-3e762ea820fe,[]
9e22a589-e861-5dc1-899e-680bd197a983,2024-04-17,C6 Bank,20f0fb4e-fcfa-51c7-8939-0f4ce5ed657f,bank_fixed_incomes,CDB,BRBANKCDB4A4|00360305000104|2024-04-17|2027-04-01,ENTRADA,APLICACAO,NULL,75.863,75863.0,75863.0,BRL,89e26791-e8b0-5af5-bfdd-ee270394150b,[]
9e22a589-e861-5dc1-899e-680bd197a983,2024-04-20,C6 Bank,20f0fb4e-fcfa-51c7-8939-0f4ce5ed657f,bank_fixed_incomes,CDB,BRBANKCDB4A4|00360305000104|2024-04-20|2027-04-01,ENTRADA,APLICACAO,NULL,84.024,84024.0,84024.0,BRL,2736066c-9e07-5514-85c3-b7298d92ccee,[]
9e22a589-e861-5dc1-899e-680bd197a983,2024-04-21,Itau,3343bc26-23e3-5745-9c2a-932d111e9079,bank_fixed_incomes,CDB,BRBANKCDB4A4|00360305000104|2024-04-21|2027-04-01,ENTRADA,APLICACAO,NULL,103.017,103017.0,103017.0,BRL,27cb2b63-b0e4-521a-9cd2-50d750ea5e4e,[]
9e22a589-e861-5dc1-899e-680bd197a983,2024-04-24,Nubank,f3ce7b7a-d660-52cf-b819-c10cb66c1338,bank_fixed_incomes,CDB,BRBANKCDB4A4|00360305000104|2024-04-24|2027-04-01,ENTRADA,APLICACAO,NULL,138.898,138898.0,138898.0,BRL,fdbe3beb-f433-5f7e-8112-5d360722e97b,[]
9e22a589-e861-5dc1-899e-680bd197a983,2024-05-16,Nubank,f3ce7b7a-d660-52cf-b819-c10cb66c1338,bank_fixed_incomes,LCA,BRBANKLCA3A3|60746948000112|2024-05-16|2027-05-01,ENTRADA,APLICACAO,NULL,119.154,119154.0,119154.0,BRL,0162bf37-9fd4-559f-b7b0-d79fe890a278,[]
9e22a589-e861-5dc1-899e-680bd197a983,2024-06-21,Nubank,f3ce7b7a-d660-52cf-b819-c10cb66c1338,variable_incomes,BPAC11,BPAC11,ENTRADA,COMPRA,NULL,2367.0,112432.5,NULL,BRL,504d76ed-f9d5-532b-9c0f-b843aba1bd26,[]
9e22a589-e861-5dc1-899e-680bd197a983,2024-06-22,Nubank,f3ce7b7a-d660-52cf-b819-c10cb66c1338,variable_incomes,PETR4,PETR4,ENTRADA,COMPRA,NULL,7747.0,77470.0,NULL,BRL,f510c86c-ef3c-5efb-be05-aa01f839ff57,[]
9e22a589-e861-5dc1-899e-680bd197a983,2024-06-26,C6 Bank,20f0fb4e-fcfa-51c7-8939-0f4ce5ed657f,bank_fixed_incomes,RDB,BRBANKRDB1A1|18236120000158|2024-06-26|2027-06-01,ENTRADA,APLICACAO,NULL,58.987,58987.0,58987.0,BRL,a56e108b-176a-5f5b-b5d2-263e75969f5e,[]
9e22a589-e861-5dc1-899e-680bd197a983,2024-07-04,Nubank,f3ce7b7a-d660-52cf-b819-c10cb66c1338,bank_fixed_incomes,CDB,BRBANKCDB0A0|30680829000143|2024-07-04|2027-07-01,ENTRADA,APLICACAO,NULL,105.583,105583.0,105583.0,BRL,8f72ce9e-c885-5f6f-b1a5-dd3f6d0e9942,[]
9e22a589-e861-5dc1-899e-680bd197a983,2024-07-14,Nubank,f3ce7b7a-d660-52cf-b819-c10cb66c1338,bank_fixed_incomes,LCA,BRBANKLCA3A3|60746948000112|2024-07-14|2027-07-01,ENTRADA,APLICACAO,NULL,95.357,95357.0,95357.0,BRL,fd593234-177e-590c-bd25-9a8b8616c05d,[]
9e22a589-e861-5dc1-899e-680bd197a983,2024-08-07,Itau,3343bc26-23e3-5745-9c2a-932d111e9079,bank_fixed_incomes,LCA,BRBANKLCA3A3|60746948000112|2024-08-07|2027-08-01,ENTRADA,APLICACAO,NULL,202.689,202689.0,202689.0,BRL,28057c99-eb0a-5870-b11b-67595e1eb6d0,[]
9e22a589-e861-5dc1-899e-680bd197a983,2024-08-10,Nubank,f3ce7b7a-d660-52cf-b819-c10cb66c1338,bank_fixed_incomes,CDB,BRBANKCDB0A0|30680829000143|2024-08-10|2027-08-01,ENTRADA,APLICACAO,NULL,221.21,221210.0,221210.0,BRL,eab5537c-76fa-5d84-aba9-db5f7cb438cb,[]
9e22a589-e861-5dc1-899e-680bd197a983,2024-08-29,Nubank,f3ce7b7a-d660-52cf-b819-c10cb66c1338,bank_fixed_incomes,LCI,BRBANKLCI2A2|30306294000145|2024-08-29|2027-08-01,ENTRADA,APLICACAO,NULL,39.149,39149.0,39149.0,BRL,1f90cfca-b38d-5b45-92c6-78ec4c116999,[]
9e22a589-e861-5dc1-899e-680bd197a983,2024-09-03,Nubank,f3ce7b7a-d660-52cf-b819-c10cb66c1338,funds,ALASKA BLACK FIC FIA - BDR NIVEL I,11052478000102,ENTRADA,APLICACAO,NULL,35114.8,87787.0,NULL,BRL,1aa51901-c65a-5b4b-bb72-debca883e5c8,[]
9e22a589-e861-5dc1-899e-680bd197a983,2024-09-26,C6 Bank,20f0fb4e-fcfa-51c7-8939-0f4ce5ed657f,bank_fixed_incomes,RDB,BRBANKRDB1A1|18236120000158|2024-09-26|2027-09-01,ENTRADA,APLICACAO,NULL,97.066,97066.0,97066.0,BRL,90adb700-c6cc-50ad-92eb-4f2ad5467eb0,[]
9e22a589-e861-5dc1-899e-680bd197a983,2024-10-08,Nubank,f3ce7b7a-d660-52cf-b819-c10cb66c1338,bank_fixed_incomes,LCI,BRBANKLCI2A2|30306294000145|2024-10-08|2027-10-01,ENTRADA,APLICACAO,NULL,49.322,49322.0,49322.0,BRL,8e4c9490-f1c2-52bb-901b-b3870b0c4966,[]
9e22a589-e861-5dc1-899e-680bd197a983,2024-11-11,Nubank,f3ce7b7a-d660-52cf-b819-c10cb66c1338,bank_fixed_incomes,LCI,BRBANKLCI2A2|30306294000145|2024-11-11|2027-11-01,ENTRADA,APLICACAO,NULL,175.417,175417.0,175417.0,BRL,1c6c0c89-f307-590e-bd0b-c164f4f1af76,[]
9e22a589-e861-5dc1-899e-680bd197a983,2024-11-12,Itau,3343bc26-23e3-5745-9c2a-932d111e9079,variable_incomes,BBDC4,BBDC4,ENTRADA,COMPRA,NULL,6783.0,220447.5,NULL,BRL,d8de4845-cc47-5cd9-8b06-736d1d9fa2eb,[]
9e22a589-e861-5dc1-899e-680bd197a983,2024-12-12,Nubank,f3ce7b7a-d660-52cf-b819-c10cb66c1338,bank_fixed_incomes,LCA,BRBANKLCA3A3|60746948000112|2024-12-12|2027-12-01,ENTRADA,APLICACAO,NULL,22.572,22572.0,22572.0,BRL,4c89f96d-7e1f-5a84-8f1c-d70f53b1c89a,[]
9e22a589-e861-5dc1-899e-680bd197a983,2024-12-18,Nubank,f3ce7b7a-d660-52cf-b819-c10cb66c1338,bank_fixed_incomes,RDB,BRBANKRDB5A5|60518222000122|2024-12-18|2027-12-01,ENTRADA,APLICACAO,NULL,133.274,133274.0,133274.0,BRL,25b29f9a-f1e8-5e24-be90-8ee4318a6c66,[]
9e22a589-e861-5dc1-899e-680bd197a983,2024-12-27,Nubank,f3ce7b7a-d660-52cf-b819-c10cb66c1338,bank_fixed_incomes,LCI,BRBANKLCI2A2|30306294000145|2024-12-27|2027-12-01,ENTRADA,APLICACAO,NULL,117.023,117023.0,117023.0,BRL,37c1013f-7296-55e9-848d-1411e6237a8b,[]
9e22a589-e861-5dc1-899e-680bd197a983,2025-01-06,Itau,3343bc26-23e3-5745-9c2a-932d111e9079,funds,SELECAO DIVIDENDOS FIC FIA,07059417000107,ENTRADA,APLICACAO,NULL,280.871287,14184.0,NULL,BRL,a3310850-4c19-57ef-be80-8ee751e31253,[]
9e22a589-e861-5dc1-899e-680bd197a983,2025-01-19,Nubank,f3ce7b7a-d660-52cf-b819-c10cb66c1338,bank_fixed_incomes,LCI,BRBANKLCI2A2|30306294000145|2025-01-19|2028-01-01,ENTRADA,APLICACAO,NULL,142.178,142178.0,142178.0,BRL,c3f21b82-ffb2-5242-83fa-a75ac3c816bc,[]
9e22a589-e861-5dc1-899e-680bd197a983,2025-01-30,Nubank,f3ce7b7a-d660-52cf-b819-c10cb66c1338,funds,SPX NIMITZ ESTRUTURAL FIC FIM,34177667000185,ENTRADA,APLICACAO,NULL,5338.181818,205520.0,NULL,BRL,6d09403a-4839-5014-b99a-4835a90dc4e4,[]
9e22a589-e861-5dc1-899e-680bd197a983,2025-02-26,C6 Bank,20f0fb4e-fcfa-51c7-8939-0f4ce5ed657f,credit_fixed_incomes,OMEGA ENERGIA S.A.,BRDEBSEC01A1|09149503000106|2031-06-15,ENTRADA,COMPRA,NULL,235.637,235637.0,235637.0,BRL,2a26b316-3844-54e2-8b92-01b84f7f3007,[]
9e22a589-e861-5dc1-899e-680bd197a983,2025-02-27,Itau,3343bc26-23e3-5745-9c2a-932d111e9079,bank_fixed_incomes,LCI,BRBANKLCI2A2|30306294000145|2025-02-27|2028-02-01,ENTRADA,APLICACAO,NULL,243.149,243149.0,243149.0,BRL,56657a16-98b2-54f9-a54f-53ffb64c8491,[transaction_id:reissued]
9e22a589-e861-5dc1-899e-680bd197a983,2025-02-28,Nubank,f3ce7b7a-d660-52cf-b819-c10cb66c1338,bank_fixed_incomes,RDB,BRBANKRDB5A5|60518222000122|2025-02-28|2028-02-01,ENTRADA,APLICACAO,NULL,71.005,71005.0,71005.0,BRL,2ca53df1-98f1-595a-9c07-c9219da48595,[]
9e22a589-e861-5dc1-899e-680bd197a983,2025-03-01,Nubank,f3ce7b7a-d660-52cf-b819-c10cb66c1338,bank_fixed_incomes,RDB,BRBANKRDB5A5|60518222000122|2025-03-01|2028-03-01,ENTRADA,APLICACAO,NULL,47.546,47546.0,47546.0,BRL,92e74dfe-99b0-5760-999d-53815fd0b558,[]
9e22a589-e861-5dc1-899e-680bd197a983,2025-03-20,Nubank,f3ce7b7a-d660-52cf-b819-c10cb66c1338,bank_fixed_incomes,LCI,BRBANKLCI2A2|30306294000145|2025-03-20|2028-03-01,ENTRADA,APLICACAO,NULL,124.124,124124.0,124124.0,BRL,f453c199-e26e-55e6-b31c-391ad67b7f9c,[]
9e22a589-e861-5dc1-899e-680bd197a983,2025-03-25,Nubank,f3ce7b7a-d660-52cf-b819-c10cb66c1338,bank_fixed_incomes,CDB,BRBANKCDB4A4|00360305000104|2025-03-25|2028-03-01,ENTRADA,APLICACAO,NULL,20.916,20916.0,20916.0,BRL,80f0bcc5-e394-508e-8bd6-5a6f1dbef56e,[]
9e22a589-e861-5dc1-899e-680bd197a983,2025-04-10,Nubank,f3ce7b7a-d660-52cf-b819-c10cb66c1338,variable_incomes,B3SA3,B3SA3,ENTRADA,COMPRA,NULL,2146.0,118030.0,NULL,BRL,4ebd307f-d13d-5d48-b2d7-8f5f2991b3b4,[]
9e22a589-e861-5dc1-899e-680bd197a983,2025-04-25,Nubank,f3ce7b7a-d660-52cf-b819-c10cb66c1338,treasure_titles,Tesouro IPCA+ 2035,Tesouro IPCA+ 2035,ENTRADA,COMPRA,NULL,41.24,51550.0,51550.0,BRL,81a65a8f-cdd8-5e94-9919-a8ed054f5e19,[]
9e22a589-e861-5dc1-899e-680bd197a983,2025-05-05,Nubank,f3ce7b7a-d660-52cf-b819-c10cb66c1338,bank_fixed_incomes,RDB,BRBANKRDB5A5|60518222000122|2025-05-05|2028-05-01,ENTRADA,APLICACAO,NULL,173.858,173858.0,173858.0,BRL,90076bf9-b8e7-5fda-9d1a-56da9c41adee,[]
9e22a589-e861-5dc1-899e-680bd197a983,2025-05-12,Nubank,f3ce7b7a-d660-52cf-b819-c10cb66c1338,variable_incomes,NULL,2d0a16fe-869c-518b-97ca-7659f3176c21,ENTRADA,COMPRA,NULL,3120.0,195000.0,NULL,BRL,ecf98627-23ed-57cd-8c84-a09401502f23,[]
9e22a589-e861-5dc1-899e-680bd197a983,2025-05-15,Nubank,f3ce7b7a-d660-52cf-b819-c10cb66c1338,bank_fixed_incomes,RDB,BRBANKRDB1A1|18236120000158|2025-05-15|2028-05-01,ENTRADA,APLICACAO,NULL,178.607,178607.0,178607.0,BRL,70f8188c-ec83-5e05-9ced-3bb7b6b928f5,[]
9e22a589-e861-5dc1-899e-680bd197a983,2025-05-17,Itau,3343bc26-23e3-5745-9c2a-932d111e9079,bank_fixed_incomes,CDB,BRBANKCDB4A4|00360305000104|2025-05-17|2028-05-01,ENTRADA,APLICACAO,NULL,208.678,208678.0,208678.0,BRL,7fdbe39a-6f8c-5099-851f-6145341e6a46,[]
9e22a589-e861-5dc1-899e-680bd197a983,2025-05-26,Nubank,f3ce7b7a-d660-52cf-b819-c10cb66c1338,treasure_titles,Tesouro Prefixado 2027,Tesouro Prefixado 2027,ENTRADA,COMPRA,NULL,112.69,56345.0,56345.0,BRL,7dfaab0e-ae3b-5e3a-8e41-51ae42e5e3f1,[]
9e22a589-e861-5dc1-899e-680bd197a983,2025-05-30,Nubank,f3ce7b7a-d660-52cf-b819-c10cb66c1338,bank_fixed_incomes,CDB,BRBANKCDB4A4|00360305000104|2025-05-30|2028-05-01,ENTRADA,APLICACAO,NULL,52.787,52787.0,52787.0,BRL,4c645736-2c67-5161-ae25-e91b0923a331,[]
9e22a589-e861-5dc1-899e-680bd197a983,2025-06-25,Nubank,f3ce7b7a-d660-52cf-b819-c10cb66c1338,bank_fixed_incomes,CDB,BRBANKCDB4A4|00360305000104|2025-06-25|2028-06-01,ENTRADA,APLICACAO,NULL,194.625,194625.0,194625.0,BRL,f997cf68-1686-50e9-9e28-d1fc7d300cd4,[transaction_id:reissued]
9e22a589-e861-5dc1-899e-680bd197a983,2025-06-26,Itau,3343bc26-23e3-5745-9c2a-932d111e9079,bank_fixed_incomes,LCI,BRBANKLCI2A2|30306294000145|2025-06-26|2028-06-01,ENTRADA,APLICACAO,NULL,147.152,147152.0,147152.0,BRL,38a656ea-1580-5ba4-b989-e2ea47e483d8,[]
9e22a589-e861-5dc1-899e-680bd197a983,2025-06-27,Nubank,f3ce7b7a-d660-52cf-b819-c10cb66c1338,bank_fixed_incomes,CDB,BRBANKCDB4A4|00360305000104|2025-06-27|2028-06-01,ENTRADA,APLICACAO,NULL,97.933,97933.0,97933.0,BRL,533024e3-a58f-5de8-977c-505c7b78d5d8,[]
9e22a589-e861-5dc1-899e-680bd197a983,2025-06-30,Nubank,f3ce7b7a-d660-52cf-b819-c10cb66c1338,bank_fixed_incomes,CDB,BRBANKCDB0A0|30680829000143|2025-06-30|2028-06-01,ENTRADA,APLICACAO,NULL,41.661,41661.0,41661.0,BRL,29edc7c5-b772-5171-9608-72afc6bf7ee5,[]
9e22a589-e861-5dc1-899e-680bd197a983,2025-07-10,Nubank,f3ce7b7a-d660-52cf-b819-c10cb66c1338,bank_fixed_incomes,RDB,BRBANKRDB5A5|60518222000122|2025-07-10|2028-07-01,ENTRADA,APLICACAO,NULL,87.038,87038.0,87038.0,BRL,340941c0-9ade-5dd8-90f3-d6d6b06fb4aa,[]
9e22a589-e861-5dc1-899e-680bd197a983,2025-07-30,Nubank,f3ce7b7a-d660-52cf-b819-c10cb66c1338,bank_fixed_incomes,LCA,BRBANKLCA3A3|60746948000112|2025-07-30|2028-07-01,ENTRADA,APLICACAO,NULL,179.4,179400.0,179400.0,BRL,7fa5d783-1e9a-5c13-b73d-015402fc10df,[]
9e22a589-e861-5dc1-899e-680bd197a983,2025-08-15,Nubank,f3ce7b7a-d660-52cf-b819-c10cb66c1338,treasure_titles,Tesouro Educa+ 2031,Tesouro Educa+ 2031,ENTRADA,COMPRA,NULL,102.9,231525.0,231525.0,BRL,743300dd-b4c0-54c0-aa8e-b1222495ecdd,[]
9e22a589-e861-5dc1-899e-680bd197a983,2025-08-23,Nubank,f3ce7b7a-d660-52cf-b819-c10cb66c1338,funds,SPX NIMITZ ESTRUTURAL FIC FIM,34177667000185,SAIDA,RESGATE,NULL,727.514604,28388.0,28324.81,BRL,7c823d33-b99b-5b66-b814-e18da0afa264,[]
9e22a589-e861-5dc1-899e-680bd197a983,2025-08-24,Nubank,f3ce7b7a-d660-52cf-b819-c10cb66c1338,bank_fixed_incomes,LCI,BRBANKLCI2A2|30306294000145|2022-06-10|2025-06-01,ENTRADA,APLICACAO,NULL,14.851813,14933.8,14933.8,BRL,8ca0c806-fcf2-549d-ba82-17d4facec1c3,[]
9e22a589-e861-5dc1-899e-680bd197a983,2025-08-24,Nubank,f3ce7b7a-d660-52cf-b819-c10cb66c1338,bank_fixed_incomes,CDB,BRBANKCDB0A0|30680829000143|2024-03-07|2027-03-01,SAIDA,RESGATE,NULL,57.452655,57535.39,57431.16,BRL,abf89a0f-5e78-57fe-b536-5a43d079b211,[]
9e22a589-e861-5dc1-899e-680bd197a983,2025-08-24,Nubank,f3ce7b7a-d660-52cf-b819-c10cb66c1338,funds,ALASKA BLACK FIC FIA - BDR NIVEL I,11052478000102,ENTRADA,APLICACAO,NULL,17113.523055,43274.97,NULL,BRL,af395307-6666-5b8a-8587-dc21c6ee562d,[]
9e22a589-e861-5dc1-899e-680bd197a983,2025-08-25,Nubank,f3ce7b7a-d660-52cf-b819-c10cb66c1338,bank_fixed_incomes,LCI,BRBANKLCI2A2|30306294000145|2025-03-20|2028-03-01,SAIDA,RESGATE,NULL,39.781782,39810.82,39716.54,BRL,693d5bb4-c022-5daa-83a9-1381f48cdc46,[]
9e22a589-e861-5dc1-899e-680bd197a983,2025-08-26,Nubank,f3ce7b7a-d660-52cf-b819-c10cb66c1338,treasure_titles,Tesouro IPCA+ com Juros Semestrais 2032,Tesouro IPCA+ com Juros Semestrais 2032,ENTRADA,COMPRA,NULL,15.27,23116.3,23116.3,BRL,ec068c30-2248-5ad2-9184-3c7ecf3f93b0,[]
9e22a589-e861-5dc1-899e-680bd197a983,2025-08-27,C6 Bank,20f0fb4e-fcfa-51c7-8939-0f4ce5ed657f,bank_fixed_incomes,CDB,BRBANKCDB4A4|00360305000104|2019-10-24|2022-10-01,SAIDA,RESGATE,NULL,10.272995,10202.32,10171.17,BRL,5e3f4a1c-a479-531d-87c1-a4cc9beeb173,[]
9e22a589-e861-5dc1-899e-680bd197a983,2025-08-30,Nubank,f3ce7b7a-d660-52cf-b819-c10cb66c1338,treasure_titles,Tesouro Renda+ 2044,Tesouro Renda+ 2044,ENTRADA,COMPRA,NULL,8.04,16204.46,16204.46,BRL,25a9ab84-9820-5f56-9d28-d6b816534164,[]
9e22a589-e861-5dc1-899e-680bd197a983,2025-08-31,Nubank,f3ce7b7a-d660-52cf-b819-c10cb66c1338,treasure_titles,Tesouro IPCA+ com Juros Semestrais 2032,Tesouro IPCA+ com Juros Semestrais 2032,SAIDA,TRANSFERENCIA_TITULARIDADE,NULL,20.94,31327.55,31327.55,BRL,bac242f3-6f5c-5199-a50a-501f4474a2d5,[]
9e22a589-e861-5dc1-899e-680bd197a983,2025-09-03,Nubank,f3ce7b7a-d660-52cf-b819-c10cb66c1338,bank_fixed_incomes,LCA,BRBANKLCA3A3|60746948000112|2022-03-09|2025-03-01,SAIDA,RESGATE,NULL,47.25088,47700.24,47574.48,BRL,24809b1b-217c-5b8e-a98d-3fc01c3bb42a,[]
9e22a589-e861-5dc1-899e-680bd197a983,2025-09-03,Nubank,f3ce7b7a-d660-52cf-b819-c10cb66c1338,bank_fixed_incomes,CDB,BRBANKCDB0A0|30680829000143|2022-05-17|2025-05-01,SAIDA,RESGATE,NULL,25.079022,25004.54,24961.62,BRL,5b8d8af1-a379-57fe-8de8-bc3f645a6d22,[]
9e22a589-e861-5dc1-899e-680bd197a983,2025-09-05,Nubank,f3ce7b7a-d660-52cf-b819-c10cb66c1338,bank_fixed_incomes,RDB,BRBANKRDB5A5|60518222000122|2024-12-18|2027-12-01,SAIDA,RESGATE,NULL,62.569467,62794.72,62722.08,BRL,78e759ec-dca0-5a18-82b1-9adc003cca41,[]
9e22a589-e861-5dc1-899e-680bd197a983,2025-09-08,Nubank,f3ce7b7a-d660-52cf-b819-c10cb66c1338,bank_fixed_incomes,CDB,BRBANKCDB4A4|00360305000104|2023-07-08|2026-07-01,SAIDA,RESGATE,NULL,2.915533,2902.21,2890.28,BRL,0929df61-1a79-5bae-9ead-e8b6f18bf74a,[]
9e22a589-e861-5dc1-899e-680bd197a983,2025-09-08,Nubank,f3ce7b7a-d660-52cf-b819-c10cb66c1338,bank_fixed_incomes,CDB,BRBANKCDB4A4|00360305000104|2022-08-02|2025-08-01,ENTRADA,APLICACAO,NULL,101.656674,101281.56,101281.56,BRL,31bb6cae-76f7-5e89-98cf-251b85bab32c,[]
9e22a589-e861-5dc1-899e-680bd197a983,2025-09-08,Nubank,f3ce7b7a-d660-52cf-b819-c10cb66c1338,treasure_titles,Tesouro Renda+ 2044,Tesouro Renda+ 2044,ENTRADA,COMPRA,NULL,23.16,45836.42,45836.42,BRL,3c68df19-b1e1-579c-bf51-a3a8812cec38,[]
9e22a589-e861-5dc1-899e-680bd197a983,2025-09-09,Nubank,f3ce7b7a-d660-52cf-b819-c10cb66c1338,treasure_titles,Tesouro IPCA+ com Juros Semestrais 2032,Tesouro IPCA+ com Juros Semestrais 2032,ENTRADA,COMPRA,NULL,3.52,5236.92,5236.92,BRL,292db7ae-e152-58f9-ac94-ed889ffa409e,[]
9e22a589-e861-5dc1-899e-680bd197a983,2025-09-09,Nubank,f3ce7b7a-d660-52cf-b819-c10cb66c1338,bank_fixed_incomes,RDB,BRBANKRDB1A1|18236120000158|2025-05-15|2028-05-01,SAIDA,RESGATE,NULL,56.232154,56045.46,55741.13,BRL,c23b22be-0cb3-542f-83f8-87518df0af91,[]
9e22a589-e861-5dc1-899e-680bd197a983,2025-09-11,Nubank,f3ce7b7a-d660-52cf-b819-c10cb66c1338,bank_fixed_incomes,CDB,BRBANKCDB0A0|30680829000143|2024-03-07|2027-03-01,ENTRADA,APLICACAO,NULL,121.910002,122385.45,122385.45,BRL,d08b03ac-c54c-5e77-b93d-0073deadfc4a,[]
9e22a589-e861-5dc1-899e-680bd197a983,2025-09-12,Nubank,f3ce7b7a-d660-52cf-b819-c10cb66c1338,bank_fixed_incomes,LCA,BRBANKLCA3A3|60746948000112|2020-12-16|2023-12-01,SAIDA,RESGATE,NULL,22.599021,22762.41,22649.82,BRL,09bf2628-6b04-56ef-a01e-6511ffcb34a8,[]
9e22a589-e861-5dc1-899e-680bd197a983,2025-09-12,Itau,3343bc26-23e3-5745-9c2a-932d111e9079,treasure_titles,Tesouro IPCA+ 2035,Tesouro IPCA+ 2035,ENTRADA,COMPRA,NULL,38.93,48951.56,48951.56,BRL,211c88bc-e9c9-52d4-be05-c6b54974d47a,[]
9e22a589-e861-5dc1-899e-680bd197a983,2025-09-15,C6 Bank,20f0fb4e-fcfa-51c7-8939-0f4ce5ed657f,variable_incomes,ITUB4,ITUB4,SAIDA,OUTROS,MOVIMENTACAO NAO CLASSIFICADA PELA INSTITUICAO,NULL,170.9,NULL,BRL,e25530f8-f1a0-50dd-8142-1a1ca428066e,[]
9e22a589-e861-5dc1-899e-680bd197a983,2025-09-16,Nubank,f3ce7b7a-d660-52cf-b819-c10cb66c1338,bank_fixed_incomes,CDB,BRBANKCDB0A0|30680829000143|2022-02-13|2025-02-01,ENTRADA,APLICACAO,NULL,39.64767,39782.08,39782.08,BRL,b35d6cbd-1b27-50cb-862f-a94381f88c87,[]
9e22a589-e861-5dc1-899e-680bd197a983,2025-09-19,Itau,3343bc26-23e3-5745-9c2a-932d111e9079,funds,SELECAO DIVIDENDOS FIC FIA,07059417000107,ENTRADA,OUTROS,MOVIMENTACAO NAO CLASSIFICADA PELA INSTITUICAO,3.484267,177.92,NULL,BRL,63a009ab-a4bc-545b-9e92-831198cc4cef,[]
9e22a589-e861-5dc1-899e-680bd197a983,2025-09-21,Nubank,f3ce7b7a-d660-52cf-b819-c10cb66c1338,bank_fixed_incomes,LCA,BRBANKLCA3A3|60746948000112|2024-07-14|2027-07-01,SAIDA,RESGATE,NULL,31.112871,30822.59,30687.21,BRL,48a7580f-1cb5-5704-8a6c-81e00ee32b29,[]
9e22a589-e861-5dc1-899e-680bd197a983,2025-09-22,Nubank,f3ce7b7a-d660-52cf-b819-c10cb66c1338,variable_incomes,BPAC11,BPAC11,ENTRADA,COMPRA,NULL,1076.0,50819.7,NULL,BRL,874079eb-d56d-5915-9389-4941270ff3a6,[]
9e22a589-e861-5dc1-899e-680bd197a983,2025-09-22,Nubank,f3ce7b7a-d660-52cf-b819-c10cb66c1338,treasure_titles,Tesouro Prefixado 2029,Tesouro Prefixado 2029,ENTRADA,COMPRA,NULL,166.97,125227.5,125227.5,BRL,d437f757-4853-5627-882c-71ef3295182a,[]
9e22a589-e861-5dc1-899e-680bd197a983,2025-09-23,Nubank,f3ce7b7a-d660-52cf-b819-c10cb66c1338,bank_fixed_incomes,RDB,BRBANKRDB5A5|60518222000122|2019-11-10|2022-11-01,SAIDA,RESGATE,NULL,28.563345,28450.23,28388.65,BRL,501b8c5d-6a29-5462-88d4-81a9c2b22e6a,[]
9e22a589-e861-5dc1-899e-680bd197a983,2025-09-23,Nubank,f3ce7b7a-d660-52cf-b819-c10cb66c1338,credit_fixed_incomes,OMEGA ENERGIA S.A.,BRCRASEC00A0|09149503000106|2026-06-15,ENTRADA,COMPRA,NULL,11.537315,11444.14,11444.14,BRL,f063870c-d0c3-5760-a3f1-b8e40393ab15,[]
9e22a589-e861-5dc1-899e-680bd197a983,2025-09-23,Nubank,f3ce7b7a-d660-52cf-b819-c10cb66c1338,bank_fixed_incomes,CDB,BRBANKCDB4A4|00360305000104|2023-07-08|2026-07-01,ENTRADA,APLICACAO,NULL,2.632564,2630.93,2630.93,BRL,f2f243b5-d826-5d62-ab6a-cb5b7d8f9779,[]
9e22a589-e861-5dc1-899e-680bd197a983,2025-09-25,Nubank,f3ce7b7a-d660-52cf-b819-c10cb66c1338,treasure_titles,Tesouro Prefixado 2029,Tesouro Prefixado 2029,SAIDA,OUTROS,NULL,10.54,7843.22,7843.22,BRL,41bc1e3a-2d4b-526e-b8e8-4c5407730715,[]
9e22a589-e861-5dc1-899e-680bd197a983,2025-09-25,Nubank,f3ce7b7a-d660-52cf-b819-c10cb66c1338,treasure_titles,Tesouro Renda+ 2044,Tesouro Renda+ 2044,ENTRADA,COMPRA,NULL,5.98,11864.38,11864.38,BRL,df003c2a-8a87-57d4-89fa-9d788a08dfc4,[]
9e22a589-e861-5dc1-899e-680bd197a983,2025-09-28,Nubank,f3ce7b7a-d660-52cf-b819-c10cb66c1338,bank_fixed_incomes,CDB,BRBANKCDB0A0|30680829000143|2021-03-21|2024-03-01,SAIDA,RESGATE,NULL,2.431167,2417.7,2407.4,BRL,63419279-c8e9-568e-88cc-dbf5fbec5522,[]
9e22a589-e861-5dc1-899e-680bd197a983,2025-09-29,Nubank,f3ce7b7a-d660-52cf-b819-c10cb66c1338,variable_incomes,PETR4,PETR4,SAIDA,JCP,NULL,NULL,2597.82,NULL,BRL,d6c05943-04a0-5b77-a7d0-5256f3efb9b5,[]
9e22a589-e861-5dc1-899e-680bd197a983,2025-09-30,Nubank,f3ce7b7a-d660-52cf-b819-c10cb66c1338,bank_fixed_incomes,CDB,BRBANKCDB0A0|30680829000143|2022-02-13|2025-02-01,SAIDA,RESGATE,NULL,31.832701,31706.96,31659.31,BRL,c298e5b0-1066-5a25-9540-ec4a4ca85018,[]
9e22a589-e861-5dc1-899e-680bd197a983,2025-10-01,Nubank,f3ce7b7a-d660-52cf-b819-c10cb66c1338,bank_fixed_incomes,CDB,BRBANKCDB0A0|30680829000143|2022-02-13|2025-02-01,SAIDA,RESGATE,NULL,59.875102,59886.48,59746.8,BRL,d0be8d11-413d-5b89-9d18-1bd6e6199996,[]
9e22a589-e861-5dc1-899e-680bd197a983,2025-10-04,Nubank,f3ce7b7a-d660-52cf-b819-c10cb66c1338,treasure_titles,Tesouro IPCA+ 2035,Tesouro IPCA+ 2035,ENTRADA,COMPRA,NULL,112.76,140950.0,140950.0,BRL,86c8ad64-8e38-540b-9a17-73fc6c01532b,[]
9e22a589-e861-5dc1-899e-680bd197a983,2025-10-04,Nubank,f3ce7b7a-d660-52cf-b819-c10cb66c1338,funds,TESOURO SELIC SIMPLES FIRF,32915987000180,ENTRADA,OUTROS,MOVIMENTACAO NAO CLASSIFICADA PELA INSTITUICAO,113.782829,7093.51,NULL,BRL,b2b7734c-d98d-5b2d-89e4-a80095826b73,[]
9e22a589-e861-5dc1-899e-680bd197a983,2025-10-05,Nubank,f3ce7b7a-d660-52cf-b819-c10cb66c1338,bank_fixed_incomes,RDB,BRBANKRDB5A5|60518222000122|2024-12-18|2027-12-01,SAIDA,RESGATE,NULL,60.083194,59537.64,59325.24,BRL,a310749b-4bb6-5804-8fd7-f8300f05d8b6,[]
9e22a589-e861-5dc1-899e-680bd197a983,2025-10-06,Nubank,f3ce7b7a-d660-52cf-b819-c10cb66c1338,treasure_titles,Tesouro Prefixado 2029,Tesouro Prefixado 2029,SAIDA,OUTROS,NULL,9.98,7381.82,7381.82,BRL,91d54dcd-1fec-512a-a3e0-64465382523a,[]
9e22a589-e861-5dc1-899e-680bd197a983,2025-10-06,Itau,3343bc26-23e3-5745-9c2a-932d111e9079,funds,SELECAO DIVIDENDOS FIC FIA,07059417000107,SAIDA,OUTROS,MOVIMENTACAO NAO CLASSIFICADA PELA INSTITUICAO,3.577772,179.73,NULL,BRL,963b6426-ec1a-52f7-96ca-dcbd9b283397,[]
9e22a589-e861-5dc1-899e-680bd197a983,2025-10-07,Nubank,f3ce7b7a-d660-52cf-b819-c10cb66c1338,bank_fixed_incomes,CDB,BRBANKCDB0A0|30680829000143|2024-07-04|2027-07-01,ENTRADA,OUTROS,NULL,1.840538,1834.74,1834.74,BRL,0f167f51-3cce-537a-bf3d-3a0088281917,[]
9e22a589-e861-5dc1-899e-680bd197a983,2025-10-08,C6 Bank,20f0fb4e-fcfa-51c7-8939-0f4ce5ed657f,treasure_titles,Tesouro Prefixado 2029,Tesouro Prefixado 2029,SAIDA,VENDA,NULL,9.25,6963.83,6937.7,BRL,48261785-d328-5e34-8972-0b2bd208f505,[]
9e22a589-e861-5dc1-899e-680bd197a983,2025-10-09,Nubank,f3ce7b7a-d660-52cf-b819-c10cb66c1338,funds,SPX NIMITZ ESTRUTURAL FIC FIM,34177667000185,SAIDA,RESGATE,NULL,866.70918,33216.81,33138.37,BRL,622df63b-d8a7-5e65-b098-f73e0f67e9b8,[]
9e22a589-e861-5dc1-899e-680bd197a983,2025-10-09,Nubank,f3ce7b7a-d660-52cf-b819-c10cb66c1338,treasure_titles,Tesouro IPCA+ com Juros Semestrais 2032,Tesouro IPCA+ com Juros Semestrais 2032,ENTRADA,COMPRA,NULL,33.02,49687.51,49687.51,BRL,f3cd14d7-22d9-5246-8f67-4b1d59f80165,[]
9e22a589-e861-5dc1-899e-680bd197a983,2025-10-10,Nubank,f3ce7b7a-d660-52cf-b819-c10cb66c1338,funds,SPX NIMITZ ESTRUTURAL FIC FIM,34177667000185,SAIDA,RESGATE,NULL,2513.18969,96504.3,96013.83,BRL,4831fb94-fd6a-56c0-8b19-879e84057dd4,[]
9e22a589-e861-5dc1-899e-680bd197a983,2025-10-10,Nubank,f3ce7b7a-d660-52cf-b819-c10cb66c1338,bank_fixed_incomes,CDB,BRBANKCDB0A0|30680829000143|2022-02-13|2025-02-01,SAIDA,RESGATE,NULL,62.160408,61885.66,61714.65,BRL,74520292-1eb7-5723-81b5-431f84ad0af3,[]
9e22a589-e861-5dc1-899e-680bd197a983,2025-10-10,Nubank,f3ce7b7a-d660-52cf-b819-c10cb66c1338,bank_fixed_incomes,CDB,BRBANKCDB0A0|30680829000143|2022-02-13|2025-02-01,ENTRADA,OUTROS,NULL,4.100382,4082.26,4082.26,BRL,dd73d888-0668-501c-9844-a31d0780b811,[]
9e22a589-e861-5dc1-899e-680bd197a983,2025-10-11,Nubank,f3ce7b7a-d660-52cf-b819-c10cb66c1338,variable_incomes,PETR4,PETR4,ENTRADA,COMPRA,NULL,2778.0,26928.82,NULL,BRL,667912e8-adf3-51d8-a265-c9723d630acb,[]
9e22a589-e861-5dc1-899e-680bd197a983,2025-10-13,Nubank,f3ce7b7a-d660-52cf-b819-c10cb66c1338,bank_fixed_incomes,LCI,BRBANKLCI2A2|30306294000145|2025-01-19|2028-01-01,SAIDA,RESGATE,NULL,63.225015,62963.9,62818.55,BRL,9be5710a-4b0a-5f1e-aa78-89c105254d5e,[]
9e22a589-e861-5dc1-899e-680bd197a983,2025-10-13,C6 Bank,20f0fb4e-fcfa-51c7-8939-0f4ce5ed657f,variable_incomes,WEGE3,WEGE3,SAIDA,JCP,NULL,NULL,345.69,NULL,BRL,b63557b5-92de-59e2-bb7c-07763f2ebaa8,[]
9e22a589-e861-5dc1-899e-680bd197a983,2025-10-13,Nubank,f3ce7b7a-d660-52cf-b819-c10cb66c1338,bank_fixed_incomes,CDB,BRBANKCDB4A4|00360305000104|2020-11-04|2023-11-01,SAIDA,RESGATE,NULL,6.050553,5998.09,5974.12,BRL,d095afc2-5a12-558d-b8e7-3745a8bb93f1,[]
9e22a589-e861-5dc1-899e-680bd197a983,2025-10-14,Nubank,f3ce7b7a-d660-52cf-b819-c10cb66c1338,funds,SELECAO DIVIDENDOS FIC FIA,07059417000107,ENTRADA,APLICACAO,NULL,807.70297,40789.0,NULL,BRL,471e681b-ae81-5fa3-8b0b-eafd89522d76,[]
9e22a589-e861-5dc1-899e-680bd197a983,2025-10-14,Nubank,f3ce7b7a-d660-52cf-b819-c10cb66c1338,bank_fixed_incomes,LCI,BRBANKLCI2A2|30306294000145|2024-08-29|2027-08-01,SAIDA,RESGATE,NULL,6.775779,6812.77,6810.48,BRL,80737109-fe50-5a4b-b1a2-20aab8bdfafc,[]
9e22a589-e861-5dc1-899e-680bd197a983,2025-10-14,Nubank,f3ce7b7a-d660-52cf-b819-c10cb66c1338,bank_fixed_incomes,LCI,BRBANKLCI2A2|30306294000145|2022-06-10|2025-06-01,SAIDA,RESGATE,NULL,20.463035,20448.92,20420.28,BRL,e4963df6-8bcc-5b8b-8e2b-ae0ed68f1dfb,[]
9e22a589-e861-5dc1-899e-680bd197a983,2025-10-15,Nubank,f3ce7b7a-d660-52cf-b819-c10cb66c1338,funds,IPCA LONGA DURACAO FIC FIRF,29562673000117,ENTRADA,APLICACAO,NULL,308.151869,4444.34,NULL,BRL,a5dfa422-11c9-59af-8ee8-5e2939ddca1a,[]
9e22a589-e861-5dc1-899e-680bd197a983,2025-10-16,Nubank,f3ce7b7a-d660-52cf-b819-c10cb66c1338,funds,IPCA LONGA DURACAO FIC FIRF,29562673000117,SAIDA,OUTROS,MOVIMENTACAO NAO CLASSIFICADA PELA INSTITUICAO,132.30914,1914.99,NULL,BRL,b3fac103-98c5-5cf5-989f-4a5974dca022,[]
9e22a589-e861-5dc1-899e-680bd197a983,2025-10-17,Nubank,f3ce7b7a-d660-52cf-b819-c10cb66c1338,bank_fixed_incomes,RDB,BRBANKRDB1A1|18236120000158|2020-08-04|2023-08-01,SAIDA,RESGATE,NULL,6.74827,6738.89,6729.51,BRL,1ba111f1-bc1c-5de8-8345-03da3bb62b32,[]
9e22a589-e861-5dc1-899e-680bd197a983,2025-10-18,C6 Bank,20f0fb4e-fcfa-51c7-8939-0f4ce5ed657f,bank_fixed_incomes,RDB,BRBANKRDB5A5|60518222000122|2022-10-21|2025-10-01,SAIDA,RESGATE,NULL,2.290117,2281.78,2274.48,BRL,58de456f-4e86-5129-ace9-d3268491f8eb,[]
9e22a589-e861-5dc1-899e-680bd197a983,2025-10-20,Nubank,f3ce7b7a-d660-52cf-b819-c10cb66c1338,bank_fixed_incomes,CDB,BRBANKCDB0A0|30680829000143|2024-07-04|2027-07-01,SAIDA,RESGATE,NULL,29.180637,29171.01,29055.39,BRL,1cc5b0ec-6c00-5244-b985-ebd1e0218fec,[]
9e22a589-e861-5dc1-899e-680bd197a983,2025-10-20,Nubank,f3ce7b7a-d660-52cf-b819-c10cb66c1338,funds,TESOURO SELIC SIMPLES FIRF,32915987000180,ENTRADA,OUTROS,MOVIMENTACAO NAO CLASSIFICADA PELA INSTITUICAO,98.829777,6158.95,NULL,BRL,59530c5a-7c80-5b7c-b376-9914820a75bd,[]
9e22a589-e861-5dc1-899e-680bd197a983,2025-10-21,Nubank,f3ce7b7a-d660-52cf-b819-c10cb66c1338,bank_fixed_incomes,RDB,BRBANKRDB5A5|60518222000122|2025-10-21|2028-10-01,ENTRADA,APLICACAO,NULL,25.528,25528.0,25528.0,BRL,35043879-0b93-5dd1-8617-c88b2053a1be,[]
9e22a589-e861-5dc1-899e-680bd197a983,2025-10-21,Nubank,f3ce7b7a-d660-52cf-b819-c10cb66c1338,bank_fixed_incomes,CDB,BRBANKCDB0A0|30680829000143|2025-06-30|2028-06-01,SAIDA,OUTROS,NULL,0.606277,604.91,604.91,BRL,5e49e314-c796-5f59-8169-bc4748a29b04,[]
9e22a589-e861-5dc1-899e-680bd197a983,2025-10-23,Nubank,f3ce7b7a-d660-52cf-b819-c10cb66c1338,variable_incomes,BPAC11,BPAC11,SAIDA,VENDA,NULL,1415.0,67392.63,NULL,BRL,0bcca6f6-8fbc-546e-90ee-2f7db4153a06,[]
9e22a589-e861-5dc1-899e-680bd197a983,2025-10-24,Nubank,f3ce7b7a-d660-52cf-b819-c10cb66c1338,bank_fixed_incomes,LCA,BRBANKLCA3A3|60746948000112|2022-03-09|2025-03-01,ENTRADA,APLICACAO,NULL,23.840003,23853.83,23853.83,BRL,76b781df-d5a6-57eb-97a0-2dcec6d120ce,[]
9e22a589-e861-5dc1-899e-680bd197a983,2025-10-25,Nubank,f3ce7b7a-d660-52cf-b819-c10cb66c1338,funds,IPCA LONGA DURACAO FIC FIRF,29562673000117,ENTRADA,APLICACAO,NULL,172.922667,2555.77,NULL,BRL,4526b08f-d1c0-51e8-937c-e43e556f495c,[]
9e22a589-e861-5dc1-899e-680bd197a983,2025-10-25,Nubank,f3ce7b7a-d660-52cf-b819-c10cb66c1338,treasure_titles,Tesouro IPCA+ 2029,Tesouro IPCA+ 2029,ENTRADA,COMPRA,NULL,210.55,210550.0,210550.0,BRL,5f6a9e5b-6978-5eaf-9ea7-4588acb342da,[]
9e22a589-e861-5dc1-899e-680bd197a983,2025-10-25,C6 Bank,20f0fb4e-fcfa-51c7-8939-0f4ce5ed657f,bank_fixed_incomes,RDB,BRBANKRDB1A1|18236120000158|2024-09-26|2027-09-01,SAIDA,RESGATE,NULL,43.122386,43528.17,43317.35,BRL,9930dbff-0514-5348-8864-fd1dab57507a,[]
9e22a589-e861-5dc1-899e-680bd197a983,2025-10-25,C6 Bank,20f0fb4e-fcfa-51c7-8939-0f4ce5ed657f,bank_fixed_incomes,LCI,BRBANKLCI2A2|30306294000145|2020-03-31|2023-03-01,SAIDA,RESGATE,NULL,39.465815,39187.58,39046.41,BRL,d6f58c9a-4c6a-5964-880f-a3bb1db78516,[]
9e22a589-e861-5dc1-899e-680bd197a983,2025-10-27,Nubank,f3ce7b7a-d660-52cf-b819-c10cb66c1338,funds,TESOURO SELIC SIMPLES FIRF,32915987000180,ENTRADA,APLICACAO,NULL,824.238115,51709.61,NULL,BRL,a993cf3f-7ef2-5e87-ad04-df5683ab6d9e,[]
9e22a589-e861-5dc1-899e-680bd197a983,2025-10-28,Nubank,f3ce7b7a-d660-52cf-b819-c10cb66c1338,treasure_titles,Tesouro IPCA+ com Juros Semestrais 2032,Tesouro IPCA+ com Juros Semestrais 2032,ENTRADA,COMPRA,NULL,18.16,27337.66,27337.66,BRL,17707929-9329-552f-90ab-cd1e9062bd13,[]
9e22a589-e861-5dc1-899e-680bd197a983,2025-10-28,Nubank,f3ce7b7a-d660-52cf-b819-c10cb66c1338,bank_fixed_incomes,RDB,BRBANKRDB5A5|60518222000122|2024-12-18|2027-12-01,SAIDA,OUTROS,NULL,7.985892,7990.12,7990.12,BRL,5143996c-95ea-5b9a-b421-fa516747f933,[]
9e22a589-e861-5dc1-899e-680bd197a983,2025-10-30,C6 Bank,20f0fb4e-fcfa-51c7-8939-0f4ce5ed657f,variable_incomes,ITUB4,ITUB4,SAIDA,VENDA,NULL,34.0,868.87,NULL,BRL,2ad0225a-1486-57ff-a4ff-856fc20e7c17,[]
9e22a589-e861-5dc1-899e-680bd197a983,2025-10-30,C6 Bank,20f0fb4e-fcfa-51c7-8939-0f4ce5ed657f,bank_fixed_incomes,LCA,BRBANKLCA3A3|60746948000112|2022-07-22|2025-07-01,ENTRADA,APLICACAO,NULL,87.053267,86366.42,86366.42,BRL,8a8eb729-44cb-5102-93a1-a3c15088fc6a,[]
9e22a589-e861-5dc1-899e-680bd197a983,2025-10-31,Nubank,f3ce7b7a-d660-52cf-b819-c10cb66c1338,funds,ALASKA BLACK FIC FIA - BDR NIVEL I,11052478000102,ENTRADA,APLICACAO,NULL,17343.336783,43902.06,NULL,BRL,51bbea73-8b4f-513a-b401-8db7201ab731,[]
9e22a589-e861-5dc1-899e-680bd197a983,2025-10-31,Nubank,f3ce7b7a-d660-52cf-b819-c10cb66c1338,bank_fixed_incomes,LCA,BRBANKLCA3A3|60746948000112|2022-03-09|2025-03-01,SAIDA,RESGATE,NULL,8.732452,8789.65,8769.65,BRL,a762f5e0-16a4-59ce-a172-9a3a228ec923,[]
9e22a589-e861-5dc1-899e-680bd197a983,2025-11-04,Nubank,f3ce7b7a-d660-52cf-b819-c10cb66c1338,bank_fixed_incomes,CDB,BRBANKCDB0A0|30680829000143|2022-02-13|2025-02-01,SAIDA,RESGATE,NULL,24.067174,24160.07,24104.68,BRL,280b80e5-f78a-540f-95cb-96f4d19bbf46,[]
9e22a589-e861-5dc1-899e-680bd197a983,2025-11-04,Nubank,f3ce7b7a-d660-52cf-b819-c10cb66c1338,bank_fixed_incomes,CDB,BRBANKCDB4A4|00360305000104|2025-06-25|2028-06-01,ENTRADA,APLICACAO,NULL,14.818374,14695.23,14695.23,BRL,767e8fbe-21ed-5531-80e6-7b761fe6c63f,[]
9e22a589-e861-5dc1-899e-680bd197a983,2025-11-05,Nubank,f3ce7b7a-d660-52cf-b819-c10cb66c1338,bank_fixed_incomes,LCI,BRBANKLCI2A2|30306294000145|2022-06-10|2025-06-01,SAIDA,RESGATE,NULL,32.39454,32096.51,32081.75,BRL,4c08e27f-9c43-59d7-90ea-1751062e929a,[]
9e22a589-e861-5dc1-899e-680bd197a983,2025-11-05,Nubank,f3ce7b7a-d660-52cf-b819-c10cb66c1338,bank_fixed_incomes,CDB,BRBANKCDB0A0|30680829000143|2022-05-17|2025-05-01,SAIDA,RESGATE,NULL,86.568693,86160.95,85970.16,BRL,ffac513a-c006-5457-9b7c-cf2fa0e6dbfa,[]
9e22a589-e861-5dc1-899e-680bd197a983,2025-11-07,Nubank,f3ce7b7a-d660-52cf-b819-c10cb66c1338,bank_fixed_incomes,RDB,BRBANKRDB1A1|18236120000158|2025-11-07|2028-11-01,ENTRADA,APLICACAO,NULL,91.517,91517.0,91517.0,BRL,0b57ad8f-4812-5d0e-a5bc-ef0fdf7f389e,[]
9e22a589-e861-5dc1-899e-680bd197a983,2025-11-07,Nubank,f3ce7b7a-d660-52cf-b819-c10cb66c1338,treasure_titles,Tesouro IPCA+ 2035,Tesouro IPCA+ 2035,ENTRADA,COMPRA,NULL,52.29,64894.83,64894.83,BRL,df175786-668f-5838-a4ec-d956adecc192,[]
9e22a589-e861-5dc1-899e-680bd197a983,2025-11-09,C6 Bank,20f0fb4e-fcfa-51c7-8939-0f4ce5ed657f,bank_fixed_incomes,LCI,BRBANKLCI2A2|30306294000145|2020-03-31|2023-03-01,SAIDA,RESGATE,NULL,103.096664,103656.48,103450.74,BRL,622be64b-fcb8-5fb8-9df4-fdda564a16f8,[]
9e22a589-e861-5dc1-899e-680bd197a983,2025-11-10,Itau,3343bc26-23e3-5745-9c2a-932d111e9079,funds,SPX NIMITZ ESTRUTURAL FIC FIM,34177667000185,SAIDA,RESGATE,NULL,239.123,9201.26,9179.91,BRL,c1c29d1f-36c4-5fcf-87f4-fe9874c8375a,[]
9e22a589-e861-5dc1-899e-680bd197a983,2025-11-10,Nubank,f3ce7b7a-d660-52cf-b819-c10cb66c1338,variable_incomes,ITUB4,ITUB4,ENTRADA,COMPRA,NULL,205.0,5125.0,NULL,BRL,cfef4c88-2a1d-5a50-a07f-30f5ed7f3ff9,[]
9e22a589-e861-5dc1-899e-680bd197a983,2025-11-11,Nubank,f3ce7b7a-d660-52cf-b819-c10cb66c1338,bank_fixed_incomes,CDB,BRBANKCDB0A0|30680829000143|2022-02-13|2025-02-01,SAIDA,OUTROS,NULL,5.920797,5903.75,5903.75,BRL,45a54aec-1123-50a1-bbb0-310d8f8b47d2,[]
9e22a589-e861-5dc1-899e-680bd197a983,2025-11-11,Nubank,f3ce7b7a-d660-52cf-b819-c10cb66c1338,bank_fixed_incomes,RDB,BRBANKRDB1A1|18236120000158|2020-08-04|2023-08-01,SAIDA,AMORTIZACAO,NULL,0.79984,802.44,800.1,BRL,8ce115ca-03e1-547d-8409-05b5ed53475a,[]
9e22a589-e861-5dc1-899e-680bd197a983,2025-11-11,Nubank,f3ce7b7a-d660-52cf-b819-c10cb66c1338,bank_fixed_incomes,RDB,BRBANKRDB5A5|60518222000122|2024-12-18|2027-12-01,ENTRADA,OUTROS,NULL,1.600718,1597.15,1597.15,BRL,d3bd5b96-e822-5f39-aaec-973cc750c0dd,[]
9e22a589-e861-5dc1-899e-680bd197a983,2025-11-13,Nubank,f3ce7b7a-d660-52cf-b819-c10cb66c1338,bank_fixed_incomes,RDB,BRBANKRDB5A5|60518222000122|2023-09-20|2026-09-01,SAIDA,RESGATE,NULL,7.076553,7137.84,7128.91,BRL,b4ecb29c-7afc-5e8c-82a4-8af36dedaecd,[]
9e22a589-e861-5dc1-899e-680bd197a983,2025-11-13,Nubank,f3ce7b7a-d660-52cf-b819-c10cb66c1338,bank_fixed_incomes,RDB,BRBANKRDB5A5|60518222000122|2019-11-10|2022-11-01,ENTRADA,APLICACAO,NULL,75.984762,75772.01,75772.01,BRL,c5b2af92-d203-5f17-9784-3f5318d86f2e,[]
9e22a589-e861-5dc1-899e-680bd197a983,2025-11-13,Nubank,f3ce7b7a-d660-52cf-b819-c10cb66c1338,bank_fixed_incomes,LCI,BRBANKLCI2A2|30306294000145|2023-09-29|2026-09-01,SAIDA,PAGAMENTO_JUROS,NULL,148.1,5661.47,5641.17,BRL,fe4f7681-9e0d-542b-be9b-3051c5e382a0,[]
9e22a589-e861-5dc1-899e-680bd197a983,2025-11-14,Nubank,f3ce7b7a-d660-52cf-b819-c10cb66c1338,bank_fixed_incomes,LCA,BRBANKLCA3A3|60746948000112|2025-11-14|2028-11-01,ENTRADA,APLICACAO,NULL,7.717,7717.0,7717.0,BRL,cc3702dc-2671-5608-87f7-df3b2f59c6bb,[]
9e22a589-e861-5dc1-899e-680bd197a983,2025-11-16,Nubank,f3ce7b7a-d660-52cf-b819-c10cb66c1338,variable_incomes,WEGE3,WEGE3,ENTRADA,COMPRA,NULL,1830.0,70725.84,NULL,BRL,4c245839-b3e4-5c72-b4f6-f81edccbd632,[]
9e22a589-e861-5dc1-899e-680bd197a983,2025-11-16,Nubank,f3ce7b7a-d660-52cf-b819-c10cb66c1338,bank_fixed_incomes,RDB,BRBANKRDB5A5|60518222000122|2024-12-18|2027-12-01,SAIDA,RESGATE,NULL,43.907673,43954.65,43749.29,BRL,6cb55678-901b-5f99-a3c0-db4753e7afb8,[]
9e22a589-e861-5dc1-899e-680bd197a983,2025-11-18,Nubank,f3ce7b7a-d660-52cf-b819-c10cb66c1338,funds,SPX NIMITZ ESTRUTURAL FIC FIM,34177667000185,ENTRADA,APLICACAO,NULL,1989.414273,77589.68,NULL,BRL,132f7d73-9619-58dc-a91d-f77eb2420201,[]
9e22a589-e861-5dc1-899e-680bd197a983,2025-11-18,Nubank,f3ce7b7a-d660-52cf-b819-c10cb66c1338,bank_fixed_incomes,RDB,BRBANKRDB5A5|60518222000122|2019-11-10|2022-11-01,SAIDA,RESGATE,NULL,48.546533,48392.64,48299.94,BRL,da629d85-cce6-5311-9c38-9d9f4d3dd065,[]
9e22a589-e861-5dc1-899e-680bd197a983,2025-11-20,Nubank,f3ce7b7a-d660-52cf-b819-c10cb66c1338,variable_incomes,ITUB4,ITUB4,SAIDA,DIVIDENDOS,NULL,NULL,3151.36,NULL,BRL,95152d6d-79c7-5581-8c31-23f51eaae401,[]
9e22a589-e861-5dc1-899e-680bd197a983,2025-11-20,Nubank,f3ce7b7a-d660-52cf-b819-c10cb66c1338,funds,TESOURO SELIC SIMPLES FIRF,32915987000180,ENTRADA,APLICACAO,NULL,1108.760277,70183.14,NULL,BRL,f0cacc85-b5ef-5030-9028-7c3b065ff732,[]
9e22a589-e861-5dc1-899e-680bd197a983,2025-11-21,Nubank,f3ce7b7a-d660-52cf-b819-c10cb66c1338,bank_fixed_incomes,LCI,BRBANKLCI2A2|30306294000145|2021-07-22|2024-07-01,SAIDA,RESGATE,NULL,26.880185,27089.31,27070.31,BRL,60fb8c22-f633-51ca-b7ef-63f34b2a14f4,[]
9e22a589-e861-5dc1-899e-680bd197a983,2025-11-21,Itau,3343bc26-23e3-5745-9c2a-932d111e9079,variable_incomes,HASH11,HASH11,ENTRADA,COMPRA,NULL,1198.0,72197.47,NULL,BRL,f172903e-83f3-5c3f-a015-bb2b07b56463,[]
9e22a589-e861-5dc1-899e-680bd197a983,2025-11-22,Nubank,f3ce7b7a-d660-52cf-b819-c10cb66c1338,treasure_titles,Tesouro Renda+ 2044,Tesouro Renda+ 2044,SAIDA,OUTROS,NULL,3.46,6990.9,6990.9,BRL,064eced7-1639-5394-8304-066c6c275f77,[]
9e22a589-e861-5dc1-899e-680bd197a983,2025-11-22,Nubank,f3ce7b7a-d660-52cf-b819-c10cb66c1338,variable_incomes,B3SA3,B3SA3,SAIDA,DIVIDENDOS,NULL,NULL,374.88,NULL,BRL,1aa3cd24-e932-5b6d-96d6-3c1d26785ad3,[]
9e22a589-e861-5dc1-899e-680bd197a983,2025-11-23,Nubank,f3ce7b7a-d660-52cf-b819-c10cb66c1338,bank_fixed_incomes,LCI,BRBANKLCI2A2|30306294000145|2024-08-29|2027-08-01,SAIDA,RESGATE,NULL,3.853608,3868.98,3857.09,BRL,79f24c57-2f6c-50fb-9c67-af05fe734daa,[]
9e22a589-e861-5dc1-899e-680bd197a983,2025-11-23,C6 Bank,20f0fb4e-fcfa-51c7-8939-0f4ce5ed657f,bank_fixed_incomes,CDB,BRBANKCDB4A4|00360305000104|2019-10-24|2022-10-01,SAIDA,RESGATE,NULL,12.694322,12773.41,12746.43,BRL,ada426af-1b12-5a52-9b19-32f345cc8dc7,[]
9e22a589-e861-5dc1-899e-680bd197a983,2025-11-23,Itau,3343bc26-23e3-5745-9c2a-932d111e9079,bank_fixed_incomes,LCA,BRBANKLCA3A3|60746948000112|2021-04-29|2024-04-01,ENTRADA,APLICACAO,NULL,16.667108,16751.78,16751.78,BRL,da666fb1-291c-58c2-9f2a-d30f0f438e7a,[]
9e22a589-e861-5dc1-899e-680bd197a983,2025-11-24,C6 Bank,20f0fb4e-fcfa-51c7-8939-0f4ce5ed657f,bank_fixed_incomes,RDB,BRBANKRDB5A5|60518222000122|2020-11-15|2023-11-01,SAIDA,AMORTIZACAO,NULL,9.398622,9359.15,9356.26,BRL,2ac4cc75-784e-5436-a561-9685fd130afa,[]
9e22a589-e861-5dc1-899e-680bd197a983,2025-11-24,Nubank,f3ce7b7a-d660-52cf-b819-c10cb66c1338,funds,IPCA LONGA DURACAO FIC FIRF,29562673000117,SAIDA,RESGATE,NULL,906.415799,13020.8,12968.12,BRL,e0a6f2c2-62c6-5a22-b85b-91b6c2f2c70e,[]
9e22a589-e861-5dc1-899e-680bd197a983,2025-11-24,Nubank,f3ce7b7a-d660-52cf-b819-c10cb66c1338,bank_fixed_incomes,CDB,BRBANKCDB4A4|00360305000104|2022-11-14|2025-11-01,SAIDA,RESGATE,NULL,96.522991,95986.32,95761.98,BRL,f08f4f35-f581-54fc-982c-99b791038ea7,[]
9e22a589-e861-5dc1-899e-680bd197a983,2025-11-25,C6 Bank,20f0fb4e-fcfa-51c7-8939-0f4ce5ed657f,bank_fixed_incomes,RDB,BRBANKRDB1A1|18236120000158|2022-02-16|2025-02-01,SAIDA,RESGATE,NULL,21.957488,21915.99,21831.21,BRL,08eeba40-096f-5d36-9054-b98dd06ea09a,[]
9e22a589-e861-5dc1-899e-680bd197a983,2025-11-25,C6 Bank,20f0fb4e-fcfa-51c7-8939-0f4ce5ed657f,bank_fixed_incomes,RDB,BRBANKRDB5A5|60518222000122|2020-11-15|2023-11-01,SAIDA,RESGATE,NULL,78.623571,78586.62,78553.73,BRL,85b1992e-92f6-5644-8353-65b78d6cd9f0,[]
9e22a589-e861-5dc1-899e-680bd197a983,2025-11-26,Nubank,f3ce7b7a-d660-52cf-b819-c10cb66c1338,treasure_titles,Tesouro Prefixado 2029,Tesouro Prefixado 2029,SAIDA,VENDA,NULL,38.46,28921.15,28798.05,BRL,b6be4e6c-c49d-5692-995c-8667155388b1,[]
9e22a589-e861-5dc1-899e-680bd197a983,2025-11-26,Nubank,f3ce7b7a-d660-52cf-b819-c10cb66c1338,bank_fixed_incomes,CDB,BRBANKCDB0A0|30680829000143|2024-07-04|2027-07-01,ENTRADA,APLICACAO,NULL,9.219511,9186.04,9186.04,BRL,bfb80b07-3e15-5d52-b556-55c0e3430684,[]
9e22a589-e861-5dc1-899e-680bd197a983,2025-11-26,Nubank,f3ce7b7a-d660-52cf-b819-c10cb66c1338,bank_fixed_incomes,RDB,BRBANKRDB5A5|60518222000122|2024-12-18|2027-12-01,SAIDA,PAGAMENTO_JUROS,NULL,133.274,6289.11,6282.56,BRL,d83d5e11-70aa-5c64-86b8-970e5a7f6def,[]
9e22a589-e861-5dc1-899e-680bd197a983,2025-11-27,Itau,3343bc26-23e3-5745-9c2a-932d111e9079,bank_fixed_incomes,LCA,BRBANKLCA3A3|60746948000112|2021-04-29|2024-04-01,SAIDA,PAGAMENTO_JUROS,NULL,65.223,495.41,494.27,BRL,2dbc4526-fda5-53e8-a3f5-73558410a245,[]
9e22a589-e861-5dc1-899e-680bd197a983,2025-11-27,Nubank,f3ce7b7a-d660-52cf-b819-c10cb66c1338,bank_fixed_incomes,CDB,BRBANKCDB0A0|30680829000143|2020-12-17|2023-12-01,SAIDA,RESGATE,NULL,26.225504,26420.36,26363.95,BRL,e58e654c-95cd-5098-b7e7-90f0ae9dc097,[]
9e22a589-e861-5dc1-899e-680bd197a983,2025-11-28,Nubank,f3ce7b7a-d660-52cf-b819-c10cb66c1338,bank_fixed_incomes,LCA,BRBANKLCA3A3|60746948000112|2025-11-14|2028-11-01,SAIDA,RESGATE,NULL,3.22687,3200.93,3188.34,BRL,5087df74-446f-5d5c-bfb6-ec958f444134,[]
9e22a589-e861-5dc1-899e-680bd197a983,2025-12-01,Nubank,f3ce7b7a-d660-52cf-b819-c10cb66c1338,treasure_titles,Tesouro IPCA+ com Juros Semestrais 2032,Tesouro IPCA+ com Juros Semestrais 2032,ENTRADA,COMPRA,NULL,5.85,8690.1,8690.1,BRL,40b2fce3-d853-57e1-94dd-642fb844b6f1,[]
9e22a589-e861-5dc1-899e-680bd197a983,2025-12-01,Nubank,f3ce7b7a-d660-52cf-b819-c10cb66c1338,bank_fixed_incomes,RDB,BRBANKRDB1A1|18236120000158|2024-01-05|2027-01-01,SAIDA,OUTROS,NULL,4.196842,4185.51,4185.51,BRL,5d6071c0-3c46-5129-878b-4aa526c8cd9d,[]
9e22a589-e861-5dc1-899e-680bd197a983,2025-12-01,C6 Bank,20f0fb4e-fcfa-51c7-8939-0f4ce5ed657f,bank_fixed_incomes,RDB,BRBANKRDB5A5|60518222000122|2020-11-15|2023-11-01,SAIDA,RESGATE,NULL,30.796293,30950.58,30872.25,BRL,9a46cfbd-b262-56f4-842a-f3545e885056,[]
9e22a589-e861-5dc1-899e-680bd197a983,2025-12-02,Nubank,f3ce7b7a-d660-52cf-b819-c10cb66c1338,funds,IPCA LONGA DURACAO FIC FIRF,29562673000117,SAIDA,COME_COTAS,NULL,117.032061,1718.38,1714.2,BRL,dc59c4a6-c7d8-5aae-ad59-a68a2726abf4,[]
9e22a589-e861-5dc1-899e-680bd197a983,2025-12-03,Nubank,f3ce7b7a-d660-52cf-b819-c10cb66c1338,funds,TESOURO SELIC SIMPLES FIRF,32915987000180,SAIDA,RESGATE,NULL,189.818226,11632.77,11598.93,BRL,43027ecd-36a4-57cd-9939-5057bf9f1e16,[]
9e22a589-e861-5dc1-899e-680bd197a983,2025-12-06,Itau,3343bc26-23e3-5745-9c2a-932d111e9079,funds,SPX NIMITZ ESTRUTURAL FIC FIM,34177667000185,SAIDA,RESGATE,NULL,570.522121,22062.19,22034.83,BRL,48f9f970-f59e-5a51-a6ac-8844b4ccf88e,[]
9e22a589-e861-5dc1-899e-680bd197a983,2025-12-07,C6 Bank,20f0fb4e-fcfa-51c7-8939-0f4ce5ed657f,bank_fixed_incomes,LCI,BRBANKLCI2A2|30306294000145|2020-03-31|2023-03-01,SAIDA,RESGATE,NULL,27.615059,27860.28,27791.71,BRL,08e945b8-e7b3-5ade-bd09-d8837d1614e7,[]
9e22a589-e861-5dc1-899e-680bd197a983,2025-12-07,Nubank,f3ce7b7a-d660-52cf-b819-c10cb66c1338,bank_fixed_incomes,RDB,BRBANKRDB5A5|60518222000122|2025-07-10|2028-07-01,SAIDA,RESGATE,NULL,25.510278,25698.54,25599.42,BRL,d65f6b5e-c3b8-5e51-ad4b-f93673418eef,[]
9e22a589-e861-5dc1-899e-680bd197a983,2025-12-10,Nubank,f3ce7b7a-d660-52cf-b819-c10cb66c1338,bank_fixed_incomes,CDB,BRBANKCDB0A0|30680829000143|2024-03-07|2027-03-01,SAIDA,RESGATE,NULL,122.586732,123142.05,123055.33,BRL,958d7201-a61c-5d75-9e68-69786d4f0a2a,[]
9e22a589-e861-5dc1-899e-680bd197a983,2025-12-11,Nubank,f3ce7b7a-d660-52cf-b819-c10cb66c1338,variable_incomes,PETR4,PETR4,SAIDA,VENDA,NULL,428.0,4216.48,NULL,BRL,bdb80d93-37f1-52e3-bd50-bc78db2cc553,[]
9e22a589-e861-5dc1-899e-680bd197a983,2025-12-13,Nubank,f3ce7b7a-d660-52cf-b819-c10cb66c1338,bank_fixed_incomes,LCI,BRBANKLCI2A2|30306294000145|2024-08-29|2027-08-01,ENTRADA,APLICACAO,NULL,12.535455,12444.2,12444.2,BRL,6e5221e5-df9b-5858-82d3-e113144763cf,[]
9e22a589-e861-5dc1-899e-680bd197a983,2025-12-13,Nubank,f3ce7b7a-d660-52cf-b819-c10cb66c1338,bank_fixed_incomes,RDB,BRBANKRDB5A5|60518222000122|2025-02-28|2028-02-01,SAIDA,RESGATE,NULL,31.428316,31282.17,31197.73,BRL,d091339c-a1c5-5bda-be76-e067429eb675,[]
9e22a589-e861-5dc1-899e-680bd197a983,2025-12-13,Nubank,f3ce7b7a-d660-52cf-b819-c10cb66c1338,bank_fixed_incomes,CDB,BRBANKCDB0A0|30680829000143|2024-03-07|2027-03-01,SAIDA,RESGATE,NULL,35.960741,35807.91,35682.74,BRL,de601673-553b-5df7-b29e-8b08f3ba951c,[]
9e22a589-e861-5dc1-899e-680bd197a983,2025-12-15,Nubank,f3ce7b7a-d660-52cf-b819-c10cb66c1338,bank_fixed_incomes,LCI,BRBANKLCI2A2|30306294000145|2021-07-22|2024-07-01,ENTRADA,TRANSFERENCIA_TITULARIDADE,NULL,38.435604,38465.2,38465.2,BRL,8e24b796-3fea-55a1-969c-4ec913294d31,[]
9e22a589-e861-5dc1-899e-680bd197a983,2025-12-16,Nubank,f3ce7b7a-d660-52cf-b819-c10cb66c1338,treasure_titles,Tesouro IPCA+ com Juros Semestrais 2032,Tesouro IPCA+ com Juros Semestrais 2032,ENTRADA,COMPRA,NULL,8.21,12398.31,12398.31,BRL,01741f56-49fa-5750-adf4-b606ce0ca9d6,[]
9e22a589-e861-5dc1-899e-680bd197a983,2025-12-16,Nubank,f3ce7b7a-d660-52cf-b819-c10cb66c1338,funds,TESOURO SELIC SIMPLES FIRF,32915987000180,SAIDA,RESGATE,NULL,469.491402,29156.59,29074.96,BRL,91a8211d-9913-516f-9353-1e73598ef80d,[]
9e22a589-e861-5dc1-899e-680bd197a983,2025-12-17,Nubank,f3ce7b7a-d660-52cf-b819-c10cb66c1338,funds,TESOURO SELIC SIMPLES FIRF,32915987000180,ENTRADA,APLICACAO,NULL,1709.951258,106572.71,NULL,BRL,0de19b2f-899e-53e9-bcdd-e9c5bb9f73e5,[]
9e22a589-e861-5dc1-899e-680bd197a983,2025-12-17,Nubank,f3ce7b7a-d660-52cf-b819-c10cb66c1338,bank_fixed_incomes,RDB,BRBANKRDB1A1|18236120000158|2021-05-06|2024-05-01,SAIDA,RESGATE,NULL,1.818677,1836.59,1829.78,BRL,1c277d6c-3220-5c25-90b8-32ae21fcea43,[]
9e22a589-e861-5dc1-899e-680bd197a983,2025-12-17,Nubank,f3ce7b7a-d660-52cf-b819-c10cb66c1338,bank_fixed_incomes,RDB,BRBANKRDB1A1|18236120000158|2025-05-15|2028-05-01,ENTRADA,APLICACAO,NULL,53.886188,54423.97,54423.97,BRL,3bf381ea-01ac-5f6d-95c6-612d33e3bc51,[]
9e22a589-e861-5dc1-899e-680bd197a983,2025-12-18,C6 Bank,20f0fb4e-fcfa-51c7-8939-0f4ce5ed657f,bank_fixed_incomes,LCA,BRBANKLCA3A3|60746948000112|2022-07-22|2025-07-01,SAIDA,RESGATE,NULL,57.714934,57415.39,57350.36,BRL,c444d90c-90c4-5ab1-926d-b04c40c284ce,[]
9e22a589-e861-5dc1-899e-680bd197a983,2025-12-19,Nubank,f3ce7b7a-d660-52cf-b819-c10cb66c1338,bank_fixed_incomes,CDB,BRBANKCDB0A0|30680829000143|2022-02-13|2025-02-01,SAIDA,RESGATE,NULL,26.471559,26720.66,26620.35,BRL,26d4d4ca-9252-59d8-b088-6cad284b89d6,[]
9e22a589-e861-5dc1-899e-680bd197a983,2025-12-19,Nubank,f3ce7b7a-d660-52cf-b819-c10cb66c1338,bank_fixed_incomes,CDB,BRBANKCDB0A0|30680829000143|2025-12-19|2028-12-01,ENTRADA,APLICACAO,NULL,182.159,182159.0,182159.0,BRL,a4447f05-cdea-5f42-b344-41b31eda5811,[]
9e22a589-e861-5dc1-899e-680bd197a983,2025-12-20,Nubank,f3ce7b7a-d660-52cf-b819-c10cb66c1338,bank_fixed_incomes,RDB,BRBANKRDB5A5|60518222000122|2025-10-21|2028-10-01,SAIDA,OUTROS,NULL,0.894842,890.4,890.4,BRL,4afc85d0-c70b-519f-8b8a-bd22bdd37360,[]
9e22a589-e861-5dc1-899e-680bd197a983,2025-12-21,C6 Bank,20f0fb4e-fcfa-51c7-8939-0f4ce5ed657f,bank_fixed_incomes,LCA,BRBANKLCA3A3|60746948000112|2022-07-22|2025-07-01,SAIDA,RESGATE,NULL,109.825479,110811.71,110403.4,BRL,2d3f55fd-542c-5802-9db0-52e88b20102e,[]
9e22a589-e861-5dc1-899e-680bd197a983,2025-12-22,Nubank,f3ce7b7a-d660-52cf-b819-c10cb66c1338,funds,IPCA LONGA DURACAO FIC FIRF,29562673000117,SAIDA,OUTROS,MOVIMENTACAO NAO CLASSIFICADA PELA INSTITUICAO,66.716074,955.1,NULL,BRL,87cee09d-4d4e-56a3-a777-42c544b5b0f1,[]
9e22a589-e861-5dc1-899e-680bd197a983,2025-12-22,Nubank,f3ce7b7a-d660-52cf-b819-c10cb66c1338,bank_fixed_incomes,CDB,BRBANKCDB4A4|00360305000104|2023-07-08|2026-07-01,SAIDA,PAGAMENTO_JUROS,NULL,27.123,694.53,693.68,BRL,9e1a1e2f-f2ef-5b93-a03e-bf96d0c247ec,[]
9e22a589-e861-5dc1-899e-680bd197a983,2025-12-22,Nubank,f3ce7b7a-d660-52cf-b819-c10cb66c1338,bank_fixed_incomes,LCI,BRBANKLCI2A2|30306294000145|2025-12-22|2028-12-01,ENTRADA,APLICACAO,NULL,202.028,202028.0,202028.0,BRL,a36241e5-d1d0-55fa-98ef-5e30416f74a1,[]
9e22a589-e861-5dc1-899e-680bd197a983,2025-12-23,C6 Bank,20f0fb4e-fcfa-51c7-8939-0f4ce5ed657f,bank_fixed_incomes,LCI,BRBANKLCI2A2|30306294000145|2025-12-23|2028-12-01,ENTRADA,APLICACAO,NULL,79.565,79565.0,79565.0,BRL,201eeefd-479a-57f1-8cf7-e52f2cf341e0,[]
9e22a589-e861-5dc1-899e-680bd197a983,2025-12-23,Nubank,f3ce7b7a-d660-52cf-b819-c10cb66c1338,variable_incomes,VALE3,VALE3,ENTRADA,COMPRA,NULL,3463.0,60212.22,NULL,BRL,c019de5b-7c92-5c90-9b52-1e7121a9e67a,[]
9e22a589-e861-5dc1-899e-680bd197a983,2025-12-24,Nubank,f3ce7b7a-d660-52cf-b819-c10cb66c1338,bank_fixed_incomes,LCI,BRBANKLCI2A2|30306294000145|2022-03-23|2025-03-01,SAIDA,RESGATE,NULL,39.601601,39662.98,39572.66,BRL,2d72be74-eb02-5589-a016-5ec14557fbeb,[]
9e22a589-e861-5dc1-899e-680bd197a983,2025-12-25,Itau,3343bc26-23e3-5745-9c2a-932d111e9079,variable_incomes,BBDC4,BBDC4,ENTRADA,COMPRA,NULL,857.0,27143.93,NULL,BRL,5e4bc356-6b6c-5180-8411-f1843b464a34,[]
9e22a589-e861-5dc1-899e-680bd197a983,2025-12-25,Nubank,f3ce7b7a-d660-52cf-b819-c10cb66c1338,treasure_titles,Tesouro IPCA+ com Juros Semestrais 2032,Tesouro IPCA+ com Juros Semestrais 2032,SAIDA,OUTROS,NULL,1.14,1722.72,1722.72,BRL,dcbaffe5-418f-5fa5-9810-25e9dcb4f8d0,[]
9e22a589-e861-5dc1-899e-680bd197a983,2025-12-26,Nubank,f3ce7b7a-d660-52cf-b819-c10cb66c1338,bank_fixed_incomes,CDB,BRBANKCDB0A0|30680829000143|2022-05-17|2025-05-01,SAIDA,RESGATE,NULL,62.922932,63364.02,63201.13,BRL,850bc3b3-c484-5522-bf3b-9cadc33e0742,[]
9e22a589-e861-5dc1-899e-680bd197a983,2025-12-26,C6 Bank,20f0fb4e-fcfa-51c7-8939-0f4ce5ed657f,bank_fixed_incomes,LCA,BRBANKLCA3A3|60746948000112|2025-12-26|2028-12-01,ENTRADA,APLICACAO,NULL,126.79,126790.0,126790.0,BRL,a0f6cd66-8da8-53fc-9103-59b8ea3cc263,[]
9e22a589-e861-5dc1-899e-680bd197a983,2025-12-28,Nubank,f3ce7b7a-d660-52cf-b819-c10cb66c1338,funds,TESOURO SELIC SIMPLES FIRF,32915987000180,SAIDA,RESGATE,NULL,952.046262,60209.79,60036.71,BRL,6844c730-9fcf-5c48-a0c5-df3ca44406b3,[]
9e22a589-e861-5dc1-899e-680bd197a983,2025-12-28,Nubank,f3ce7b7a-d660-52cf-b819-c10cb66c1338,funds,TESOURO SELIC SIMPLES FIRF,32915987000180,SAIDA,RESGATE,NULL,473.325177,29934.27,29889.7,BRL,c60fb51a-4a5f-5bc5-ba10-7d453f81f790,[]
9e22a589-e861-5dc1-899e-680bd197a983,2025-12-29,Itau,3343bc26-23e3-5745-9c2a-932d111e9079,variable_incomes,HASH11,HASH11,SAIDA,VENDA,NULL,517.0,33493.85,NULL,BRL,a2240905-aa29-5042-92aa-ac14bbc68e0d,[]
9e22a589-e861-5dc1-899e-680bd197a983,2025-12-30,Nubank,f3ce7b7a-d660-52cf-b819-c10cb66c1338,bank_fixed_incomes,RDB,BRBANKRDB5A5|60518222000122|2019-11-10|2022-11-01,SAIDA,PAGAMENTO_JUROS,NULL,222.687,1595.94,1591.75,BRL,bd1398a3-0a6d-52a7-aa22-e77f4c4a673f,[]
9e22a589-e861-5dc1-899e-680bd197a983,2025-12-30,Nubank,f3ce7b7a-d660-52cf-b819-c10cb66c1338,bank_fixed_incomes,RDB,BRBANKRDB5A5|60518222000122|2024-12-18|2027-12-01,SAIDA,PAGAMENTO_JUROS,NULL,133.274,5964.76,5945.25,BRL,d7812e72-f196-5c63-907c-e7b6282d1f71,[]
9e22a589-e861-5dc1-899e-680bd197a983,2025-12-31,Nubank,f3ce7b7a-d660-52cf-b819-c10cb66c1338,bank_fixed_incomes,CDB,BRBANKCDB0A0|30680829000143|2022-05-17|2025-05-01,SAIDA,RESGATE,NULL,31.879355,31564.71,31456.29,BRL,cb9f1659-0aca-5a95-a382-e3c93720b145,[]
9e22a589-e861-5dc1-899e-680bd197a983,2026-01-01,C6 Bank,20f0fb4e-fcfa-51c7-8939-0f4ce5ed657f,bank_fixed_incomes,LCA,BRBANKLCA3A3|60746948000112|2022-07-22|2025-07-01,ENTRADA,APLICACAO,NULL,60.9545,60558.91,60558.91,BRL,1092b728-ddf2-5b68-9fb2-1569e739a91c,[]
9e22a589-e861-5dc1-899e-680bd197a983,2026-01-03,Nubank,f3ce7b7a-d660-52cf-b819-c10cb66c1338,bank_fixed_incomes,CDB,BRBANKCDB4A4|00360305000104|2020-11-04|2023-11-01,ENTRADA,APLICACAO,NULL,6.365453,6323.89,6323.89,BRL,148a55c4-82b8-568c-935e-6eacefde67bc,[]
9e22a589-e861-5dc1-899e-680bd197a983,2026-01-03,Nubank,f3ce7b7a-d660-52cf-b819-c10cb66c1338,bank_fixed_incomes,RDB,BRBANKRDB5A5|60518222000122|2024-12-18|2027-12-01,SAIDA,RESGATE,NULL,53.701426,53316.92,53209.89,BRL,66384999-2bce-5434-b8df-43b3ebc099c4,[]
9e22a589-e861-5dc1-899e-680bd197a983,2026-01-03,Nubank,f3ce7b7a-d660-52cf-b819-c10cb66c1338,bank_fixed_incomes,RDB,BRBANKRDB5A5|60518222000122|2024-12-18|2027-12-01,SAIDA,RESGATE,NULL,54.459872,54069.94,53895.2,BRL,81daa9e3-a75b-58b6-9a90-a3fbb7d93ec9,[]
9e22a589-e861-5dc1-899e-680bd197a983,2026-01-03,Nubank,f3ce7b7a-d660-52cf-b819-c10cb66c1338,bank_fixed_incomes,LCI,BRBANKLCI2A2|30306294000145|2022-03-23|2025-03-01,SAIDA,RESGATE,NULL,27.378777,27498.7,27356.24,BRL,a70334e2-eab9-5ce5-9a79-e9f9fe8dd1fa,[]
9e22a589-e861-5dc1-899e-680bd197a983,2026-01-04,Nubank,f3ce7b7a-d660-52cf-b819-c10cb66c1338,treasure_titles,Tesouro IPCA+ com Juros Semestrais 2032,Tesouro IPCA+ com Juros Semestrais 2032,SAIDA,VENDA,NULL,11.59,17306.77,17265.39,BRL,156ea04d-818a-5689-9c68-5b413d48d869,[]
9e22a589-e861-5dc1-899e-680bd197a983,2026-01-05,Nubank,f3ce7b7a-d660-52cf-b819-c10cb66c1338,funds,SPX NIMITZ ESTRUTURAL FIC FIM,34177667000185,ENTRADA,APLICACAO,NULL,1500.633234,57684.25,NULL,BRL,759ec1e8-014a-5bc6-8bb3-7f45f99e7720,[]
9e22a589-e861-5dc1-899e-680bd197a983,2026-01-05,Nubank,f3ce7b7a-d660-52cf-b819-c10cb66c1338,bank_fixed_incomes,CDB,BRBANKCDB4A4|00360305000104|2025-06-25|2028-06-01,ENTRADA,APLICACAO,NULL,29.034457,29196.76,29196.76,BRL,7dfa4122-0aa6-573e-9e68-3a5ed6566fd0,[]
9e22a589-e861-5dc1-899e-680bd197a983,2026-01-05,Nubank,f3ce7b7a-d660-52cf-b819-c10cb66c1338,funds,TESOURO SELIC SIMPLES FIRF,32915987000180,SAIDA,RESGATE,NULL,318.678562,19866.82,19825.6,BRL,b2e0c0d9-ff2d-5d36-b3d2-694886c3f489,[]
9e22a589-e861-5dc1-899e-680bd197a983,2026-01-05,Nubank,f3ce7b7a-d660-52cf-b819-c10cb66c1338,bank_fixed_incomes,CDB,BRBANKCDB0A0|30680829000143|2022-02-13|2025-02-01,SAIDA,RESGATE,NULL,61.80666,61693.55,61442.68,BRL,cab608bd-eb0e-52b7-a337-c771649a5e08,[]
9e22a589-e861-5dc1-899e-680bd197a983,2026-01-05,C6 Bank,20f0fb4e-fcfa-51c7-8939-0f4ce5ed657f,credit_fixed_incomes,OMEGA ENERGIA S.A.,BRDEBSEC01A1|09149503000106|2031-06-15,ENTRADA,COMPRA,NULL,52.962519,52812.53,52812.53,BRL,e87baed2-9e41-5530-8f74-e58fbdbb9710,[]
9e22a589-e861-5dc1-899e-680bd197a983,2026-01-06,C6 Bank,20f0fb4e-fcfa-51c7-8939-0f4ce5ed657f,bank_fixed_incomes,RDB,BRBANKRDB5A5|60518222000122|2020-11-15|2023-11-01,SAIDA,RESGATE,NULL,11.830714,11749.32,11691.55,BRL,51d08147-afd3-50a1-b633-98a210ef8171,[]
9e22a589-e861-5dc1-899e-680bd197a983,2026-01-06,C6 Bank,20f0fb4e-fcfa-51c7-8939-0f4ce5ed657f,variable_incomes,WEGE3,WEGE3,SAIDA,DIVIDENDOS,NULL,NULL,245.01,NULL,BRL,89b22477-e6aa-545e-97ff-d05631dd7c73,[]
9e22a589-e861-5dc1-899e-680bd197a983,2026-01-06,Nubank,f3ce7b7a-d660-52cf-b819-c10cb66c1338,funds,TESOURO SELIC SIMPLES FIRF,32915987000180,ENTRADA,OUTROS,MOVIMENTACAO NAO CLASSIFICADA PELA INSTITUICAO,155.025934,9825.54,NULL,BRL,bb17d5d5-3e32-5acf-a98b-5b207cf7ed70,[]
9e22a589-e861-5dc1-899e-680bd197a983,2026-01-06,Nubank,f3ce7b7a-d660-52cf-b819-c10cb66c1338,bank_fixed_incomes,LCI,BRBANKLCI2A2|30306294000145|2024-11-11|2027-11-01,SAIDA,RESGATE,NULL,76.026289,76780.47,76496.54,BRL,cbe1abea-7ac9-5a0f-9181-682fe7b1c022,[]
9e22a589-e861-5dc1-899e-680bd197a983,2026-01-09,Itau,3343bc26-23e3-5745-9c2a-932d111e9079,bank_fixed_incomes,LCA,BRBANKLCA3A3|60746948000112|2021-04-29|2024-04-01,SAIDA,OUTROS,NULL,1.757499,1758.18,1758.18,BRL,6815f3d1-da56-52f1-aafd-b507421c81a4,[]
9e22a589-e861-5dc1-899e-680bd197a983,2026-01-10,Nubank,f3ce7b7a-d660-52cf-b819-c10cb66c1338,bank_fixed_incomes,LCI,BRBANKLCI2A2|30306294000145|2024-10-08|2027-10-01,SAIDA,RESGATE,NULL,12.39881,12410.59,12370.37,BRL,70663878-106f-5e47-8d80-586eb9c50521,[]
9e22a589-e861-5dc1-899e-680bd197a983,2026-01-11,Nubank,f3ce7b7a-d660-52cf-b819-c10cb66c1338,bank_fixed_incomes,RDB,BRBANKRDB5A5|60518222000122|2024-12-18|2027-12-01,SAIDA,RESGATE,NULL,60.711304,60280.25,60106.09,BRL,34c1dd75-dbad-513a-b830-2f9decb81156,[]
9e22a589-e861-5dc1-899e-680bd197a983,2026-01-11,Itau,3343bc26-23e3-5745-9c2a-932d111e9079,variable_incomes,HASH11,HASH11,SAIDA,VENDA,NULL,342.0,21077.46,NULL,BRL,dc925707-5d52-5edf-9084-b1cdf412e53e,[]
9e22a589-e861-5dc1-899e-680bd197a983,2026-01-11,Nubank,f3ce7b7a-d660-52cf-b819-c10cb66c1338,bank_fixed_incomes,LCI,BRBANKLCI2A2|30306294000145|2021-07-22|2024-07-01,SAIDA,OUTROS,NULL,2.479616,2491.89,2491.89,BRL,f48eeb1d-72f5-5db1-be87-aa5c96e2ec43,[]
9e22a589-e861-5dc1-899e-680bd197a983,2026-01-12,Nubank,f3ce7b7a-d660-52cf-b819-c10cb66c1338,bank_fixed_incomes,CDB,BRBANKCDB4A4|00360305000104|2023-07-08|2026-07-01,SAIDA,RESGATE,NULL,11.902661,11894.57,11853.13,BRL,b8ea08c0-d2dc-5034-bf3e-0d9e57a79667,[]
9e22a589-e861-5dc1-899e-680bd197a983,2026-01-13,Nubank,f3ce7b7a-d660-52cf-b819-c10cb66c1338,bank_fixed_incomes,LCI,BRBANKLCI2A2|30306294000145|2025-01-19|2028-01-01,SAIDA,RESGATE,NULL,16.998015,16858.29,16769.36,BRL,92157e05-f61b-5010-b756-060d2b0e1d8c,[]
9e22a589-e861-5dc1-899e-680bd197a983,2026-01-14,Itau,3343bc26-23e3-5745-9c2a-932d111e9079,bank_fixed_incomes,LCA,BRBANKLCA3A3|60746948000112|2021-04-29|2024-04-01,ENTRADA,APLICACAO,NULL,31.685671,31772.17,31772.17,BRL,19e613b2-c003-50db-9135-f9722f7d3799,[]
9e22a589-e861-5dc1-899e-680bd197a983,2026-01-14,Nubank,f3ce7b7a-d660-52cf-b819-c10cb66c1338,bank_fixed_incomes,CDB,BRBANKCDB0A0|30680829000143|2022-05-17|2025-05-01,SAIDA,RESGATE,NULL,43.162223,42810.02,42577.86,BRL,740d1f0b-0aa3-5c85-a7eb-cf419955aa48,[]
9e22a589-e861-5dc1-899e-680bd197a983,2026-01-14,Nubank,f3ce7b7a-d660-52cf-b819-c10cb66c1338,bank_fixed_incomes,LCA,BRBANKLCA3A3|60746948000112|2020-05-23|2023-05-01,SAIDA,RESGATE,NULL,7.462584,7525.72,7511.98,BRL,a65d0aec-0a09-5f86-8407-7144feac7ca1,[]
9e22a589-e861-5dc1-899e-680bd197a983,2026-01-15,Nubank,f3ce7b7a-d660-52cf-b819-c10cb66c1338,bank_fixed_incomes,CDB,BRBANKCDB0A0|30680829000143|2022-02-13|2025-02-01,SAIDA,RESGATE,NULL,40.648691,40609.26,40570.73,BRL,04c9b565-78d2-59a8-897f-580481f0018a,[]
9e22a589-e861-5dc1-899e-680bd197a983,2026-01-15,Nubank,f3ce7b7a-d660-52cf-b819-c10cb66c1338,bank_fixed_incomes,RDB,BRBANKRDB5A5|60518222000122|2019-11-10|2022-11-01,SAIDA,RESGATE,NULL,19.208328,19365.26,19346.02,BRL,1a8d5b1a-9006-5c28-bbcc-059b207d9d56,[]
9e22a589-e861-5dc1-899e-680bd197a983,2026-01-15,Nubank,f3ce7b7a-d660-52cf-b819-c10cb66c1338,treasure_titles,Tesouro Prefixado 2029,Tesouro Prefixado 2029,SAIDA,VENDA,NULL,133.11,101138.31,100693.29,BRL,3359148c-00ae-5eca-90e0-c5e731732a27,[]
9e22a589-e861-5dc1-899e-680bd197a983,2026-01-15,Nubank,f3ce7b7a-d660-52cf-b819-c10cb66c1338,bank_fixed_incomes,CDB,BRBANKCDB0A0|30680829000143|2024-03-07|2027-03-01,SAIDA,RESGATE,NULL,92.294003,91448.59,91083.99,BRL,412e627c-154a-5827-851f-d1b058fdd116,[]
9e22a589-e861-5dc1-899e-680bd197a983,2026-01-15,Nubank,f3ce7b7a-d660-52cf-b819-c10cb66c1338,bank_fixed_incomes,CDB,BRBANKCDB0A0|30680829000143|2022-02-13|2025-02-01,SAIDA,RESGATE,NULL,47.746594,47700.28,47509.06,BRL,5acbd0e6-a7d9-5113-b9c0-e5b847372461,[]
9e22a589-e861-5dc1-899e-680bd197a983,2026-01-16,C6 Bank,20f0fb4e-fcfa-51c7-8939-0f4ce5ed657f,bank_fixed_incomes,RDB,BRBANKRDB1A1|18236120000158|2024-06-26|2027-06-01,SAIDA,RESGATE,NULL,15.05332,14938.76,14885.47,BRL,2d396505-dba5-57e3-a112-68fdea1c7dc0,[]
9e22a589-e861-5dc1-899e-680bd197a983,2026-01-16,Nubank,f3ce7b7a-d660-52cf-b819-c10cb66c1338,bank_fixed_incomes,CDB,BRBANKCDB4A4|00360305000104|2020-11-04|2023-11-01,SAIDA,RESGATE,NULL,4.512247,4541.76,4534.04,BRL,ec2aa00a-f2c7-517d-80f8-a13a2450ff4c,[]
9e22a589-e861-5dc1-899e-680bd197a983,2026-01-17,Nubank,f3ce7b7a-d660-52cf-b819-c10cb66c1338,funds,ALASKA BLACK FIC FIA - BDR NIVEL I,11052478000102,ENTRADA,APLICACAO,NULL,21787.2,54468.0,NULL,BRL,37eb6e04-eea9-54d8-9e57-f58ed33416de,[]
9e22a589-e861-5dc1-899e-680bd197a983,2026-01-17,C6 Bank,20f0fb4e-fcfa-51c7-8939-0f4ce5ed657f,bank_fixed_incomes,LCA,BRBANKLCA3A3|60746948000112|2023-09-14|2026-09-01,ENTRADA,APLICACAO,NULL,94.708018,94357.6,94357.6,BRL,a6015874-c496-5c95-bb6f-09f09ba1416c,[]
9e22a589-e861-5dc1-899e-680bd197a983,2026-01-18,C6 Bank,20f0fb4e-fcfa-51c7-8939-0f4ce5ed657f,bank_fixed_incomes,RDB,BRBANKRDB5A5|60518222000122|2022-10-21|2025-10-01,SAIDA,OUTROS,NULL,1.359938,1371.39,1371.39,BRL,356a34e0-2dab-5556-a346-42b14020339d,[]
9e22a589-e861-5dc1-899e-680bd197a983,2026-01-19,Itau,3343bc26-23e3-5745-9c2a-932d111e9079,funds,SELECAO DIVIDENDOS FIC FIA,07059417000107,ENTRADA,APLICACAO,NULL,16.172525,812.89,NULL,BRL,7eafe71d-6689-556d-92cf-177635dd7308,[]
9e22a589-e861-5dc1-899e-680bd197a983,2026-01-19,Nubank,f3ce7b7a-d660-52cf-b819-c10cb66c1338,bank_fixed_incomes,LCA,BRBANKLCA3A3|60746948000112|2022-03-09|2025-03-01,ENTRADA,APLICACAO,NULL,43.56867,43241.47,43241.47,BRL,b31eddd8-85cf-50a9-a629-414c80a616aa,[]
9e22a589-e861-5dc1-899e-680bd197a983,2026-01-20,C6 Bank,20f0fb4e-fcfa-51c7-8939-0f4ce5ed657f,bank_fixed_incomes,RDB,BRBANKRDB1A1|18236120000158|2024-09-26|2027-09-01,SAIDA,VENCIMENTO,NULL,97.066,96820.42,96462.15,BRL,a426a62e-fc97-564a-953b-f5a4a0d9dfd8,[]
9e22a589-e861-5dc1-899e-680bd197a983,2026-01-21,Nubank,f3ce7b7a-d660-52cf-b819-c10cb66c1338,funds,TESOURO SELIC SIMPLES FIRF,32915987000180,ENTRADA,APLICACAO,NULL,827.229662,51652.22,NULL,BRL,7511aa0f-2e56-58bf-9d81-4e1dffa98252,[]
9e22a589-e861-5dc1-899e-680bd197a983,2026-01-21,Nubank,f3ce7b7a-d660-52cf-b819-c10cb66c1338,treasure_titles,Tesouro IPCA+ com Juros Semestrais 2032,Tesouro IPCA+ com Juros Semestrais 2032,ENTRADA,COMPRA,NULL,5.56,8402.42,8402.42,BRL,8c252b99-cadf-538d-acd0-9edbdfbe6a8a,[]
9e22a589-e861-5dc1-899e-680bd197a983,2026-01-21,C6 Bank,20f0fb4e-fcfa-51c7-8939-0f4ce5ed657f,bank_fixed_incomes,RDB,BRBANKRDB5A5|60518222000122|2022-10-21|2025-10-01,SAIDA,RESGATE,NULL,10.329852,10363.63,10346.94,BRL,d284ecdb-cdf3-5d51-9043-ea9a74dd2231,[]
9e22a589-e861-5dc1-899e-680bd197a983,2026-01-23,Nubank,f3ce7b7a-d660-52cf-b819-c10cb66c1338,credit_fixed_incomes,OMEGA ENERGIA S.A.,BRDEBSEC01A1|09149503000106|2029-06-15,SAIDA,VENDA,NULL,4.810835,4854.13,4840.99,BRL,aa4cddf3-c80c-5c00-a7c0-8e8a5629acd2,[]
9e22a589-e861-5dc1-899e-680bd197a983,2026-01-25,Nubank,f3ce7b7a-d660-52cf-b819-c10cb66c1338,treasure_titles,Tesouro Prefixado 2029,Tesouro Prefixado 2029,ENTRADA,COMPRA,NULL,24.84,18355.86,18355.86,BRL,0c9ff89e-a15b-581b-b151-55222e66e008,[]
9e22a589-e861-5dc1-899e-680bd197a983,2026-01-25,C6 Bank,20f0fb4e-fcfa-51c7-8939-0f4ce5ed657f,bank_fixed_incomes,RDB,BRBANKRDB1A1|18236120000158|2022-02-16|2025-02-01,SAIDA,RESGATE,NULL,48.045211,48163.4,48039.58,BRL,56d8619b-33e3-58cb-9ef9-887a1404ef87,[]
9e22a589-e861-5dc1-899e-680bd197a983,2026-01-26,C6 Bank,20f0fb4e-fcfa-51c7-8939-0f4ce5ed657f,bank_fixed_incomes,LCA,BRBANKLCA3A3|60746948000112|2022-07-22|2025-07-01,SAIDA,RESGATE,NULL,95.857061,95698.9,95422.4,BRL,9768bca8-0fcb-5510-a4f0-2cae28b983f2,[]
9e22a589-e861-5dc1-899e-680bd197a983,2026-01-26,Nubank,f3ce7b7a-d660-52cf-b819-c10cb66c1338,funds,IPCA LONGA DURACAO FIC FIRF,29562673000117,ENTRADA,APLICACAO,NULL,1003.349191,14741.77,NULL,BRL,a752b33a-1e27-56ee-97e4-20d81383bbe0,[]
9e22a589-e861-5dc1-899e-680bd197a983,2026-01-27,C6 Bank,20f0fb4e-fcfa-51c7-8939-0f4ce5ed657f,bank_fixed_incomes,RDB,BRBANKRDB5A5|60518222000122|2020-11-15|2023-11-01,ENTRADA,OUTROS,NULL,5.966733,5950.09,5950.09,BRL,c947f796-1ff2-5f5c-8526-a5a4bc70ae8b,[]
9e22a589-e861-5dc1-899e-680bd197a983,2026-01-28,Itau,3343bc26-23e3-5745-9c2a-932d111e9079,bank_fixed_incomes,LCA,BRBANKLCA3A3|60746948000112|2021-04-29|2024-04-01,SAIDA,OUTROS,NULL,3.716619,3729.22,3729.22,BRL,7634cd1a-e0f1-5b75-af32-8170ea61b15c,[]
9e22a589-e861-5dc1-899e-680bd197a983,2026-01-30,Itau,3343bc26-23e3-5745-9c2a-932d111e9079,funds,SPX NIMITZ ESTRUTURAL FIC FIM,34177667000185,ENTRADA,APLICACAO,NULL,657.193891,24859.69,NULL,BRL,23389cef-9aae-5a03-9b8b-f3333e7acfcf,[]
9e22a589-e861-5dc1-899e-680bd197a983,2026-01-30,Nubank,f3ce7b7a-d660-52cf-b819-c10cb66c1338,bank_fixed_incomes,LCA,BRBANKLCA3A3|60746948000112|2026-01-30|2029-01-01,ENTRADA,APLICACAO,NULL,24.386,24386.0,24386.0,BRL,2d13dc3f-ea9a-5763-8a07-2dbc7215e988,[]
9e22a589-e861-5dc1-899e-680bd197a983,2026-02-01,Nubank,f3ce7b7a-d660-52cf-b819-c10cb66c1338,funds,SPX NIMITZ ESTRUTURAL FIC FIM,34177667000185,ENTRADA,OUTROS,MOVIMENTACAO NAO CLASSIFICADA PELA INSTITUICAO,46.10254,1770.47,NULL,BRL,f1fce414-6364-5092-9577-4228486f6f38,[]
9e22a589-e861-5dc1-899e-680bd197a983,2026-02-02,Nubank,f3ce7b7a-d660-52cf-b819-c10cb66c1338,treasure_titles,Tesouro Prefixado 2029,Tesouro Prefixado 2029,ENTRADA,COMPRA,NULL,57.88,43673.06,43673.06,BRL,2b6ecd69-eb27-5017-833a-20f7bffc934c,[]
9e22a589-e861-5dc1-899e-680bd197a983,2026-02-02,Nubank,f3ce7b7a-d660-52cf-b819-c10cb66c1338,credit_fixed_incomes,MRS LOGISTICA S/A,BRCRISEC06A6|01417222000177|2027-06-15,ENTRADA,OUTROS,NULL,1.252704,1244.48,1244.48,BRL,3ed400b5-056e-52da-a1b5-ecb09c8a50a5,[]
9e22a589-e861-5dc1-899e-680bd197a983,2026-02-03,Nubank,f3ce7b7a-d660-52cf-b819-c10cb66c1338,bank_fixed_incomes,CDB,BRBANKCDB0A0|30680829000143|2022-02-13|2025-02-01,SAIDA,PAGAMENTO_JUROS,NULL,134.768,3192.57,3184.85,BRL,64625a54-a8ae-5118-89f7-78ba5bafef87,[]
9e22a589-e861-5dc1-899e-680bd197a983,2026-02-04,Nubank,f3ce7b7a-d660-52cf-b819-c10cb66c1338,funds,IPCA LONGA DURACAO FIC FIRF,29562673000117,ENTRADA,APLICACAO,NULL,421.074296,5997.39,NULL,BRL,024e4737-2772-546e-b4d6-2075b2c5882d,[]
9e22a589-e861-5dc1-899e-680bd197a983,2026-02-04,Nubank,f3ce7b7a-d660-52cf-b819-c10cb66c1338,bank_fixed_incomes,LCA,BRBANKLCA3A3|60746948000112|2024-07-14|2027-07-01,SAIDA,RESGATE,NULL,29.909918,30033.45,29932.69,BRL,62a118bb-ad6e-58d0-9cd9-a665fb9baad8,[]
9e22a589-e861-5dc1-899e-680bd197a983,2026-02-04,Nubank,f3ce7b7a-d660-52cf-b819-c10cb66c1338,credit_fixed_incomes,MRS LOGISTICA S/A,BRCRISEC06A6|01417222000177|2027-06-15,ENTRADA,COMPRA,NULL,14.406697,14387.85,14387.85,BRL,9e76472f-4f97-5f0f-bc69-f70e0992b828,[]
9e22a589-e861-5dc1-899e-680bd197a983,2026-02-04,Nubank,f3ce7b7a-d660-52cf-b819-c10cb66c1338,bank_fixed_incomes,CDB,BRBANKCDB0A0|30680829000143|2020-12-17|2023-12-01,SAIDA,RESGATE,NULL,30.255143,30367.09,30211.12,BRL,f114fcbb-9da2-5dc4-879c-d6252960a2f4,[]
9e22a589-e861-5dc1-899e-680bd197a983,2026-02-05,Itau,3343bc26-23e3-5745-9c2a-932d111e9079,variable_incomes,HASH11,HASH11,SAIDA,DIVIDENDOS,NULL,NULL,5438.59,NULL,BRL,4f11065e-98ad-5c46-a94f-2d300c452dcb,[]
9e22a589-e861-5dc1-899e-680bd197a983,2026-02-06,Nubank,f3ce7b7a-d660-52cf-b819-c10cb66c1338,funds,KAPITALO KAPPA FIC FIM,18318213000154,ENTRADA,OUTROS,MOVIMENTACAO NAO CLASSIFICADA PELA INSTITUICAO,0.776748,20.79,NULL,BRL,9685952e-74d9-5699-9046-99a481a17227,[]
9e22a589-e861-5dc1-899e-680bd197a983,2026-02-07,C6 Bank,20f0fb4e-fcfa-51c7-8939-0f4ce5ed657f,treasure_titles,Tesouro Prefixado 2029,Tesouro Prefixado 2029,SAIDA,VENDA,NULL,3.86,2908.07,2896.02,BRL,84208d4c-d7c5-5803-b610-2c5372cee40e,[]
9e22a589-e861-5dc1-899e-680bd197a983,2026-02-07,C6 Bank,20f0fb4e-fcfa-51c7-8939-0f4ce5ed657f,bank_fixed_incomes,RDB,BRBANKRDB1A1|18236120000158|2021-01-25|2024-01-01,SAIDA,RESGATE,NULL,70.169807,70036.48,69650.08,BRL,e3ab99ef-f2e6-525d-88bb-5288d8ff6164,[]
9e22a589-e861-5dc1-899e-680bd197a983,2026-02-08,Nubank,f3ce7b7a-d660-52cf-b819-c10cb66c1338,funds,ALASKA BLACK FIC FIA - BDR NIVEL I,11052478000102,ENTRADA,APLICACAO,NULL,15610.656127,39773.61,NULL,BRL,273fdfb7-bf51-5cbb-a7ed-b2d01b2bcd87,[]
9e22a589-e861-5dc1-899e-680bd197a983,2026-02-10,C6 Bank,20f0fb4e-fcfa-51c7-8939-0f4ce5ed657f,bank_fixed_incomes,RDB,BRBANKRDB1A1|18236120000158|2024-06-26|2027-06-01,SAIDA,RESGATE,NULL,8.876293,8850.73,8825.29,BRL,f394b9d5-40ca-5e87-bf7c-3eae396ce904,[]
9e22a589-e861-5dc1-899e-680bd197a983,2026-02-11,Itau,3343bc26-23e3-5745-9c2a-932d111e9079,variable_incomes,HASH11,HASH11,ENTRADA,COMPRA,NULL,1366.0,88598.76,NULL,BRL,29570eb0-920f-5537-871d-fdab69a121ee,[]
9e22a589-e861-5dc1-899e-680bd197a983,2026-02-11,C6 Bank,20f0fb4e-fcfa-51c7-8939-0f4ce5ed657f,bank_fixed_incomes,RDB,BRBANKRDB1A1|18236120000158|2022-02-16|2025-02-01,SAIDA,RESGATE,NULL,8.995683,8976.88,8955.56,BRL,45a719cc-c0dc-5c80-b41c-426e0eb00a2d,[]
9e22a589-e861-5dc1-899e-680bd197a983,2026-02-11,Nubank,f3ce7b7a-d660-52cf-b819-c10cb66c1338,treasure_titles,Tesouro Educa+ 2031,Tesouro Educa+ 2031,ENTRADA,COMPRA,NULL,32.01,72293.66,72293.66,BRL,8a427e22-bc89-5878-b21a-f7182715f6ae,[]
9e22a589-e861-5dc1-899e-680bd197a983,2026-02-12,Nubank,f3ce7b7a-d660-52cf-b819-c10cb66c1338,bank_fixed_incomes,RDB,BRBANKRDB1A1|18236120000158|2025-05-15|2028-05-01,SAIDA,RESGATE,NULL,69.698465,70263.02,70106.83,BRL,44b60335-c50c-585f-91c5-c95b19959cba,[]
9e22a589-e861-5dc1-899e-680bd197a983,2026-02-13,Nubank,f3ce7b7a-d660-52cf-b819-c10cb66c1338,bank_fixed_incomes,LCI,BRBANKLCI2A2|30306294000145|2024-12-27|2027-12-01,SAIDA,RESGATE,NULL,33.800927,34077.08,33922.25,BRL,0e7c7937-8a55-5cde-8c74-048f19840944,[]
9e22a589-e861-5dc1-899e-680bd197a983,2026-02-13,Nubank,f3ce7b7a-d660-52cf-b819-c10cb66c1338,funds,TESOURO SELIC SIMPLES FIRF,32915987000180,ENTRADA,APLICACAO,NULL,299.367529,18450.77,NULL,BRL,c0aac20d-9ea1-5269-8655-5716dceac915,[]
9e22a589-e861-5dc1-899e-680bd197a983,2026-02-14,Itau,3343bc26-23e3-5745-9c2a-932d111e9079,bank_fixed_incomes,LCA,BRBANKLCA3A3|60746948000112|2021-04-29|2024-04-01,SAIDA,RESGATE,NULL,12.94994,13000.7,12984.49,BRL,613fc8e3-49be-566b-bf7f-b0188384fa58,[]
9e22a589-e861-5dc1-899e-680bd197a983,2026-02-14,Nubank,f3ce7b7a-d660-52cf-b819-c10cb66c1338,bank_fixed_incomes,RDB,BRBANKRDB5A5|60518222000122|2025-02-28|2028-02-01,SAIDA,AMORTIZACAO,NULL,0.738627,738.37,736.39,BRL,ac3c02cc-da42-5e8b-9489-694c658b02f4,[]
9e22a589-e861-5dc1-899e-680bd197a983,2026-02-15,Nubank,f3ce7b7a-d660-52cf-b819-c10cb66c1338,bank_fixed_incomes,RDB,BRBANKRDB1A1|18236120000158|2020-03-29|2023-03-01,SAIDA,RESGATE,NULL,7.361959,7412.24,7377.09,BRL,d68fbc8d-7c70-5e59-8314-aef326e0d4b0,[]
9e22a589-e861-5dc1-899e-680bd197a983,2026-02-16,Nubank,f3ce7b7a-d660-52cf-b819-c10cb66c1338,funds,IPCA LONGA DURACAO FIC FIRF,29562673000117,ENTRADA,APLICACAO,NULL,544.46968,8038.18,NULL,BRL,08d20066-2c0e-536b-ba56-e8480809590e,[]
9e22a589-e861-5dc1-899e-680bd197a983,2026-02-16,Nubank,f3ce7b7a-d660-52cf-b819-c10cb66c1338,bank_fixed_incomes,RDB,BRBANKRDB1A1|18236120000158|2019-12-11|2022-12-01,ENTRADA,APLICACAO,NULL,9.150424,9129.84,9129.84,BRL,f83ef75d-1943-5b32-8ded-d353c4cfe6fb,[]
9e22a589-e861-5dc1-899e-680bd197a983,2026-02-17,Nubank,f3ce7b7a-d660-52cf-b819-c10cb66c1338,bank_fixed_incomes,CDB,BRBANKCDB0A0|30680829000143|2022-02-13|2025-02-01,ENTRADA,OUTROS,NULL,7.267428,7332.47,7332.47,BRL,4f3b1473-658c-55e3-9624-72caffe36cdd,[]
9e22a589-e861-5dc1-899e-680bd197a983,2026-02-18,Nubank,f3ce7b7a-d660-52cf-b819-c10cb66c1338,bank_fixed_incomes,CDB,BRBANKCDB0A0|30680829000143|2022-05-17|2025-05-01,SAIDA,RESGATE,NULL,90.462044,90435.81,90210.96,BRL,6f1abcb6-6cb3-5a02-8264-a80b6b4aa539,[]
9e22a589-e861-5dc1-899e-680bd197a983,2026-02-18,Itau,3343bc26-23e3-5745-9c2a-932d111e9079,bank_fixed_incomes,LCA,BRBANKLCA3A3|60746948000112|2021-04-29|2024-04-01,SAIDA,RESGATE,NULL,11.641074,11694.27,11679.79,BRL,cf91734c-c3bf-5e60-a201-9d42fbe4e185,[]
9e22a589-e861-5dc1-899e-680bd197a983,2026-02-18,Nubank,f3ce7b7a-d660-52cf-b819-c10cb66c1338,variable_incomes,ITUB4,ITUB4,ENTRADA,COMPRA,NULL,78.0,2009.2,NULL,BRL,fd571e7b-eda5-5953-9dfb-4dea7d10420e,[]
9e22a589-e861-5dc1-899e-680bd197a983,2026-02-19,Nubank,f3ce7b7a-d660-52cf-b819-c10cb66c1338,bank_fixed_incomes,RDB,BRBANKRDB5A5|60518222000122|2019-11-10|2022-11-01,SAIDA,OUTROS,NULL,11.058309,11035.42,11035.42,BRL,36dd53a8-117d-5b05-b835-440d781529ad,[]
9e22a589-e861-5dc1-899e-680bd197a983,2026-02-19,Nubank,f3ce7b7a-d660-52cf-b819-c10cb66c1338,bank_fixed_incomes,CDB,BRBANKCDB0A0|30680829000143|2022-02-13|2025-02-01,SAIDA,RESGATE,NULL,13.788841,13788.84,13752.41,BRL,5ded7494-011d-57f8-902e-ea019cb4ae13,[]
9e22a589-e861-5dc1-899e-680bd197a983,2026-02-19,Nubank,f3ce7b7a-d660-52cf-b819-c10cb66c1338,bank_fixed_incomes,RDB,BRBANKRDB1A1|18236120000158|2020-08-04|2023-08-01,ENTRADA,OUTROS,NULL,0.848809,842.18,842.18,BRL,a68608f9-d498-560f-bd23-291a61afeb33,[]
9e22a589-e861-5dc1-899e-680bd197a983,2026-02-20,Nubank,f3ce7b7a-d660-52cf-b819-c10cb66c1338,bank_fixed_incomes,LCI,BRBANKLCI2A2|30306294000145|2022-06-28|2025-06-01,SAIDA,RESGATE,NULL,36.753392,36521.48,36417.57,BRL,2ad1675a-b0a0-515b-bd55-cfc3e22348cf,[]
9e22a589-e861-5dc1-899e-680bd197a983,2026-02-20,Nubank,f3ce7b7a-d660-52cf-b819-c10cb66c1338,bank_fixed_incomes,RDB,BRBANKRDB5A5|60518222000122|2025-07-10|2028-07-01,SAIDA,VENCIMENTO,NULL,87.038,86226.81,86061.31,BRL,4b92ca6a-fc8f-5471-910a-58218ce1b3fc,[]
9e22a589-e861-5dc1-899e-680bd197a983,2026-02-20,Itau,3343bc26-23e3-5745-9c2a-932d111e9079,variable_incomes,HASH11,HASH11,ENTRADA,COMPRA,NULL,1113.0,71243.13,NULL,BRL,a3e9eca5-a9bb-5e5f-98ec-523f7834a64b,[]
9e22a589-e861-5dc1-899e-680bd197a983,2026-02-23,Nubank,f3ce7b7a-d660-52cf-b819-c10cb66c1338,bank_fixed_incomes,CDB,BRBANKCDB4A4|00360305000104|2023-07-08|2026-07-01,ENTRADA,APLICACAO,NULL,1.666425,1675.61,1675.61,BRL,e43bd34e-ad45-5828-9fe3-c715cd412144,[]
9e22a589-e861-5dc1-899e-680bd197a983,2026-02-25,C6 Bank,20f0fb4e-fcfa-51c7-8939-0f4ce5ed657f,bank_fixed_incomes,CDB,BRBANKCDB4A4|00360305000104|2024-04-20|2027-04-01,SAIDA,AMORTIZACAO,NULL,1.491124,1505.99,1501.19,BRL,6631d84e-d505-5863-b696-421829bb8ba6,[]
9e22a589-e861-5dc1-899e-680bd197a983,2026-02-27,Itau,3343bc26-23e3-5745-9c2a-932d111e9079,bank_fixed_incomes,RDB,BRBANKRDB1A1|18236120000158|2023-05-30|2026-05-01,SAIDA,RESGATE,NULL,15.622782,15723.08,15641.13,BRL,5d5f0355-e506-5b8c-8428-5aa15d500f75,[]
9e22a589-e861-5dc1-899e-680bd197a983,2026-02-28,Itau,3343bc26-23e3-5745-9c2a-932d111e9079,bank_fixed_incomes,LCA,BRBANKLCA3A3|60746948000112|2021-04-29|2024-04-01,SAIDA,RESGATE,NULL,29.773109,29976.76,29875.64,BRL,bf8dad21-97f3-5c58-b31f-9f57ba59321f,[]
9e22a589-e861-5dc1-899e-680bd197a983,2026-03-01,Nubank,f3ce7b7a-d660-52cf-b819-c10cb66c1338,variable_incomes,NULL,22ac5024-2e82-5174-b51e-6ebb963f5501,ENTRADA,COMPRA,NULL,1533.0,38325.0,NULL,BRL,4f16f2a8-ac1c-55fa-b691-c6667b7852a3,[]
9e22a589-e861-5dc1-899e-680bd197a983,2026-03-03,Nubank,f3ce7b7a-d660-52cf-b819-c10cb66c1338,bank_fixed_incomes,LCA,BRBANKLCA3A3|60746948000112|2025-11-14|2028-11-01,SAIDA,RESGATE,NULL,3.732503,3726.9,3721.14,BRL,1730f492-ab46-5c16-a633-da9ce7ab566d,[]
9e22a589-e861-5dc1-899e-680bd197a983,2026-03-03,Nubank,f3ce7b7a-d660-52cf-b819-c10cb66c1338,funds,TESOURO SELIC SIMPLES FIRF,32915987000180,SAIDA,RESGATE,NULL,366.717212,22481.14,22374.96,BRL,e3a4e6b9-498a-53e0-b9a4-621e4d024fda,[]
9e22a589-e861-5dc1-899e-680bd197a983,2026-03-03,Nubank,f3ce7b7a-d660-52cf-b819-c10cb66c1338,funds,SPX NIMITZ ESTRUTURAL FIC FIM,34177667000185,SAIDA,RESGATE,NULL,1572.064806,60718.17,60398.88,BRL,ed572377-f218-522b-9f08-ab34974e8327,[]
9e22a589-e861-5dc1-899e-680bd197a983,2026-03-04,Nubank,f3ce7b7a-d660-52cf-b819-c10cb66c1338,bank_fixed_incomes,CDB,BRBANKCDB4A4|00360305000104|2023-07-08|2026-07-01,SAIDA,RESGATE,NULL,5.056456,5055.14,5034.24,BRL,44f77ffd-5927-5a45-9060-dba2dcd8e6fa,[]
9e22a589-e861-5dc1-899e-680bd197a983,2026-03-07,C6 Bank,20f0fb4e-fcfa-51c7-8939-0f4ce5ed657f,bank_fixed_incomes,RDB,BRBANKRDB1A1|18236120000158|2024-06-26|2027-06-01,SAIDA,RESGATE,NULL,5.754454,5807.16,5799.92,BRL,014e9087-6632-59d4-87ba-9e5f8250b89e,[]
9e22a589-e861-5dc1-899e-680bd197a983,2026-03-08,Nubank,f3ce7b7a-d660-52cf-b819-c10cb66c1338,variable_incomes,HASH11,HASH11,ENTRADA,COMPRA,NULL,3182.0,198875.0,NULL,BRL,25fab7b4-686b-581e-9fa0-cccbadeb2187,[]
9e22a589-e861-5dc1-899e-680bd197a983,2026-03-08,Nubank,f3ce7b7a-d660-52cf-b819-c10cb66c1338,bank_fixed_incomes,RDB,BRBANKRDB1A1|18236120000158|2025-05-15|2028-05-01,ENTRADA,APLICACAO,NULL,88.800704,89407.21,89407.21,BRL,5d744b95-ae40-5f28-8dad-47fdbf7a4cb1,[]
9e22a589-e861-5dc1-899e-680bd197a983,2026-03-08,Nubank,f3ce7b7a-d660-52cf-b819-c10cb66c1338,variable_incomes,BPAC11,BPAC11,ENTRADA,COMPRA,NULL,589.0,28202.44,NULL,BRL,df803989-10cd-5390-912a-f2eadcbdc60f,[]
9e22a589-e861-5dc1-899e-680bd197a983,2026-03-08,Nubank,f3ce7b7a-d660-52cf-b819-c10cb66c1338,bank_fixed_incomes,CDB,BRBANKCDB0A0|30680829000143|2022-02-13|2025-02-01,SAIDA,RESGATE,NULL,30.594625,30482.04,30405.19,BRL,f2d7bea6-042f-5a28-a7f8-828a07c748b4,[]
9e22a589-e861-5dc1-899e-680bd197a983,2026-03-11,Nubank,f3ce7b7a-d660-52cf-b819-c10cb66c1338,treasure_titles,Tesouro Educa+ 2031,Tesouro Educa+ 2031,ENTRADA,COMPRA,NULL,16.24,36188.12,36188.12,BRL,6a8c33f9-c3d4-59dc-b852-6d13b3dee285,[]
9e22a589-e861-5dc1-899e-680bd197a983,2026-03-12,C6 Bank,20f0fb4e-fcfa-51c7-8939-0f4ce5ed657f,bank_fixed_incomes,RDB,BRBANKRDB1A1|18236120000158|2024-06-26|2027-06-01,ENTRADA,OUTROS,NULL,2.716945,2708.58,2708.58,BRL,0b3197de-9c7a-5558-8ebb-f3220b3e2587,[]
9e22a589-e861-5dc1-899e-680bd197a983,2026-03-12,Nubank,f3ce7b7a-d660-52cf-b819-c10cb66c1338,bank_fixed_incomes,CDB,BRBANKCDB4A4|00360305000104|2023-06-12|2026-06-01,SAIDA,RESGATE,NULL,24.805359,24859.68,24828.62,BRL,f07efff3-c8d3-5910-9bf4-50fcfc32739d,[]
9e22a589-e861-5dc1-899e-680bd197a983,2026-03-14,Nubank,f3ce7b7a-d660-52cf-b819-c10cb66c1338,treasure_titles,Tesouro IPCA+ com Juros Semestrais 2032,Tesouro IPCA+ com Juros Semestrais 2032,ENTRADA,COMPRA,NULL,36.34,54813.35,54813.35,BRL,0f0832a9-2345-5c05-8e6e-d2c0046994fd,[]
9e22a589-e861-5dc1-899e-680bd197a983,2026-03-14,Nubank,f3ce7b7a-d660-52cf-b819-c10cb66c1338,bank_fixed_incomes,RDB,BRBANKRDB1A1|18236120000158|2020-03-29|2023-03-01,SAIDA,RESGATE,NULL,30.037799,29865.08,29722.82,BRL,728fadc2-ac1e-5255-83db-e3a660f2aa84,[]
9e22a589-e861-5dc1-899e-680bd197a983,2026-03-14,Nubank,f3ce7b7a-d660-52cf-b819-c10cb66c1338,bank_fixed_incomes,RDB,BRBANKRDB5A5|60518222000122|2019-11-10|2022-11-01,SAIDA,RESGATE,NULL,90.938503,90771.18,90535.97,BRL,b4ad1f21-2729-5069-ac17-d2740eb28124,[]
9e22a589-e861-5dc1-899e-680bd197a983,2026-03-14,Nubank,f3ce7b7a-d660-52cf-b819-c10cb66c1338,bank_fixed_incomes,RDB,BRBANKRDB5A5|60518222000122|2024-12-18|2027-12-01,SAIDA,RESGATE,NULL,57.386442,57590.16,57383.88,BRL,bcb9395f-9a80-5119-af94-f39522dd3ead,[]
9e22a589-e861-5dc1-899e-680bd197a983,2026-03-15,Nubank,f3ce7b7a-d660-52cf-b819-c10cb66c1338,bank_fixed_incomes,CDB,BRBANKCDB4A4|00360305000104|2023-06-12|2026-06-01,SAIDA,RESGATE,NULL,22.144299,22155.15,22069.43,BRL,66792a81-a3cf-54f0-8346-6f2ddeff77bb,[]
9e22a589-e861-5dc1-899e-680bd197a983,2026-03-15,Nubank,f3ce7b7a-d660-52cf-b819-c10cb66c1338,bank_fixed_incomes,CDB,BRBANKCDB4A4|00360305000104|2023-09-19|2026-09-01,ENTRADA,APLICACAO,NULL,7.005719,6988.98,6988.98,BRL,6bce30d9-0801-5209-bb80-708a2114e592,[]
9e22a589-e861-5dc1-899e-680bd197a983,2026-03-15,Nubank,f3ce7b7a-d660-52cf-b819-c10cb66c1338,funds,TESOURO SELIC SIMPLES FIRF,32915987000180,SAIDA,RESGATE,NULL,1172.326676,73507.81,73336.27,BRL,b7e78800-2ef8-5b9d-969e-942465f8bbb4,[]
9e22a589-e861-5dc1-899e-680bd197a983,2026-03-16,Nubank,f3ce7b7a-d660-52cf-b819-c10cb66c1338,bank_fixed_incomes,CDB,BRBANKCDB0A0|30680829000143|2022-05-17|2025-05-01,SAIDA,RESGATE,NULL,15.968587,16089.63,16035.72,BRL,40b60a9b-9208-553d-ad50-5410476198e4,[]
9e22a589-e861-5dc1-899e-680bd197a983,2026-03-16,Nubank,f3ce7b7a-d660-52cf-b819-c10cb66c1338,bank_fixed_incomes,RDB,BRBANKRDB5A5|60518222000122|2025-10-21|2028-10-01,SAIDA,RESGATE,NULL,8.444756,8402.62,8371.22,BRL,e9afaf29-d769-5503-bb72-bf7ac136625f,[]
9e22a589-e861-5dc1-899e-680bd197a983,2026-03-16,Itau,3343bc26-23e3-5745-9c2a-932d111e9079,funds,SPX NIMITZ ESTRUTURAL FIC FIM,34177667000185,ENTRADA,APLICACAO,NULL,432.453856,16503.29,NULL,BRL,f3157918-07c0-5b8f-a770-3561b6d100b2,[]
9e22a589-e861-5dc1-899e-680bd197a983,2026-03-17,Nubank,f3ce7b7a-d660-52cf-b819-c10cb66c1338,bank_fixed_incomes,CDB,BRBANKCDB4A4|00360305000104|2023-09-19|2026-09-01,SAIDA,RESGATE,NULL,17.500797,17536.85,17512.4,BRL,651519de-ad9f-5bf1-8b0f-6c7cbca6b3f3,[]
9e22a589-e861-5dc1-899e-680bd197a983,2026-03-19,Nubank,f3ce7b7a-d660-52cf-b819-c10cb66c1338,bank_fixed_incomes,CDB,BRBANKCDB0A0|30680829000143|2022-02-13|2025-02-01,SAIDA,RESGATE,NULL,50.336926,50187.93,50023.39,BRL,af3509c7-05f6-5277-8788-4960b03a8250,[]
9e22a589-e861-5dc1-899e-680bd197a983,2026-03-20,C6 Bank,20f0fb4e-fcfa-51c7-8939-0f4ce5ed657f,bank_fixed_incomes,RDB,BRBANKRDB1A1|18236120000158|2024-06-26|2027-06-01,SAIDA,RESGATE,NULL,9.185806,9210.79,9186.72,BRL,54c04738-9b87-5d47-acd3-aa1a416344ca,[]
9e22a589-e861-5dc1-899e-680bd197a983,2026-03-22,Nubank,f3ce7b7a-d660-52cf-b819-c10cb66c1338,bank_fixed_incomes,RDB,BRBANKRDB1A1|18236120000158|2023-08-26|2026-08-01,SAIDA,RESGATE,NULL,19.320494,19298.28,19250.62,BRL,04d15fc8-15c7-5e40-98bf-1ad5ffa40d99,[]
9e22a589-e861-5dc1-899e-680bd197a983,2026-03-25,Nubank,f3ce7b7a-d660-52cf-b819-c10cb66c1338,funds,TESOURO SELIC SIMPLES FIRF,32915987000180,SAIDA,RESGATE,NULL,476.79968,30084.27,29963.3,BRL,0fc039e4-f9c0-5f92-858f-c01a306703bc,[]
9e22a589-e861-5dc1-899e-680bd197a983,2026-03-25,Nubank,f3ce7b7a-d660-52cf-b819-c10cb66c1338,bank_fixed_incomes,LCI,BRBANKLCI2A2|30306294000145|2022-06-10|2025-06-01,ENTRADA,OUTROS,NULL,7.766522,7753.09,7753.09,BRL,60584de0-00b5-516a-b716-2b4dfb42cd3f,[]
9e22a589-e861-5dc1-899e-680bd197a983,2026-03-26,Nubank,f3ce7b7a-d660-52cf-b819-c10cb66c1338,variable_incomes,NULL,22ac5024-2e82-5174-b51e-6ebb963f5501,SAIDA,VENDA,NULL,742.0,18462.44,NULL,BRL,047e5cde-3c83-5844-9bc7-004578a62aae,[]
9e22a589-e861-5dc1-899e-680bd197a983,2026-03-27,Nubank,f3ce7b7a-d660-52cf-b819-c10cb66c1338,bank_fixed_incomes,CDB,BRBANKCDB0A0|30680829000143|2024-07-04|2027-07-01,SAIDA,RESGATE,NULL,6.384558,6422.48,6399.0,BRL,27d8be6b-e423-5918-b10a-1164a2beedbd,[]
9e22a589-e861-5dc1-899e-680bd197a983,2026-03-27,Itau,3343bc26-23e3-5745-9c2a-932d111e9079,bank_fixed_incomes,LCA,BRBANKLCA3A3|60746948000112|2021-04-29|2024-04-01,SAIDA,RESGATE,NULL,12.014473,12118.04,12098.39,BRL,eecd19d6-ff0a-5b6a-bd82-bc4a601f092a,[]
9e22a589-e861-5dc1-899e-680bd197a983,2026-03-28,Nubank,f3ce7b7a-d660-52cf-b819-c10cb66c1338,treasure_titles,Tesouro Educa+ 2031,Tesouro Educa+ 2031,SAIDA,OUTROS,NULL,1.93,4367.32,4367.32,BRL,c3de7a32-45d3-5648-89e1-bb736e492ea9,[]
9e22a589-e861-5dc1-899e-680bd197a983,2026-03-30,Nubank,f3ce7b7a-d660-52cf-b819-c10cb66c1338,bank_fixed_incomes,RDB,BRBANKRDB1A1|18236120000158|2022-01-01|2025-01-01,SAIDA,RESGATE,NULL,3.681655,3709.49,3695.06,BRL,3075b38b-3cf7-53a6-a0c0-246d6116912a,[]
9e22a589-e861-5dc1-899e-680bd197a983,2026-03-30,Nubank,f3ce7b7a-d660-52cf-b819-c10cb66c1338,bank_fixed_incomes,LCI,BRBANKLCI2A2|30306294000145|2024-10-08|2027-10-01,SAIDA,RESGATE,NULL,6.245732,6303.76,6291.16,BRL,81d20c3e-1a05-5bc8-affb-7f1358efbcad,[]
9e22a589-e861-5dc1-899e-680bd197a983,2026-03-31,Nubank,f3ce7b7a-d660-52cf-b819-c10cb66c1338,bank_fixed_incomes,CDB,BRBANKCDB0A0|30680829000143|2022-02-13|2025-02-01,ENTRADA,APLICACAO,NULL,30.157206,29986.82,29986.82,BRL,5d9c6ed3-4bd3-5534-a816-780f2661ddb9,[]
9e22a589-e861-5dc1-899e-680bd197a983,2026-03-31,Nubank,f3ce7b7a-d660-52cf-b819-c10cb66c1338,variable_incomes,BPAC11,BPAC11,SAIDA,DIVIDENDOS,NULL,NULL,2877.91,NULL,BRL,889d5701-96bd-5578-b153-697edaa636d2,[]
9e22a589-e861-5dc1-899e-680bd197a983,2026-04-01,Nubank,f3ce7b7a-d660-52cf-b819-c10cb66c1338,bank_fixed_incomes,RDB,BRBANKRDB5A5|60518222000122|2024-12-18|2027-12-01,SAIDA,RESGATE,NULL,33.212376,32921.77,32810.43,BRL,c52bcbf1-a943-551b-94bf-1fa2161a2551,[]
9e22a589-e861-5dc1-899e-680bd197a983,2026-04-02,Itau,3343bc26-23e3-5745-9c2a-932d111e9079,bank_fixed_incomes,LCA,BRBANKLCA3A3|60746948000112|2024-08-07|2027-08-01,SAIDA,AMORTIZACAO,NULL,7.874458,7920.05,7907.58,BRL,d284fd68-9a71-5ee4-b3ea-ee6d35575f51,[]
9e22a589-e861-5dc1-899e-680bd197a983,2026-04-03,Nubank,f3ce7b7a-d660-52cf-b819-c10cb66c1338,variable_incomes,WEGE3,WEGE3,ENTRADA,COMPRA,NULL,176.0,7081.11,NULL,BRL,051195ab-b8cd-5466-bda3-6048e2c7a493,[]
9e22a589-e861-5dc1-899e-680bd197a983,2026-04-03,Itau,3343bc26-23e3-5745-9c2a-932d111e9079,funds,SELECAO DIVIDENDOS FIC FIA,07059417000107,SAIDA,RESGATE,NULL,68.641965,3506.35,3498.13,BRL,231162c0-b890-5666-a185-2c4e884fe9cc,[]
9e22a589-e861-5dc1-899e-680bd197a983,2026-04-03,Nubank,f3ce7b7a-d660-52cf-b819-c10cb66c1338,treasure_titles,Tesouro IPCA+ 2035,Tesouro IPCA+ 2035,ENTRADA,COMPRA,NULL,15.98,19972.6,19972.6,BRL,769acc5c-535d-56a1-8a0f-8e525191cf56,[]
9e22a589-e861-5dc1-899e-680bd197a983,2026-04-04,C6 Bank,20f0fb4e-fcfa-51c7-8939-0f4ce5ed657f,bank_fixed_incomes,LCA,BRBANKLCA3A3|60746948000112|2023-09-25|2026-09-01,SAIDA,RESGATE,NULL,104.881016,105702.23,105335.32,BRL,62e2cb44-cf21-51c9-b5cc-5159f17bdd02,[]
9e22a589-e861-5dc1-899e-680bd197a983,2026-04-05,C6 Bank,20f0fb4e-fcfa-51c7-8939-0f4ce5ed657f,bank_fixed_incomes,CDB,BRBANKCDB0A0|30680829000143|2022-02-03|2025-02-01,SAIDA,RESGATE,NULL,54.389431,54879.48,54783.2,BRL,69f550b0-1d21-538b-8f86-259d25ff1a93,[]
9e22a589-e861-5dc1-899e-680bd197a983,2026-04-09,Nubank,f3ce7b7a-d660-52cf-b819-c10cb66c1338,funds,TESOURO SELIC SIMPLES FIRF,32915987000180,SAIDA,RESGATE,NULL,949.54269,59371.34,59247.45,BRL,e3832113-ea59-59d5-935b-380fab88b945,[]
9e22a589-e861-5dc1-899e-680bd197a983,2026-04-11,Nubank,f3ce7b7a-d660-52cf-b819-c10cb66c1338,funds,TESOURO SELIC SIMPLES FIRF,32915987000180,SAIDA,RESGATE,NULL,648.492479,40507.27,40338.69,BRL,0408fe17-31ca-5ef8-b37b-0e679245e1b9,[]
9e22a589-e861-5dc1-899e-680bd197a983,2026-04-12,Nubank,f3ce7b7a-d660-52cf-b819-c10cb66c1338,bank_fixed_incomes,CDB,BRBANKCDB0A0|30680829000143|2024-03-07|2027-03-01,SAIDA,RESGATE,NULL,87.487753,86667.12,86534.51,BRL,13873bbe-ef7d-52a4-b110-b7214ec0d2c3,[]
9e22a589-e861-5dc1-899e-680bd197a983,2026-04-12,Nubank,f3ce7b7a-d660-52cf-b819-c10cb66c1338,treasure_titles,Tesouro IPCA+ 2029,Tesouro IPCA+ 2029,ENTRADA,COMPRA,NULL,34.84,34557.27,34557.27,BRL,ba18ab24-c64c-5ceb-a8bd-33c4f2dfb86f,[]
9e22a589-e861-5dc1-899e-680bd197a983,2026-04-12,Nubank,f3ce7b7a-d660-52cf-b819-c10cb66c1338,variable_incomes,NULL,22ac5024-2e82-5174-b51e-6ebb963f5501,SAIDA,OUTROS,MOVIMENTACAO NAO CLASSIFICADA PELA INSTITUICAO,NULL,1811.81,NULL,BRL,c68b057e-de6a-5286-a239-a4eab2048c5c,[]
9e22a589-e861-5dc1-899e-680bd197a983,2026-04-13,Itau,3343bc26-23e3-5745-9c2a-932d111e9079,bank_fixed_incomes,LCA,BRBANKLCA3A3|60746948000112|2021-04-29|2024-04-01,SAIDA,RESGATE,NULL,24.911895,24995.85,24889.96,BRL,3d168f02-27aa-5c97-8b9d-e48cf9457234,[]
9e22a589-e861-5dc1-899e-680bd197a983,2026-04-14,Nubank,f3ce7b7a-d660-52cf-b819-c10cb66c1338,bank_fixed_incomes,RDB,BRBANKRDB5A5|60518222000122|2024-12-18|2027-12-01,SAIDA,RESGATE,NULL,21.94677,21974.2,21878.51,BRL,0a35099c-7713-54f3-928d-7c80719d6c50,[]
9e22a589-e861-5dc1-899e-680bd197a983,2026-04-14,C6 Bank,20f0fb4e-fcfa-51c7-8939-0f4ce5ed657f,bank_fixed_incomes,LCA,BRBANKLCA3A3|60746948000112|2023-09-14|2026-09-01,ENTRADA,APLICACAO,NULL,44.625868,44975.29,44975.29,BRL,545ed05d-2f71-5604-a4c3-823899f2fc56,[]
9e22a589-e861-5dc1-899e-680bd197a983,2026-04-14,Nubank,f3ce7b7a-d660-52cf-b819-c10cb66c1338,funds,SPX NIMITZ ESTRUTURAL FIC FIM,34177667000185,ENTRADA,OUTROS,MOVIMENTACAO NAO CLASSIFICADA PELA INSTITUICAO,79.922345,3044.95,NULL,BRL,6a5459b7-50ea-5eaa-adb9-2132cf25fbef,[]
9e22a589-e861-5dc1-899e-680bd197a983,2026-04-15,Nubank,f3ce7b7a-d660-52cf-b819-c10cb66c1338,variable_incomes,BPAC11,BPAC11,ENTRADA,COMPRA,NULL,767.0,35839.38,NULL,BRL,ee535eb4-3958-528a-9fe3-9f31b4a0cb21,[]
9e22a589-e861-5dc1-899e-680bd197a983,2026-04-15,Nubank,f3ce7b7a-d660-52cf-b819-c10cb66c1338,variable_incomes,NULL,22ac5024-2e82-5174-b51e-6ebb963f5501,ENTRADA,COMPRA,NULL,497.0,12759.98,NULL,BRL,f8113fae-ae0d-5945-8376-233969255eaf,[]
9e22a589-e861-5dc1-899e-680bd197a983,2026-04-16,Nubank,f3ce7b7a-d660-52cf-b819-c10cb66c1338,funds,TESOURO SELIC SIMPLES FIRF,32915987000180,SAIDA,RESGATE,NULL,409.031591,25952.54,25894.28,BRL,b57d4a7b-bf44-549a-91aa-a21147ef211f,[]
9e22a589-e861-5dc1-899e-680bd197a983,2026-04-17,Nubank,f3ce7b7a-d660-52cf-b819-c10cb66c1338,funds,TESOURO SELIC SIMPLES FIRF,32915987000180,SAIDA,RESGATE,NULL,325.0352,20440.65,20371.85,BRL,92b0a863-3571-556e-b07b-b023d4e3af5f,[]
9e22a589-e861-5dc1-899e-680bd197a983,2026-04-18,Nubank,f3ce7b7a-d660-52cf-b819-c10cb66c1338,funds,TESOURO SELIC SIMPLES FIRF,32915987000180,SAIDA,OUTROS,MOVIMENTACAO NAO CLASSIFICADA PELA INSTITUICAO,129.71996,7991.24,NULL,BRL,015169f7-112f-558a-9a90-cbfe6187758b,[]
9e22a589-e861-5dc1-899e-680bd197a983,2026-04-18,Itau,3343bc26-23e3-5745-9c2a-932d111e9079,bank_fixed_incomes,LCA,BRBANKLCA3A3|60746948000112|2021-04-29|2024-04-01,SAIDA,RESGATE,NULL,12.863429,12925.95,12896.35,BRL,e997a691-9f38-5aac-8344-539767abf239,[]
9e22a589-e861-5dc1-899e-680bd197a983,2026-04-18,Nubank,f3ce7b7a-d660-52cf-b819-c10cb66c1338,bank_fixed_incomes,CDB,BRBANKCDB0A0|30680829000143|2022-02-13|2025-02-01,SAIDA,RESGATE,NULL,19.093131,19256.95,19197.75,BRL,f6f2eb83-08a2-5c96-940c-2321b26276d4,[]
9e22a589-e861-5dc1-899e-680bd197a983,2026-04-20,Nubank,f3ce7b7a-d660-52cf-b819-c10cb66c1338,bank_fixed_incomes,RDB,BRBANKRDB5A5|60518222000122|2025-07-10|2028-07-01,SAIDA,RESGATE,NULL,42.049988,42434.75,42220.17,BRL,af548f39-542b-5af6-8392-976b6b10e91d,[]
9e22a589-e861-5dc1-899e-680bd197a983,2026-04-21,Nubank,f3ce7b7a-d660-52cf-b819-c10cb66c1338,treasure_titles,Tesouro IPCA+ com Juros Semestrais 2032,Tesouro IPCA+ com Juros Semestrais 2032,ENTRADA,COMPRA,NULL,13.97,21053.07,21053.07,BRL,07759f7e-0857-5dc3-94d5-68bfc02fe4b8,[]
9e22a589-e861-5dc1-899e-680bd197a983,2026-04-21,Nubank,f3ce7b7a-d660-52cf-b819-c10cb66c1338,variable_incomes,B3SA3,B3SA3,SAIDA,DIVIDENDOS,NULL,NULL,2747.28,NULL,BRL,3c904280-5b02-542d-b92c-05e9807fa87d,[]
9e22a589-e861-5dc1-899e-680bd197a983,2026-04-21,Nubank,f3ce7b7a-d660-52cf-b819-c10cb66c1338,bank_fixed_incomes,RDB,BRBANKRDB1A1|18236120000158|2025-05-15|2028-05-01,SAIDA,RESGATE,NULL,49.498418,49571.68,49416.58,BRL,5abe269f-dd69-509c-b6b5-b4e1c49f417d,[]
9e22a589-e861-5dc1-899e-680bd197a983,2026-04-23,Nubank,f3ce7b7a-d660-52cf-b819-c10cb66c1338,treasure_titles,Tesouro IPCA+ 2035,Tesouro IPCA+ 2035,ENTRADA,COMPRA,NULL,12.05,14932.36,14932.36,BRL,34fce1db-ad05-5b51-91b2-5981ff110fdd,[]
9e22a589-e861-5dc1-899e-680bd197a983,2026-04-23,Nubank,f3ce7b7a-d660-52cf-b819-c10cb66c1338,bank_fixed_incomes,LCA,BRBANKLCA3A3|60746948000112|2024-05-16|2027-05-01,ENTRADA,APLICACAO,NULL,52.648465,52736.91,52736.91,BRL,4cdf0c5c-af39-5c20-b1e5-61f7509e9ead,[]
9e22a589-e861-5dc1-899e-680bd197a983,2026-04-23,Nubank,f3ce7b7a-d660-52cf-b819-c10cb66c1338,bank_fixed_incomes,LCA,BRBANKLCA3A3|60746948000112|2024-12-12|2027-12-01,ENTRADA,APLICACAO,NULL,7.68709,7616.6,7616.6,BRL,6944a84c-2755-5406-ab87-07369aa90b3e,[]
9e22a589-e861-5dc1-899e-680bd197a983,2026-04-24,Nubank,f3ce7b7a-d660-52cf-b819-c10cb66c1338,funds,IPCA LONGA DURACAO FIC FIRF,29562673000117,ENTRADA,OUTROS,MOVIMENTACAO NAO CLASSIFICADA PELA INSTITUICAO,67.593762,963.25,NULL,BRL,28ec0366-3ca6-5f3e-a96e-6e8562c3d1b8,[]
9e22a589-e861-5dc1-899e-680bd197a983,2026-04-24,Itau,3343bc26-23e3-5745-9c2a-932d111e9079,bank_fixed_incomes,CDB,BRBANKCDB0A0|30680829000143|2020-07-11|2023-07-01,SAIDA,VENCIMENTO,NULL,245.713,247025.11,246436.18,BRL,fb7591c0-0a89-574e-894f-67eb37693ecb,[]
9e22a589-e861-5dc1-899e-680bd197a983,2026-04-25,Nubank,f3ce7b7a-d660-52cf-b819-c10cb66c1338,funds,IPCA LONGA DURACAO FIC FIRF,29562673000117,SAIDA,AMORTIZACAO,NULL,92.049953,1345.32,1342.15,BRL,0093dc5c-4f81-5a91-ad10-16928ed3ebb3,[]
9e22a589-e861-5dc1-899e-680bd197a983,2026-04-25,Nubank,f3ce7b7a-d660-52cf-b819-c10cb66c1338,bank_fixed_incomes,RDB,BRBANKRDB5A5|60518222000122|2026-04-25|2029-04-01,ENTRADA,APLICACAO,NULL,150.396,150396.0,150396.0,BRL,32aa3262-93ff-5b20-9680-c394937df204,[]
9e22a589-e861-5dc1-899e-680bd197a983,2026-04-25,Nubank,f3ce7b7a-d660-52cf-b819-c10cb66c1338,bank_fixed_incomes,LCA,BRBANKLCA3A3|60746948000112|2024-12-12|2027-12-01,SAIDA,RESGATE,NULL,3.667776,3645.0,3627.44,BRL,6a05c01b-5a7d-5e67-8725-8764a769a23f,[]
9e22a589-e861-5dc1-899e-680bd197a983,2026-04-25,Nubank,f3ce7b7a-d660-52cf-b819-c10cb66c1338,bank_fixed_incomes,CDB,BRBANKCDB0A0|30680829000143|2024-03-07|2027-03-01,ENTRADA,APLICACAO,NULL,24.201581,24008.45,24008.45,BRL,a0b2b830-9772-5ab3-9d5b-785225d1b94e,[]
9e22a589-e861-5dc1-899e-680bd197a983,2026-04-27,Nubank,f3ce7b7a-d660-52cf-b819-c10cb66c1338,bank_fixed_incomes,RDB,BRBANKRDB5A5|60518222000122|2025-05-05|2028-05-01,SAIDA,RESGATE,NULL,45.855421,46313.06,46128.93,BRL,37df5741-07e7-5ed4-aa4d-08fa99fdcf44,[]
9e22a589-e861-5dc1-899e-680bd197a983,2026-04-28,Nubank,f3ce7b7a-d660-52cf-b819-c10cb66c1338,bank_fixed_incomes,LCA,BRBANKLCA3A3|60746948000112|2021-03-31|2024-03-01,SAIDA,OUTROS,NULL,1.045049,1039.83,1039.83,BRL,d905a1ba-82ab-59af-a783-434c98335bbe,[]
9e22a589-e861-5dc1-899e-680bd197a983,2026-04-28,Nubank,f3ce7b7a-d660-52cf-b819-c10cb66c1338,funds,SPX NIMITZ ESTRUTURAL FIC FIM,34177667000185,SAIDA,RESGATE,NULL,1134.687665,43311.53,43212.55,BRL,e00675f6-a0a5-5780-a570-8e5e743e72e3,[]
9e22a589-e861-5dc1-899e-680bd197a983,2026-04-29,Nubank,f3ce7b7a-d660-52cf-b819-c10cb66c1338,bank_fixed_incomes,CDB,BRBANKCDB0A0|30680829000143|2022-02-13|2025-02-01,SAIDA,RESGATE,NULL,62.684691,62845.79,62611.17,BRL,275b3261-97c3-5b87-bf96-5b982faf692c,[]
9e22a589-e861-5dc1-899e-680bd197a983,2026-04-29,Nubank,f3ce7b7a-d660-52cf-b819-c10cb66c1338,funds,TESOURO SELIC SIMPLES FIRF,32915987000180,ENTRADA,APLICACAO,NULL,917.634703,56571.03,NULL,BRL,4c30197a-24b5-5483-b023-136c3969a9e1,[]
9e22a589-e861-5dc1-899e-680bd197a983,2026-04-30,Nubank,f3ce7b7a-d660-52cf-b819-c10cb66c1338,bank_fixed_incomes,CDB,BRBANKCDB0A0|30680829000143|2024-03-07|2027-03-01,SAIDA,RESGATE,NULL,85.671382,86093.74,85936.16,BRL,8abc0352-a1fc-5de5-9158-0b2161b38b5d,[]
9e22a589-e861-5dc1-899e-680bd197a983,2026-05-01,C6 Bank,20f0fb4e-fcfa-51c7-8939-0f4ce5ed657f,bank_fixed_incomes,LCA,BRBANKLCA3A3|60746948000112|2023-09-14|2026-09-01,SAIDA,RESGATE,NULL,10.860272,10812.7,10801.43,BRL,20018539-107f-5044-839f-f5a64e8ffc29,[]
9e22a589-e861-5dc1-899e-680bd197a983,2026-05-05,C6 Bank,20f0fb4e-fcfa-51c7-8939-0f4ce5ed657f,credit_fixed_incomes,OMEGA ENERGIA S.A.,BRDEBSEC01A1|09149503000106|2031-06-15,SAIDA,PAGAMENTO_JUROS,NULL,235.637,9891.52,9883.08,BRL,59d57746-13ca-5eeb-bf15-692e7d8d0577,[]
9e22a589-e861-5dc1-899e-680bd197a983,2026-05-05,Itau,3343bc26-23e3-5745-9c2a-932d111e9079,funds,SELECAO DIVIDENDOS FIC FIA,07059417000107,SAIDA,OUTROS,MOVIMENTACAO NAO CLASSIFICADA PELA INSTITUICAO,2.968073,148.49,NULL,BRL,be9d34c7-e7c4-5759-b7ca-aec2c2b3580d,[]
9e22a589-e861-5dc1-899e-680bd197a983,2026-05-06,Nubank,f3ce7b7a-d660-52cf-b819-c10cb66c1338,treasure_titles,Tesouro Prefixado 2029,Tesouro Prefixado 2029,SAIDA,PAGAMENTO_JUROS,NULL,317.06,9272.61,9251.06,BRL,358e598d-969e-50b5-b2b6-2eb3e51bb7f7,[]
9e22a589-e861-5dc1-899e-680bd197a983,2026-05-06,Nubank,f3ce7b7a-d660-52cf-b819-c10cb66c1338,treasure_titles,Tesouro IPCA+ com Juros Semestrais 2032,Tesouro IPCA+ com Juros Semestrais 2032,SAIDA,VENDA,NULL,4.09,6155.8,6141.96,BRL,5984a4d2-50b0-58e5-9f20-c0939521b85b,[]
9e22a589-e861-5dc1-899e-680bd197a983,2026-05-06,Nubank,f3ce7b7a-d660-52cf-b819-c10cb66c1338,bank_fixed_incomes,RDB,BRBANKRDB5A5|60518222000122|2024-12-18|2027-12-01,SAIDA,RESGATE,NULL,49.785817,49808.22,49601.17,BRL,6b4f1703-c35a-5066-9fd1-0189907927fd,[]
9e22a589-e861-5dc1-899e-680bd197a983,2026-05-07,Itau,3343bc26-23e3-5745-9c2a-932d111e9079,bank_fixed_incomes,RDB,BRBANKRDB1A1|18236120000158|2023-05-30|2026-05-01,SAIDA,RESGATE,NULL,14.12571,14257.93,14190.52,BRL,579a7eae-feea-54ac-b793-fdc1ea67e183,[]
9e22a589-e861-5dc1-899e-680bd197a983,2026-05-07,C6 Bank,20f0fb4e-fcfa-51c7-8939-0f4ce5ed657f,bank_fixed_incomes,RDB,BRBANKRDB1A1|18236120000158|2021-01-25|2024-01-01,SAIDA,RESGATE,NULL,27.5834,27445.76,27331.15,BRL,8f278c51-48f3-5440-9f14-3ba62497451a,[]
9e22a589-e861-5dc1-899e-680bd197a983,2026-05-08,Itau,3343bc26-23e3-5745-9c2a-932d111e9079,bank_fixed_incomes,LCA,BRBANKLCA3A3|60746948000112|2021-04-29|2024-04-01,ENTRADA,APLICACAO,NULL,10.765196,10683.6,10683.6,BRL,1fd10e1d-3b4f-555b-9486-83689ae02d42,[]
9e22a589-e861-5dc1-899e-680bd197a983,2026-05-08,C6 Bank,20f0fb4e-fcfa-51c7-8939-0f4ce5ed657f,bank_fixed_incomes,LCI,BRBANKLCI2A2|30306294000145|2025-12-23|2028-12-01,SAIDA,RESGATE,NULL,17.01351,16916.19,16849.45,BRL,621270df-7aaf-59a5-b1ba-e19ed6522d4b,[]
9e22a589-e861-5dc1-899e-680bd197a983,2026-05-08,Nubank,f3ce7b7a-d660-52cf-b819-c10cb66c1338,bank_fixed_incomes,RDB,BRBANKRDB5A5|60518222000122|2024-12-18|2027-12-01,ENTRADA,OUTROS,NULL,6.697079,6721.19,6721.19,BRL,706f0cd8-fb1b-538d-b7ea-5d56d821780d,[]
9e22a589-e861-5dc1-899e-680bd197a983,2026-05-08,Nubank,f3ce7b7a-d660-52cf-b819-c10cb66c1338,variable_incomes,BPAC11,BPAC11,ENTRADA,COMPRA,NULL,913.0,43520.15,NULL,BRL,75d35bfb-aa44-5f61-b2c2-1a2dd14bf928,[]
9e22a589-e861-5dc1-899e-680bd197a983,2026-05-09,Nubank,f3ce7b7a-d660-52cf-b819-c10cb66c1338,bank_fixed_incomes,LCA,BRBANKLCA3A3|60746948000112|2021-04-29|2024-04-01,SAIDA,RESGATE,NULL,57.995068,58472.95,58249.67,BRL,961e8307-50de-5978-8eca-fce0c5b55f5b,[]
9e22a589-e861-5dc1-899e-680bd197a983,2026-05-10,Nubank,f3ce7b7a-d660-52cf-b819-c10cb66c1338,bank_fixed_incomes,RDB,BRBANKRDB5A5|60518222000122|2026-05-10|2029-05-01,ENTRADA,APLICACAO,NULL,187.684,187684.0,187684.0,BRL,82dec97a-913f-52dd-99c6-26700093d893,[]
9e22a589-e861-5dc1-899e-680bd197a983,2026-05-10,Nubank,f3ce7b7a-d660-52cf-b819-c10cb66c1338,variable_incomes,B3SA3,B3SA3,ENTRADA,COMPRA,NULL,1007.0,57374.43,NULL,BRL,a28ce22b-58fc-54da-880b-122817c54a22,[]
9e22a589-e861-5dc1-899e-680bd197a983,2026-05-10,Nubank,f3ce7b7a-d660-52cf-b819-c10cb66c1338,bank_fixed_incomes,CDB,BRBANKCDB0A0|30680829000143|2022-02-13|2025-02-01,SAIDA,RESGATE,NULL,47.524551,47973.66,47837.1,BRL,ac408418-dbc7-5e5d-86da-600ddd98ec89,[]
9e22a589-e861-5dc1-899e-680bd197a983,2026-05-11,Nubank,f3ce7b7a-d660-52cf-b819-c10cb66c1338,bank_fixed_incomes,CDB,BRBANKCDB0A0|30680829000143|2022-02-13|2025-02-01,SAIDA,RESGATE,NULL,21.316066,21231.65,21150.36,BRL,4adbe42b-6d42-5488-a694-988e5c8faa69,[]
9e22a589-e861-5dc1-899e-680bd197a983,2026-05-11,Nubank,f3ce7b7a-d660-52cf-b819-c10cb66c1338,funds,SPX NIMITZ ESTRUTURAL FIC FIM,34177667000185,SAIDA,RESGATE,NULL,1074.326944,42116.02,41973.02,BRL,c8262ae3-7293-59bd-b34d-7c1c3daa1b23,[]
9e22a589-e861-5dc1-899e-680bd197a983,2026-05-13,Nubank,f3ce7b7a-d660-52cf-b819-c10cb66c1338,bank_fixed_incomes,CDB,BRBANKCDB0A0|30680829000143|2024-07-04|2027-07-01,SAIDA,OUTROS,NULL,3.747399,3741.48,3741.48,BRL,d3d8eb39-f4c1-51d1-bfc6-b7a6ef8c66e1,[]
9e22a589-e861-5dc1-899e-680bd197a983,2026-05-16,Nubank,f3ce7b7a-d660-52cf-b819-c10cb66c1338,bank_fixed_incomes,CDB,BRBANKCDB0A0|30680829000143|2022-02-13|2025-02-01,SAIDA,PAGAMENTO_JUROS,NULL,134.768,2655.4,2650.85,BRL,d557c98a-ef1e-5655-920c-af2eaf5da7ad,[]
9e22a589-e861-5dc1-899e-680bd197a983,2026-05-16,Nubank,f3ce7b7a-d660-52cf-b819-c10cb66c1338,bank_fixed_incomes,CDB,BRBANKCDB4A4|00360305000104|2022-08-02|2025-08-01,SAIDA,RESGATE,NULL,42.076608,42314.34,42184.89,BRL,e98dde34-1ae0-535d-bfbb-157286422084,[]
9e22a589-e861-5dc1-899e-680bd197a983,2026-05-17,Nubank,f3ce7b7a-d660-52cf-b819-c10cb66c1338,funds,SPX NIMITZ ESTRUTURAL FIC FIM,34177667000185,ENTRADA,APLICACAO,NULL,1597.007169,61045.77,NULL,BRL,44f89da6-e229-5f07-bbb3-38c02de1f212,[]
9e22a589-e861-5dc1-899e-680bd197a983,2026-05-18,C6 Bank,20f0fb4e-fcfa-51c7-8939-0f4ce5ed657f,bank_fixed_incomes,CDB,BRBANKCDB0A0|30680829000143|2023-08-13|2026-08-01,SAIDA,RESGATE,NULL,49.742349,49313.57,49235.84,BRL,ba66ae0b-fccd-5e15-ac2a-ed65cf5a705f,[]
9e22a589-e861-5dc1-899e-680bd197a983,2026-05-19,Nubank,f3ce7b7a-d660-52cf-b819-c10cb66c1338,funds,SPX NIMITZ ESTRUTURAL FIC FIM,34177667000185,SAIDA,RESGATE,NULL,1460.499176,57052.41,56964.64,BRL,06b51a02-4dce-5576-9a59-22431ee3a968,[]
9e22a589-e861-5dc1-899e-680bd197a983,2026-05-19,Nubank,f3ce7b7a-d660-52cf-b819-c10cb66c1338,credit_fixed_incomes,VAMOS LOCACAO S.A.,BRDEBSEC03A3|07689002000189|2031-06-15,ENTRADA,TRANSFERENCIA_CUSTODIA,NULL,95.784,95784.0,95784.0,BRL,0a092f7c-4050-5177-9b28-3a182697f969,[]
9e22a589-e861-5dc1-899e-680bd197a983,2026-05-19,Nubank,f3ce7b7a-d660-52cf-b819-c10cb66c1338,bank_fixed_incomes,CDB,BRBANKCDB0A0|30680829000143|2022-11-27|2025-11-01,ENTRADA,APLICACAO,NULL,71.094175,70901.51,70901.51,BRL,1170f6c3-f40d-5f2f-9efc-7223f252e59b,[]
9e22a589-e861-5dc1-899e-680bd197a983,2026-05-19,Nubank,f3ce7b7a-d660-52cf-b819-c10cb66c1338,funds,TESOURO SELIC SIMPLES FIRF,32915987000180,SAIDA,RESGATE,NULL,262.928604,16404.12,16373.62,BRL,eefab3ec-380a-582d-ab14-73a060894f98,[]
9e22a589-e861-5dc1-899e-680bd197a983,2026-05-20,Nubank,f3ce7b7a-d660-52cf-b819-c10cb66c1338,treasure_titles,Tesouro Renda+ 2044,Tesouro Renda+ 2044,ENTRADA,OUTROS,NULL,2.02,3981.22,3981.22,BRL,91ee2bb0-de23-56c4-a64c-e87acbc5ef36,[]
9e22a589-e861-5dc1-899e-680bd197a983,2026-05-21,Nubank,f3ce7b7a-d660-52cf-b819-c10cb66c1338,funds,IPCA LONGA DURACAO FIC FIRF,29562673000117,SAIDA,RESGATE,NULL,647.42392,9288.33,9269.26,BRL,48f4ba6a-6a93-5fe3-8d6d-747eda461133,[]
9e22a589-e861-5dc1-899e-680bd197a983,2026-05-22,Nubank,f3ce7b7a-d660-52cf-b819-c10cb66c1338,bank_fixed_incomes,RDB,BRBANKRDB5A5|60518222000122|2019-11-10|2022-11-01,SAIDA,VENCIMENTO,NULL,222.687,222642.46,222216.85,BRL,458b3adc-cb7a-5fdd-aa1b-d9e1706ba2bf,[]
9e22a589-e861-5dc1-899e-680bd197a983,2026-05-22,C6 Bank,20f0fb4e-fcfa-51c7-8939-0f4ce5ed657f,treasure_titles,Tesouro Prefixado 2029,Tesouro Prefixado 2029,SAIDA,VENDA,NULL,1.73,1297.77,1291.11,BRL,51bff21d-63db-5ffe-98d9-fafc834979e0,[]
9e22a589-e861-5dc1-899e-680bd197a983,2026-05-22,Nubank,f3ce7b7a-d660-52cf-b819-c10cb66c1338,variable_incomes,VALE3,VALE3,ENTRADA,COMPRA,NULL,1777.0,31097.5,NULL,BRL,e08e1088-deb4-5a01-ab1a-ed1e7d23bfd8,[]
9e22a589-e861-5dc1-899e-680bd197a983,2026-05-24,Nubank,f3ce7b7a-d660-52cf-b819-c10cb66c1338,bank_fixed_incomes,RDB,BRBANKRDB1A1|18236120000158|2020-03-29|2023-03-01,ENTRADA,OUTROS,NULL,2.575468,2578.94,2578.94,BRL,4f46c21f-d427-5937-8937-7947b05951ff,[]
9e22a589-e861-5dc1-899e-680bd197a983,2026-05-24,Nubank,f3ce7b7a-d660-52cf-b819-c10cb66c1338,credit_fixed_incomes,VAMOS LOCACAO S.A.,BRDEBSEC03A3|07689002000189|2031-06-15,SAIDA,VENDA,NULL,32.079021,31697.54,31623.98,BRL,e9cdbdd4-44f2-5d6b-a6d6-baa173b87735,[]
9e22a589-e861-5dc1-899e-680bd197a983,2026-05-25,Nubank,f3ce7b7a-d660-52cf-b819-c10cb66c1338,bank_fixed_incomes,RDB,BRBANKRDB5A5|60518222000122|2025-10-21|2028-10-01,SAIDA,RESGATE,NULL,5.231805,5255.35,5243.0,BRL,6af045cf-ce1f-5906-976d-1cc067189f83,[]
9e22a589-e861-5dc1-899e-680bd197a983,2026-05-25,Nubank,f3ce7b7a-d660-52cf-b819-c10cb66c1338,bank_fixed_incomes,LCI,BRBANKLCI2A2|30306294000145|2024-10-08|2027-10-01,SAIDA,RESGATE,NULL,8.865732,8793.92,8762.19,BRL,930335df-dd60-57c6-bfef-1af170415853,[]
9e22a589-e861-5dc1-899e-680bd197a983,2026-05-25,Nubank,f3ce7b7a-d660-52cf-b819-c10cb66c1338,bank_fixed_incomes,CDB,BRBANKCDB4A4|00360305000104|2023-08-25|2026-08-01,ENTRADA,OUTROS,NULL,6.346166,6324.27,6324.27,BRL,c07440f7-65ac-59e9-a2f6-adb5903bd51a,[]
9e22a589-e861-5dc1-899e-680bd197a983,2026-05-26,Nubank,f3ce7b7a-d660-52cf-b819-c10cb66c1338,bank_fixed_incomes,RDB,BRBANKRDB5A5|60518222000122|2025-10-21|2028-10-01,SAIDA,RESGATE,NULL,2.279821,2300.5,2291.75,BRL,7603cc9b-4f6d-5e4b-bf71-4a53ad6ab516,[]
9e22a589-e861-5dc1-899e-680bd197a983,2026-05-28,Nubank,f3ce7b7a-d660-52cf-b819-c10cb66c1338,funds,TESOURO SELIC SIMPLES FIRF,32915987000180,ENTRADA,APLICACAO,NULL,978.883233,61410.24,NULL,BRL,434c8ef8-d891-5550-a9b0-f019d9708228,[]
9e22a589-e861-5dc1-899e-680bd197a983,2026-05-28,Nubank,f3ce7b7a-d660-52cf-b819-c10cb66c1338,bank_fixed_incomes,LCI,BRBANKLCI2A2|30306294000145|2021-11-03|2024-11-01,SAIDA,RESGATE,NULL,8.693328,8627.17,8607.4,BRL,45a0b345-cb38-5298-a8a7-c37dd36a783a,[]
9e22a589-e861-5dc1-899e-680bd197a983,2026-05-28,Itau,3343bc26-23e3-5745-9c2a-932d111e9079,treasure_titles,Tesouro IPCA+ 2035,Tesouro IPCA+ 2035,ENTRADA,COMPRA,NULL,40.23,49537.71,49537.71,BRL,69a78432-e2ed-5818-94cc-5eac14f95267,[]
9e22a589-e861-5dc1-899e-680bd197a983,2026-05-29,C6 Bank,20f0fb4e-fcfa-51c7-8939-0f4ce5ed657f,variable_incomes,ITUB4,ITUB4,ENTRADA,OUTROS,MOVIMENTACAO NAO CLASSIFICADA PELA INSTITUICAO,NULL,942.35,NULL,BRL,153e3907-814d-518b-b754-f5970b81117f,[]
9e22a589-e861-5dc1-899e-680bd197a983,2026-05-29,Itau,3343bc26-23e3-5745-9c2a-932d111e9079,bank_fixed_incomes,LCA,BRBANKLCA3A3|60746948000112|2024-08-07|2027-08-01,SAIDA,RESGATE,NULL,70.351079,70790.07,70541.74,BRL,a0ca94bc-dea8-5f53-81ff-9c12e5074985,[]
9e22a589-e861-5dc1-899e-680bd197a983,2026-06-01,Nubank,f3ce7b7a-d660-52cf-b819-c10cb66c1338,bank_fixed_incomes,CDB,BRBANKCDB4A4|00360305000104|2025-05-30|2028-05-01,SAIDA,RESGATE,NULL,16.020471,16127.01,16085.7,BRL,1fb1b158-78ae-5bc4-ba02-338f61d4276e,[]
9e22a589-e861-5dc1-899e-680bd197a983,2026-06-02,Itau,3343bc26-23e3-5745-9c2a-932d111e9079,bank_fixed_incomes,LCA,BRBANKLCA3A3|60746948000112|2021-04-29|2024-04-01,SAIDA,RESGATE,NULL,31.902343,32217.86,32075.76,BRL,f1a307c5-9c0d-5e69-a334-358425de7212,[]
9e22a589-e861-5dc1-899e-680bd197a983,2026-06-03,Nubank,f3ce7b7a-d660-52cf-b819-c10cb66c1338,bank_fixed_incomes,RDB,BRBANKRDB1A1|18236120000158|2023-08-26|2026-08-01,SAIDA,OUTROS,NULL,3.228758,3215.97,3215.97,BRL,9c5c298e-60d9-5d46-8fb1-7e35828d6d89,[]
9e22a589-e861-5dc1-899e-680bd197a983,2026-06-03,C6 Bank,20f0fb4e-fcfa-51c7-8939-0f4ce5ed657f,bank_fixed_incomes,RDB,BRBANKRDB5A5|60518222000122|2020-11-15|2023-11-01,ENTRADA,OUTROS,NULL,9.09827,9092.17,9092.17,BRL,f65ba231-f258-50c9-8e14-22f1b718f7ee,[]
9e22a589-e861-5dc1-899e-680bd197a983,2026-06-04,Nubank,f3ce7b7a-d660-52cf-b819-c10cb66c1338,funds,SELECAO DIVIDENDOS FIC FIA,07059417000107,SAIDA,COME_COTAS,NULL,48.783786,2461.41,2457.0,BRL,e87867e7-1d3b-5cd5-bda1-4ddbf4e91843,[]
9e22a589-e861-5dc1-899e-680bd197a983,2026-06-05,Nubank,f3ce7b7a-d660-52cf-b819-c10cb66c1338,bank_fixed_incomes,RDB,BRBANKRDB1A1|18236120000158|2024-01-05|2027-01-01,SAIDA,RESGATE,NULL,17.057946,16997.05,16942.81,BRL,06a8e272-7030-5fce-9496-89318a094828,[]
9e22a589-e861-5dc1-899e-680bd197a983,2026-06-05,Nubank,f3ce7b7a-d660-52cf-b819-c10cb66c1338,bank_fixed_incomes,RDB,BRBANKRDB1A1|18236120000158|2024-01-05|2027-01-01,ENTRADA,APLICACAO,NULL,15.326722,15272.01,15272.01,BRL,ea81a6c3-9266-5472-b08c-365f29fa722b,[]
9e22a589-e861-5dc1-899e-680bd197a983,2026-06-06,Nubank,f3ce7b7a-d660-52cf-b819-c10cb66c1338,variable_incomes,B3SA3,B3SA3,ENTRADA,COMPRA,NULL,30.0,1689.86,NULL,BRL,8ae9c89a-1953-5fd9-aabd-66cd43d62971,[]
9e22a589-e861-5dc1-899e-680bd197a983,2026-06-06,C6 Bank,20f0fb4e-fcfa-51c7-8939-0f4ce5ed657f,treasure_titles,Tesouro IPCA+ com Juros Semestrais 2032,Tesouro IPCA+ com Juros Semestrais 2032,ENTRADA,COMPRA,NULL,11.78,17670.0,17670.0,BRL,eedd4ff5-1950-5061-a84f-0973bc37c4d1,[]
9e22a589-e861-5dc1-899e-680bd197a983,2026-06-07,C6 Bank,20f0fb4e-fcfa-51c7-8939-0f4ce5ed657f,treasure_titles,Tesouro Prefixado 2029,Tesouro Prefixado 2029,ENTRADA,COMPRA,NULL,12.88,9796.06,9796.06,BRL,44469984-c5bb-58a2-9f73-d7a361aebd09,[]
9e22a589-e861-5dc1-899e-680bd197a983,2026-06-07,Nubank,f3ce7b7a-d660-52cf-b819-c10cb66c1338,bank_fixed_incomes,RDB,BRBANKRDB1A1|18236120000158|2023-09-30|2026-09-01,SAIDA,RESGATE,NULL,79.986819,80329.16,80167.12,BRL,82eeef9d-3197-5528-b8af-ad602295fae1,[]
9e22a589-e861-5dc1-899e-680bd197a983,2026-06-07,Nubank,f3ce7b7a-d660-52cf-b819-c10cb66c1338,treasure_titles,Tesouro IPCA+ com Juros Semestrais 2032,Tesouro IPCA+ com Juros Semestrais 2032,SAIDA,PAGAMENTO_JUROS,NULL,85.57,2953.54,2944.31,BRL,a1de41ff-7d5e-546d-9d08-ea35d65af2f5,[]
9e22a589-e861-5dc1-899e-680bd197a983,2026-06-07,Nubank,f3ce7b7a-d660-52cf-b819-c10cb66c1338,bank_fixed_incomes,CDB,BRBANKCDB4A4|00360305000104|2023-07-08|2026-07-01,SAIDA,RESGATE,NULL,6.729701,6742.96,6734.62,BRL,c31f9905-93d6-5719-b33a-bad59314b374,[]
9e22a589-e861-5dc1-899e-680bd197a983,2026-06-08,Nubank,f3ce7b7a-d660-52cf-b819-c10cb66c1338,bank_fixed_incomes,LCA,BRBANKLCA3A3|60746948000112|2025-11-14|2028-11-01,SAIDA,OUTROS,NULL,0.403688,402.42,402.42,BRL,98d1ffec-f3e7-5299-85c9-adc5b0672c7d,[]
9e22a589-e861-5dc1-899e-680bd197a983,2026-06-09,Nubank,f3ce7b7a-d660-52cf-b819-c10cb66c1338,bank_fixed_incomes,CDB,BRBANKCDB0A0|30680829000143|2022-02-13|2025-02-01,SAIDA,RESGATE,NULL,57.575794,57974.79,57861.0,BRL,b5ca6e3f-27be-5008-8fc6-f8fd0d23a960,[]
9e22a589-e861-5dc1-899e-680bd197a983,2026-06-10,Nubank,f3ce7b7a-d660-52cf-b819-c10cb66c1338,bank_fixed_incomes,RDB,BRBANKRDB5A5|60518222000122|2024-12-18|2027-12-01,ENTRADA,APLICACAO,NULL,27.80185,27606.96,27606.96,BRL,7bf2080f-8473-5582-8dfc-e116899f9045,[]
9e22a589-e861-5dc1-899e-680bd197a983,2026-06-10,Nubank,f3ce7b7a-d660-52cf-b819-c10cb66c1338,bank_fixed_incomes,CDB,BRBANKCDB4A4|00360305000104|2023-09-19|2026-09-01,SAIDA,OUTROS,NULL,3.541762,3566.02,3566.02,BRL,8d596d67-469d-5c92-9107-b5d7ce9df260,[]
9e22a589-e861-5dc1-899e-680bd197a983,2026-06-11,Nubank,f3ce7b7a-d660-52cf-b819-c10cb66c1338,credit_fixed_incomes,VAMOS LOCACAO S.A.,BRDEBSEC03A3|07689002000189|2031-06-15,ENTRADA,COMPRA,NULL,9.251811,9269.13,9269.13,BRL,0e581308-98e9-5d89-845b-47791e25347b,[]
9e22a589-e861-5dc1-899e-680bd197a983,2026-06-11,C6 Bank,20f0fb4e-fcfa-51c7-8939-0f4ce5ed657f,bank_fixed_incomes,LCI,BRBANKLCI2A2|30306294000145|2020-03-31|2023-03-01,SAIDA,OUTROS,NULL,12.125436,12223.17,12223.17,BRL,30e2bf84-7f68-5bef-99df-ebf0ed36aff1,[]
9e22a589-e861-5dc1-899e-680bd197a983,2026-06-11,Nubank,f3ce7b7a-d660-52cf-b819-c10cb66c1338,funds,ALASKA BLACK FIC FIA - BDR NIVEL I,11052478000102,SAIDA,RESGATE,NULL,11380.215707,28552.96,28500.3,BRL,5773ff1b-9320-51b9-96cd-f7b3c590ed3f,[]
9e22a589-e861-5dc1-899e-680bd197a983,2026-06-11,Nubank,f3ce7b7a-d660-52cf-b819-c10cb66c1338,funds,SPX NIMITZ ESTRUTURAL FIC FIM,34177667000185,SAIDA,RESGATE,NULL,999.270598,38731.22,38606.81,BRL,c1cfd7a8-008f-5e02-b87a-ceae9abfe35c,[]
9e22a589-e861-5dc1-899e-680bd197a983,2026-06-12,Nubank,f3ce7b7a-d660-52cf-b819-c10cb66c1338,funds,TESOURO SELIC SIMPLES FIRF,32915987000180,SAIDA,OUTROS,MOVIMENTACAO NAO CLASSIFICADA PELA INSTITUICAO,185.350611,11806.14,NULL,BRL,12ad3a80-bd94-5609-b865-7e920ac4e97a,[]
9e22a589-e861-5dc1-899e-680bd197a983,2026-06-12,Nubank,f3ce7b7a-d660-52cf-b819-c10cb66c1338,bank_fixed_incomes,RDB,BRBANKRDB5A5|60518222000122|2026-05-10|2029-05-01,SAIDA,RESGATE,NULL,12.446054,12519.86,12477.66,BRL,ce45d664-d0f0-515c-9581-f26dc85bb6e7,[]
9e22a589-e861-5dc1-899e-680bd197a983,2026-06-13,Nubank,f3ce7b7a-d660-52cf-b819-c10cb66c1338,bank_fixed_incomes,CDB,BRBANKCDB4A4|00360305000104|2023-08-25|2026-08-01,SAIDA,RESGATE,NULL,46.56366,46229.33,46105.5,BRL,80c6f644-5a05-50cd-89cd-214c367751e5,[]
9e22a589-e861-5dc1-899e-680bd197a983,2026-06-14,Nubank,f3ce7b7a-d660-52cf-b819-c10cb66c1338,bank_fixed_incomes,RDB,BRBANKRDB5A5|60518222000122|2024-12-18|2027-12-01,SAIDA,PAGAMENTO_JUROS,NULL,133.274,3501.97,3487.26,BRL,ea03cdcb-6a4e-5195-9da8-f8bb4810a766,[]
9e22a589-e861-5dc1-899e-680bd197a983,2026-06-15,Nubank,f3ce7b7a-d660-52cf-b819-c10cb66c1338,funds,TESOURO SELIC SIMPLES FIRF,32915987000180,SAIDA,RESGATE,NULL,248.994347,15403.72,15363.77,BRL,46dd5d27-33d1-5406-a59a-00bd5336a107,[]
9e22a589-e861-5dc1-899e-680bd197a983,2026-06-15,C6 Bank,20f0fb4e-fcfa-51c7-8939-0f4ce5ed657f,bank_fixed_incomes,RDB,BRBANKRDB1A1|18236120000158|2024-06-26|2027-06-01,SAIDA,PAGAMENTO_JUROS,NULL,58.987,1394.64,1390.67,BRL,8b996abc-ed10-5f7d-a683-aea819be9b21,[]
9e22a589-e861-5dc1-899e-680bd197a983,2026-06-15,C6 Bank,20f0fb4e-fcfa-51c7-8939-0f4ce5ed657f,bank_fixed_incomes,LCI,BRBANKLCI2A2|30306294000145|2025-12-23|2028-12-01,SAIDA,PAGAMENTO_JUROS,NULL,79.565,2093.14,2082.41,BRL,b1f3e653-38b2-577e-ad51-6495aac3fb71,[]
9e22a589-e861-5dc1-899e-680bd197a983,2026-06-16,Nubank,f3ce7b7a-d660-52cf-b819-c10cb66c1338,bank_fixed_incomes,LCA,BRBANKLCA3A3|60746948000112|2024-07-14|2027-07-01,SAIDA,VENCIMENTO,NULL,95.357,95612.56,95292.62,BRL,12a47512-02f7-561f-90d4-0a62d011d8a5,[]
9e22a589-e861-5dc1-899e-680bd197a983,2026-06-21,Nubank,f3ce7b7a-d660-52cf-b819-c10cb66c1338,bank_fixed_incomes,CDB,BRBANKCDB0A0|30680829000143|2022-02-13|2025-02-01,SAIDA,RESGATE,NULL,58.921132,59151.51,58968.1,BRL,ecac9bff-06f0-5b3a-8f20-4c464e8eee68,[]
9e22a589-e861-5dc1-899e-680bd197a983,2026-06-22,C6 Bank,20f0fb4e-fcfa-51c7-8939-0f4ce5ed657f,bank_fixed_incomes,LCA,BRBANKLCA3A3|60746948000112|2023-09-14|2026-09-01,SAIDA,RESGATE,NULL,73.702286,73554.88,73230.45,BRL,1fccd217-8704-5b69-8cb1-608003b89002,[]
9e22a589-e861-5dc1-899e-680bd197a983,2026-06-24,C6 Bank,20f0fb4e-fcfa-51c7-8939-0f4ce5ed657f,bank_fixed_incomes,LCI,BRBANKLCI2A2|30306294000145|2020-03-31|2023-03-01,ENTRADA,APLICACAO,NULL,26.148687,26394.22,26394.22,BRL,24b08b7e-49e9-5225-9013-aa68719b3b67,[]
9e22a589-e861-5dc1-899e-680bd197a983,2026-06-24,Nubank,f3ce7b7a-d660-52cf-b819-c10cb66c1338,funds,IPCA LONGA DURACAO FIC FIRF,29562673000117,SAIDA,RESGATE,NULL,155.31975,2268.85,2262.7,BRL,469972d9-82c7-59ea-b687-7cef7636fde1,[]
9e22a589-e861-5dc1-899e-680bd197a983,2026-06-24,Nubank,f3ce7b7a-d660-52cf-b819-c10cb66c1338,bank_fixed_incomes,LCA,BRBANKLCA3A3|60746948000112|2022-03-09|2025-03-01,SAIDA,AMORTIZACAO,NULL,7.416914,7426.63,7420.51,BRL,895133a1-fd9a-556a-add4-a214d31501b4,[]
9e22a589-e861-5dc1-899e-680bd197a983,2026-06-25,Nubank,f3ce7b7a-d660-52cf-b819-c10cb66c1338,funds,ALASKA BLACK FIC FIA - BDR NIVEL I,11052478000102,SAIDA,RESGATE,NULL,8323.364053,20593.25,20588.03,BRL,c2069bcc-d29e-51ad-8f42-1174220b2075,[]
9e22a589-e861-5dc1-899e-680bd197a983,2026-06-27,Nubank,f3ce7b7a-d660-52cf-b819-c10cb66c1338,treasure_titles,Tesouro Prefixado 2029,Tesouro Prefixado 2029,ENTRADA,COMPRA,NULL,119.89,88741.38,88741.38,BRL,8c72c7ca-dec5-5432-b5f6-55f2559dfa02,[]
9e22a589-e861-5dc1-899e-680bd197a983,2026-06-28,Nubank,f3ce7b7a-d660-52cf-b819-c10cb66c1338,bank_fixed_incomes,RDB,BRBANKRDB5A5|60518222000122|2026-04-25|2029-04-01,SAIDA,RESGATE,NULL,7.625281,7555.97,7535.2,BRL,55d8a8a6-2c4e-5fa4-b51d-56c8073d5cd8,[]
9e22a589-e861-5dc1-899e-680bd197a983,2026-06-28,Nubank,f3ce7b7a-d660-52cf-b819-c10cb66c1338,bank_fixed_incomes,RDB,BRBANKRDB5A5|60518222000122|2025-05-05|2028-05-01,SAIDA,RESGATE,NULL,24.904148,24705.16,24620.96,BRL,a6499bd2-bbe4-50e7-9bbb-86c9dc16f387,[]
9e22a589-e861-5dc1-899e-680bd197a983,2026-06-30,C6 Bank,20f0fb4e-fcfa-51c7-8939-0f4ce5ed657f,treasure_titles,Tesouro Prefixado 2029,Tesouro Prefixado 2029,ENTRADA,COMPRA,NULL,15.51,11706.48,11706.48,BRL,19af06d3-ad55-5bd0-92bc-700efba52572,[]
9e22a589-e861-5dc1-899e-680bd197a983,2026-06-30,Nubank,f3ce7b7a-d660-52cf-b819-c10cb66c1338,bank_fixed_incomes,RDB,BRBANKRDB1A1|18236120000158|2020-03-29|2023-03-01,SAIDA,PAGAMENTO_JUROS,NULL,65.186,534.4,532.73,BRL,72d752d6-97d6-5920-81f7-71604478e6da,[]
9e22a589-e861-5dc1-899e-680bd197a983,2026-06-30,Nubank,f3ce7b7a-d660-52cf-b819-c10cb66c1338,bank_fixed_incomes,CDB,BRBANKCDB0A0|30680829000143|2022-02-13|2025-02-01,SAIDA,RESGATE,NULL,59.309988,59476.06,59330.74,BRL,bb7b28cd-6d2f-59fc-8eb9-f58a238cde62,[]
9e22a589-e861-5dc1-899e-680bd197a983,2026-07-01,Nubank,f3ce7b7a-d660-52cf-b819-c10cb66c1338,treasure_titles,Tesouro IPCA+ com Juros Semestrais 2032,Tesouro IPCA+ com Juros Semestrais 2032,ENTRADA,OUTROS,NULL,1.77,2619.36,2619.36,BRL,38993164-2b3a-580d-9583-2069e09106a7,[]
9e22a589-e861-5dc1-899e-680bd197a983,2026-07-01,Nubank,f3ce7b7a-d660-52cf-b819-c10cb66c1338,bank_fixed_incomes,RDB,BRBANKRDB5A5|60518222000122|2025-07-10|2028-07-01,ENTRADA,APLICACAO,NULL,42.538085,42284.56,42284.56,BRL,c45ef478-bc2f-5b25-a10d-776a62b71cde,[]
9e22a589-e861-5dc1-899e-680bd197a983,2026-07-03,Nubank,f3ce7b7a-d660-52cf-b819-c10cb66c1338,variable_incomes,VALE3,VALE3,ENTRADA,COMPRA,NULL,752.0,13582.17,NULL,BRL,1b74b416-ab45-52fd-b7b7-32a078fe94b0,[]
9e22a589-e861-5dc1-899e-680bd197a983,2026-07-03,C6 Bank,20f0fb4e-fcfa-51c7-8939-0f4ce5ed657f,bank_fixed_incomes,RDB,BRBANKRDB1A1|18236120000158|2024-06-26|2027-06-01,ENTRADA,OUTROS,NULL,3.319156,3323.44,3323.44,BRL,b980452c-dd01-53b0-9224-4ecc504d79f2,[]
9e22a589-e861-5dc1-899e-680bd197a983,2026-07-05,Nubank,f3ce7b7a-d660-52cf-b819-c10cb66c1338,variable_incomes,NULL,22ac5024-2e82-5174-b51e-6ebb963f5501,ENTRADA,COMPRA,NULL,527.0,12842.46,NULL,BRL,24a067e6-161f-5e62-9f1c-64cee1281d1e,[]
9e22a589-e861-5dc1-899e-680bd197a983,2026-07-05,Nubank,f3ce7b7a-d660-52cf-b819-c10cb66c1338,bank_fixed_incomes,LCA,BRBANKLCA3A3|60746948000112|2022-03-09|2025-03-01,SAIDA,RESGATE,NULL,70.115384,69983.57,69769.83,BRL,561fe851-66d2-5eae-8d4a-b237b6bc209a,[]
9e22a589-e861-5dc1-899e-680bd197a983,2026-07-05,Nubank,f3ce7b7a-d660-52cf-b819-c10cb66c1338,bank_fixed_incomes,LCI,BRBANKLCI2A2|30306294000145|2024-11-11|2027-11-01,SAIDA,RESGATE,NULL,74.486938,74954.72,74820.13,BRL,7e546b19-e2fe-585d-a76f-75f9a911850f,[]
9e22a589-e861-5dc1-899e-680bd197a983,2026-07-06,Nubank,f3ce7b7a-d660-52cf-b819-c10cb66c1338,bank_fixed_incomes,RDB,BRBANKRDB1A1|18236120000158|2020-08-04|2023-08-01,ENTRADA,OUTROS,NULL,2.307908,2290.37,2290.37,BRL,c7829636-0c12-58ac-a3c9-34070a90c66f,[]
9e22a589-e861-5dc1-899e-680bd197a983,2026-07-07,C6 Bank,20f0fb4e-fcfa-51c7-8939-0f4ce5ed657f,treasure_titles,Tesouro IPCA+ com Juros Semestrais 2032,Tesouro IPCA+ com Juros Semestrais 2032,ENTRADA,COMPRA,NULL,2.05,3069.74,3069.74,BRL,b829de78-1cb3-5b85-8e6f-26fb7b7238e0,[]
9e22a589-e861-5dc1-899e-680bd197a983,2026-07-07,Nubank,f3ce7b7a-d660-52cf-b819-c10cb66c1338,treasure_titles,Tesouro IPCA+ 2035,Tesouro IPCA+ 2035,SAIDA,OUTROS,NULL,6.09,7562.49,7562.49,BRL,c161bc2f-acff-522e-a5f0-3d92a1d3f5cf,[]
9e22a589-e861-5dc1-899e-680bd197a983,2026-07-07,Nubank,f3ce7b7a-d660-52cf-b819-c10cb66c1338,bank_fixed_incomes,RDB,BRBANKRDB5A5|60518222000122|2023-09-20|2026-09-01,SAIDA,RESGATE,NULL,24.192575,24125.56,24122.94,BRL,f8ac1a3e-b418-5f21-8e55-0713dc5e44f4,[]
9e22a589-e861-5dc1-899e-680bd197a983,2026-07-08,Nubank,f3ce7b7a-d660-52cf-b819-c10cb66c1338,bank_fixed_incomes,CDB,BRBANKCDB0A0|30680829000143|2022-05-17|2025-05-01,SAIDA,VENCIMENTO,NULL,202.045,203132.0,202844.21,BRL,4429924a-e98b-53d4-8318-d1aaf83622b9,[]
9e22a589-e861-5dc1-899e-680bd197a983,2026-07-08,Nubank,f3ce7b7a-d660-52cf-b819-c10cb66c1338,bank_fixed_incomes,RDB,BRBANKRDB1A1|18236120000158|2020-03-29|2023-03-01,SAIDA,OUTROS,NULL,2.792913,2777.64,2777.64,BRL,7b413c28-65b4-587d-864f-01428d5be0d9,[]
9e22a589-e861-5dc1-899e-680bd197a983,2026-07-08,Nubank,f3ce7b7a-d660-52cf-b819-c10cb66c1338,funds,IPCA LONGA DURACAO FIC FIRF,29562673000117,ENTRADA,APLICACAO,NULL,1095.325285,15996.25,NULL,BRL,7bf3d9cb-9025-5054-9305-b85166e60a39,[]
9e22a589-e861-5dc1-899e-680bd197a983,2026-07-08,Nubank,f3ce7b7a-d660-52cf-b819-c10cb66c1338,bank_fixed_incomes,CDB,BRBANKCDB4A4|00360305000104|2023-07-08|2026-07-01,ENTRADA,OUTROS,NULL,0.619153,613.79,613.79,BRL,8980e885-e345-58db-8fb9-efb9bb211019,[]
9e22a589-e861-5dc1-899e-680bd197a983,2026-07-08,Nubank,f3ce7b7a-d660-52cf-b819-c10cb66c1338,bank_fixed_incomes,RDB,BRBANKRDB5A5|60518222000122|2019-11-10|2022-11-01,ENTRADA,APLICACAO,NULL,27.945771,27735.34,27735.34,BRL,8d4a9f32-855e-5895-b74b-3c2d092cb692,[]
9e22a589-e861-5dc1-899e-680bd197a983,2026-07-08,Nubank,f3ce7b7a-d660-52cf-b819-c10cb66c1338,variable_incomes,B3SA3,B3SA3,SAIDA,JCP,NULL,NULL,1612.18,NULL,BRL,9b844e37-00cd-5964-a69e-6961f08254d3,[]
9e22a589-e861-5dc1-899e-680bd197a983,2026-07-10,Nubank,f3ce7b7a-d660-52cf-b819-c10cb66c1338,bank_fixed_incomes,LCA,BRBANKLCA3A3|60746948000112|2024-12-12|2027-12-01,ENTRADA,APLICACAO,NULL,1.38355,1386.16,1386.16,BRL,0c7cf904-a3b0-51e6-87d3-ec9f18bb6c44,[]
9e22a589-e861-5dc1-899e-680bd197a983,2026-07-11,Nubank,f3ce7b7a-d660-52cf-b819-c10cb66c1338,bank_fixed_incomes,CDB,BRBANKCDB4A4|00360305000104|2022-08-02|2025-08-01,ENTRADA,APLICACAO,NULL,57.43237,57959.02,57959.02,BRL,c1d36615-5625-51b5-8c00-07e017d21294,[]
9e22a589-e861-5dc1-899e-680bd197a983,2026-07-12,Nubank,f3ce7b7a-d660-52cf-b819-c10cb66c1338,bank_fixed_incomes,RDB,BRBANKRDB1A1|18236120000158|2020-03-29|2023-03-01,ENTRADA,OUTROS,NULL,2.9297,2950.06,2950.06,BRL,4bc8d900-468a-501b-b8eb-788a5f3a0b12,[]
9e22a589-e861-5dc1-899e-680bd197a983,2026-07-13,Nubank,f3ce7b7a-d660-52cf-b819-c10cb66c1338,bank_fixed_incomes,RDB,BRBANKRDB1A1|18236120000158|2025-05-15|2028-05-01,SAIDA,RESGATE,NULL,17.984792,17967.35,17875.57,BRL,3a14c30d-50c3-5db9-b3cf-388a44957502,[]
9e22a589-e861-5dc1-899e-680bd197a983,2026-07-13,Nubank,f3ce7b7a-d660-52cf-b819-c10cb66c1338,bank_fixed_incomes,CDB,BRBANKCDB0A0|30680829000143|2022-05-17|2025-05-01,SAIDA,RESGATE,NULL,76.27664,75713.72,75543.18,BRL,50875192-a4e5-5271-a047-0b68c9a215c9,[]
9e22a589-e861-5dc1-899e-680bd197a983,2026-07-16,C6 Bank,20f0fb4e-fcfa-51c7-8939-0f4ce5ed657f,bank_fixed_incomes,RDB,BRBANKRDB5A5|60518222000122|2020-11-15|2023-11-01,ENTRADA,OUTROS,NULL,5.444161,5454.34,5454.34,BRL,7da13c6e-3227-5856-89e4-d5e68a022cfb,[]
9e22a589-e861-5dc1-899e-680bd197a983,2026-07-16,Nubank,f3ce7b7a-d660-52cf-b819-c10cb66c1338,bank_fixed_incomes,CDB,BRBANKCDB4A4|00360305000104|2023-07-08|2026-07-01,ENTRADA,APLICACAO,NULL,11.919893,11802.36,11802.36,BRL,c9399c93-53cc-5386-a316-2af03aaa7a2f,[]
9e22a589-e861-5dc1-899e-680bd197a983,2026-07-17,Nubank,f3ce7b7a-d660-52cf-b819-c10cb66c1338,funds,IPCA LONGA DURACAO FIC FIRF,29562673000117,SAIDA,RESGATE,NULL,518.064917,7522.01,7490.58,BRL,5748185b-65c8-56d3-8c8d-12d02189b2c1,[]
9e22a589-e861-5dc1-899e-680bd197a983,2026-07-18,Nubank,f3ce7b7a-d660-52cf-b819-c10cb66c1338,funds,SPX NIMITZ ESTRUTURAL FIC FIM,34177667000185,SAIDA,RESGATE,NULL,2039.619489,77605.03,77255.7,BRL,b0e00857-7e9d-5e3c-960a-d74552c8b7ad,[]
9e22a589-e861-5dc1-899e-680bd197a983,2026-07-18,C6 Bank,20f0fb4e-fcfa-51c7-8939-0f4ce5ed657f,bank_fixed_incomes,LCA,BRBANKLCA3A3|60746948000112|2023-09-14|2026-09-01,ENTRADA,OUTROS,NULL,8.305489,8371.35,8371.35,BRL,d7c97672-8d34-5611-a7bb-7cd315dbd1f4,[]
9e22a589-e861-5dc1-899e-680bd197a983,2026-07-19,C6 Bank,20f0fb4e-fcfa-51c7-8939-0f4ce5ed657f,bank_fixed_incomes,RDB,BRBANKRDB5A5|60518222000122|2023-12-22|2026-12-01,SAIDA,RESGATE,NULL,26.217224,25974.98,25871.6,BRL,5d683286-cb64-585f-9874-e23bc8728c2a,[]
9e22a589-e861-5dc1-899e-680bd197a983,2026-07-19,Nubank,f3ce7b7a-d660-52cf-b819-c10cb66c1338,bank_fixed_incomes,RDB,BRBANKRDB5A5|60518222000122|2025-02-28|2028-02-01,SAIDA,RESGATE,NULL,5.567438,5513.43,5501.51,BRL,75e960b1-c50c-5efd-8ee9-6bed300b7164,[]
9e22a589-e861-5dc1-899e-680bd197a983,2026-07-19,C6 Bank,20f0fb4e-fcfa-51c7-8939-0f4ce5ed657f,bank_fixed_incomes,LCA,BRBANKLCA3A3|60746948000112|2022-07-22|2025-07-01,ENTRADA,APLICACAO,NULL,70.696444,71192.03,71192.03,BRL,8a1fe5e5-8429-5798-97fa-ee7f028e000c,[]
9e22a589-e861-5dc1-899e-680bd197a983,2026-07-20,Nubank,f3ce7b7a-d660-52cf-b819-c10cb66c1338,bank_fixed_incomes,CDB,BRBANKCDB0A0|30680829000143|2022-02-13|2025-02-01,ENTRADA,OUTROS,NULL,7.95668,7973.39,7973.39,BRL,a422cfaa-445c-5dd4-a8c6-2c5abe962876,[]
9e22a589-e861-5dc1-899e-680bd197a983,2026-07-20,C6 Bank,20f0fb4e-fcfa-51c7-8939-0f4ce5ed657f,treasure_titles,Tesouro Prefixado 2029,Tesouro Prefixado 2029,ENTRADA,OUTROS,NULL,0.44,329.31,329.31,BRL,aa682d2c-9ccd-52ba-b012-630d15f85cb8,[]
9e22a589-e861-5dc1-899e-680bd197a983,2026-07-21,Nubank,f3ce7b7a-d660-52cf-b819-c10cb66c1338,bank_fixed_incomes,CDB,BRBANKCDB0A0|30680829000143|2022-02-13|2025-02-01,SAIDA,RESGATE,NULL,50.550832,50578.13,50404.97,BRL,acf23eb8-a962-5717-94bd-567c90b4c49e,[]
9e22a589-e861-5dc1-899e-680bd197a983,2026-07-24,Nubank,f3ce7b7a-d660-52cf-b819-c10cb66c1338,bank_fixed_incomes,CDB,BRBANKCDB0A0|30680829000143|2024-03-07|2027-03-01,ENTRADA,APLICACAO,NULL,115.735544,115438.1,115438.1,BRL,168c29b8-7bce-56b4-8c0b-40e435ce37f3,[]
9e22a589-e861-5dc1-899e-680bd197a983,2026-07-25,Nubank,f3ce7b7a-d660-52cf-b819-c10cb66c1338,bank_fixed_incomes,RDB,BRBANKRDB5A5|60518222000122|2024-12-18|2027-12-01,SAIDA,RESGATE,NULL,65.291916,64658.58,64372.99,BRL,d2e5442c-4169-5597-be31-84cd0ce19415,[]
9e22a589-e861-5dc1-899e-680bd197a983,2026-07-25,C6 Bank,20f0fb4e-fcfa-51c7-8939-0f4ce5ed657f,bank_fixed_incomes,CDB,BRBANKCDB0A0|30680829000143|2023-08-13|2026-08-01,SAIDA,RESGATE,NULL,50.009093,49611.52,49485.96,BRL,dd08ad64-e91a-5871-8e01-f8a8e47936d2,[]
9e22a589-e861-5dc1-899e-680bd197a983,2026-07-27,Nubank,f3ce7b7a-d660-52cf-b819-c10cb66c1338,bank_fixed_incomes,LCI,BRBANKLCI2A2|30306294000145|2024-11-11|2027-11-01,SAIDA,RESGATE,NULL,79.771213,80457.25,80275.81,BRL,2911d93f-047b-5d90-bbe0-3f949fb28f17,[]
9e22a589-e861-5dc1-899e-680bd197a983,2026-07-27,Nubank,f3ce7b7a-d660-52cf-b819-c10cb66c1338,bank_fixed_incomes,RDB,BRBANKRDB5A5|60518222000122|2019-11-10|2022-11-01,SAIDA,RESGATE,NULL,43.423779,43422.91,43268.43,BRL,8cf14825-f63c-5e42-87bb-cc4757b2f210,[]
9e22a589-e861-5dc1-899e-680bd197a983,2026-07-28,C6 Bank,20f0fb4e-fcfa-51c7-8939-0f4ce5ed657f,treasure_titles,Tesouro IPCA+ com Juros Semestrais 2032,Tesouro IPCA+ com Juros Semestrais 2032,ENTRADA,COMPRA,NULL,1.97,2921.18,2921.18,BRL,2169dafe-a287-58aa-997e-0fbc39e6a157,[]
9e22a589-e861-5dc1-899e-680bd197a983,2026-07-28,Nubank,f3ce7b7a-d660-52cf-b819-c10cb66c1338,bank_fixed_incomes,LCA,BRBANKLCA3A3|60746948000112|2020-11-02|2023-11-01,ENTRADA,APLICACAO,NULL,26.928541,26792.01,26792.01,BRL,393f3b3a-7834-5124-a5a3-691f4521d1be,[]
9e22a589-e861-5dc1-899e-680bd197a983,2026-07-29,Nubank,f3ce7b7a-d660-52cf-b819-c10cb66c1338,bank_fixed_incomes,CDB,BRBANKCDB0A0|30680829000143|2022-02-13|2025-02-01,ENTRADA,APLICACAO,NULL,23.490269,23504.36,23504.36,BRL,e739e135-9d32-57d6-a934-2df5dc65810b,[]
9e22a589-e861-5dc1-899e-680bd197a983,2026-07-30,Nubank,f3ce7b7a-d660-52cf-b819-c10cb66c1338,bank_fixed_incomes,CDB,BRBANKCDB0A0|30680829000143|2022-11-27|2025-11-01,SAIDA,RESGATE,NULL,21.488557,21559.47,21493.33,BRL,d53bf172-3274-5cb9-8d06-1f856bb595dc,[]
9e22a589-e861-5dc1-899e-680bd197a983,2026-07-30,C6 Bank,20f0fb4e-fcfa-51c7-8939-0f4ce5ed657f,bank_fixed_incomes,CDB,BRBANKCDB0A0|30680829000143|2023-08-13|2026-08-01,SAIDA,RESGATE,NULL,22.612985,22608.91,22542.98,BRL,ffcff84a-08d1-550c-a591-3e2b331b1007,[]
9e22a589-e861-5dc1-899e-680bd197a983,2026-08-01,Nubank,f3ce7b7a-d660-52cf-b819-c10cb66c1338,bank_fixed_incomes,RDB,BRBANKRDB5A5|60518222000122|2026-05-10|2029-05-01,SAIDA,RESGATE,NULL,51.440105,51781.15,51647.07,BRL,1a6661a3-1392-545f-8df5-37e72c6a7264,[]
9e22a589-e861-5dc1-899e-680bd197a983,2026-08-04,Nubank,f3ce7b7a-d660-52cf-b819-c10cb66c1338,treasure_titles,Tesouro IPCA+ com Juros Semestrais 2032,Tesouro IPCA+ com Juros Semestrais 2032,SAIDA,VENDA,NULL,41.3,61346.92,61203.77,BRL,d6e2d505-e910-55d2-a409-da253ebfdaf8,[]
9e22a589-e861-5dc1-899e-680bd197a983,2026-08-06,Nubank,f3ce7b7a-d660-52cf-b819-c10cb66c1338,bank_fixed_incomes,LCA,BRBANKLCA3A3|60746948000112|2022-03-09|2025-03-01,SAIDA,RESGATE,NULL,12.013342,12005.05,11967.8,BRL,8c3607a8-9d23-5208-9253-f96aaabcb4ee,[]
9e22a589-e861-5dc1-899e-680bd197a983,2026-08-07,Nubank,f3ce7b7a-d660-52cf-b819-c10cb66c1338,variable_incomes,BPAC11,BPAC11,ENTRADA,COMPRA,NULL,1514.0,73977.52,NULL,BRL,428bc478-602a-5947-b1a1-0513d4aa1be7,[]
9e22a589-e861-5dc1-899e-680bd197a983,2026-08-08,Nubank,f3ce7b7a-d660-52cf-b819-c10cb66c1338,bank_fixed_incomes,CDB,BRBANKCDB0A0|30680829000143|2025-06-30|2028-06-01,SAIDA,OUTROS,NULL,0.734685,739.06,739.06,BRL,bc0f4397-7d29-54a6-a14a-e567c2ae9b0a,[]
9e22a589-e861-5dc1-899e-680bd197a983,2026-08-09,Nubank,f3ce7b7a-d660-52cf-b819-c10cb66c1338,bank_fixed_incomes,LCA,BRBANKLCA3A3|60746948000112|2022-03-09|2025-03-01,SAIDA,RESGATE,NULL,17.165869,17322.94,17264.72,BRL,d1a8dec4-ba02-5002-9361-07c1fe44fc36,[]
9e22a589-e861-5dc1-899e-680bd197a983,2026-08-10,Itau,3343bc26-23e3-5745-9c2a-932d111e9079,bank_fixed_incomes,LCA,BRBANKLCA3A3|60746948000112|2021-04-29|2024-04-01,SAIDA,RESGATE,NULL,8.307033,8241.41,8232.73,BRL,e06009b4-d342-5815-94e8-37f1ef5b1629,[]
9e22a589-e861-5dc1-899e-680bd197a983,2026-08-11,Nubank,f3ce7b7a-d660-52cf-b819-c10cb66c1338,variable_incomes,BPAC11,BPAC11,ENTRADA,COMPRA,NULL,517.0,24805.04,NULL,BRL,cb2c5454-de4c-5167-829b-636caaeaccca,[]
9e22a589-e861-5dc1-899e-680bd197a983,2026-08-12,Nubank,f3ce7b7a-d660-52cf-b819-c10cb66c1338,bank_fixed_incomes,LCA,BRBANKLCA3A3|60746948000112|2020-11-02|2023-11-01,SAIDA,RESGATE,NULL,112.566,111490.99,110850.81,BRL,7ef937ae-9cb6-5a28-b121-f6687465fd8b,[]
9e22a589-e861-5dc1-899e-680bd197a983,2026-08-12,Nubank,f3ce7b7a-d660-52cf-b819-c10cb66c1338,funds,SPX NIMITZ ESTRUTURAL FIC FIM,34177667000185,SAIDA,RESGATE,NULL,5338.181818,204854.12,203982.81,BRL,875f8064-0c6c-50d4-8fc5-aba23c085fc2,[]
9e22a589-e861-5dc1-899e-680bd197a983,2026-08-12,Nubank,f3ce7b7a-d660-52cf-b819-c10cb66c1338,bank_fixed_incomes,CDB,BRBANKCDB4A4|00360305000104|2022-08-02|2025-08-01,SAIDA,PAGAMENTO_JUROS,NULL,213.572,5386.91,5379.82,BRL,b2298fea-8985-5257-874c-fd455088270f,[]
9e22a589-e861-5dc1-899e-680bd197a983,2026-08-12,Nubank,f3ce7b7a-d660-52cf-b819-c10cb66c1338,bank_fixed_incomes,RDB,BRBANKRDB1A1|18236120000158|2023-04-15|2026-04-01,SAIDA,RESGATE,NULL,128.985,129141.07,128832.51,BRL,b3f835cf-c1d1-5040-afa3-377cd387fe39,[]
9e22a589-e861-5dc1-899e-680bd197a983,2026-08-12,Nubank,f3ce7b7a-d660-52cf-b819-c10cb66c1338,bank_fixed_incomes,RDB,BRBANKRDB5A5|60518222000122|2024-01-27|2027-01-01,SAIDA,RESGATE,NULL,117.818,117298.42,117040.62,BRL,c55449c5-a72f-5734-9caa-2f4bf691df89,[]
9e22a589-e861-5dc1-899e-680bd197a983,2026-08-12,Nubank,f3ce7b7a-d660-52cf-b819-c10cb66c1338,bank_fixed_incomes,RDB,BRBANKRDB5A5|60518222000122|2019-11-10|2022-11-01,SAIDA,RESGATE,NULL,222.687,222134.74,221995.52,BRL,d2d58f2c-2e33-565b-8dd1-2d6bd12661ef,[]
9e22a589-e861-5dc1-899e-680bd197a983,2026-08-13,Nubank,f3ce7b7a-d660-52cf-b819-c10cb66c1338,credit_fixed_incomes,VAMOS LOCACAO S.A.,BRDEBSEC03A3|07689002000189|2031-06-15,ENTRADA,COMPRA,NULL,28.62287,28303.44,28303.44,BRL,597896d6-8541-53e6-a02d-89aa65750ebf,[]
9e22a589-e861-5dc1-899e-680bd197a983,2026-08-13,Nubank,f3ce7b7a-d660-52cf-b819-c10cb66c1338,bank_fixed_incomes,CDB,BRBANKCDB0A0|30680829000143|2022-02-13|2025-02-01,ENTRADA,APLICACAO,NULL,33.503818,33654.25,33654.25,BRL,773dbcaf-e349-535b-bec5-6d70bec78a66,[]
9e22a589-e861-5dc1-899e-680bd197a983,2026-08-16,Nubank,f3ce7b7a-d660-52cf-b819-c10cb66c1338,bank_fixed_incomes,CDB,BRBANKCDB0A0|30680829000143|2024-07-04|2027-07-01,ENTRADA,APLICACAO,NULL,6.77446,6795.6,6795.6,BRL,34566ec6-2118-5e5d-abd1-681d43abf3b4,[]
9e22a589-e861-5dc1-899e-680bd197a983,2026-08-16,Nubank,f3ce7b7a-d660-52cf-b819-c10cb66c1338,bank_fixed_incomes,RDB,BRBANKRDB1A1|18236120000158|2020-03-29|2023-03-01,SAIDA,PAGAMENTO_JUROS,NULL,65.186,332.12,331.97,BRL,827b9b66-b507-5437-b64e-7c1e515367b3,[]
9e22a589-e861-5dc1-899e-680bd197a983,2026-08-17,Itau,3343bc26-23e3-5745-9c2a-932d111e9079,bank_fixed_incomes,LCA,BRBANKLCA3A3|60746948000112|2021-04-29|2024-04-01,SAIDA,RESGATE,NULL,17.146443,17076.66,17016.79,BRL,46297182-ee23-5cc8-8a80-80c0e970c668,[]
9e22a589-e861-5dc1-899e-680bd197a983,2026-08-17,Nubank,f3ce7b7a-d660-52cf-b819-c10cb66c1338,bank_fixed_incomes,LCI,BRBANKLCI2A2|30306294000145|2022-03-23|2025-03-01,ENTRADA,OUTROS,NULL,2.146927,2145.38,2145.38,BRL,eff21ef3-6647-57ed-8a36-c0b63be6183a,[]
9e22a589-e861-5dc1-899e-680bd197a983,2026-08-18,Nubank,f3ce7b7a-d660-52cf-b819-c10cb66c1338,bank_fixed_incomes,RDB,BRBANKRDB1A1|18236120000158|2023-08-26|2026-08-01,ENTRADA,APLICACAO,NULL,37.31618,37528.51,37528.51,BRL,94dd2a3f-0d11-56d1-9e9b-e1ec5e513a91,[]
9e22a589-e861-5dc1-899e-680bd197a983,2026-08-18,Itau,3343bc26-23e3-5745-9c2a-932d111e9079,variable_incomes,HASH11,HASH11,SAIDA,VENDA,NULL,754.0,46065.63,NULL,BRL,f44ed357-aefc-5a9e-9cbe-1b5c51fc9e90,[]
9e22a589-e861-5dc1-899e-680bd197a983,2026-08-19,Nubank,f3ce7b7a-d660-52cf-b819-c10cb66c1338,bank_fixed_incomes,RDB,BRBANKRDB1A1|18236120000158|2020-03-29|2023-03-01,SAIDA,RESGATE,NULL,19.637516,19513.41,19454.61,BRL,140b713d-f1a9-57ec-85d5-0742afcf81b2,[]
9e22a589-e861-5dc1-899e-680bd197a983,2026-08-19,Itau,3343bc26-23e3-5745-9c2a-932d111e9079,bank_fixed_incomes,CDB,BRBANKCDB0A0|30680829000143|2020-07-11|2023-07-01,SAIDA,OUTROS,NULL,7.34275,7330.41,7330.41,BRL,ecb5e059-2554-55b8-9a86-4da34c39a57f,[]
9e22a589-e861-5dc1-899e-680bd197a983,2026-08-20,Nubank,f3ce7b7a-d660-52cf-b819-c10cb66c1338,variable_incomes,ITUB4,ITUB4,ENTRADA,COMPRA,NULL,42.0,1084.61,NULL,BRL,79adef41-e57b-5924-9427-c1ad10d113e7,[]
9e22a589-e861-5dc1-899e-680bd197a983,2026-08-20,Nubank,f3ce7b7a-d660-52cf-b819-c10cb66c1338,bank_fixed_incomes,LCI,BRBANKLCI2A2|30306294000145|2022-03-23|2025-03-01,SAIDA,RESGATE,NULL,5.138968,5189.95,5170.15,BRL,d5aa104b-9a71-5e26-b8ed-2afe5d42eabe,[]
9e22a589-e861-5dc1-899e-680bd197a983,2026-08-21,Nubank,f3ce7b7a-d660-52cf-b819-c10cb66c1338,variable_incomes,ITUB4,ITUB4,SAIDA,DIVIDENDOS,NULL,NULL,192.06,NULL,BRL,357e22e2-699b-52bd-bb66-eee569cd9ea6,[]
9e22a589-e861-5dc1-899e-680bd197a983,2026-08-21,Nubank,f3ce7b7a-d660-52cf-b819-c10cb66c1338,variable_incomes,VALE3,VALE3,SAIDA,ALUGUEIS,NULL,NULL,7292.24,NULL,BRL,c883dfcf-3aa8-5c19-87cd-7246f7daa01e,[]
9e22a589-e861-5dc1-899e-680bd197a983,2026-08-21,Nubank,f3ce7b7a-d660-52cf-b819-c10cb66c1338,funds,TESOURO SELIC SIMPLES FIRF,32915987000180,ENTRADA,APLICACAO,NULL,1259.88608,79226.36,NULL,BRL,dadf0fbb-0096-5e87-be4d-ff9a36d7726e,[]
9e22a589-e861-5dc1-899e-680bd197a983,NULL,Nubank,f3ce7b7a-d660-52cf-b819-c10cb66c1338,bank_fixed_incomes,LCI,BRBANKLCI2A2|30306294000145|2021-11-03|2024-11-01,ENTRADA,TRANSFERENCIA_CUSTODIA,NULL,172.816,172816.0,172816.0,BRL,397bd42a-9979-5223-829b-c311d3918ee0,[transaction_date:missing]
9e22a589-e861-5dc1-899e-680bd197a983,NULL,Itau,3343bc26-23e3-5745-9c2a-932d111e9079,bank_fixed_incomes,RDB,BRBANKRDB5A5|92894922000108|2024-02-29|2027-02-01,SAIDA,RESGATE,NULL,108.245996,108789.39,108315.13,BRL,69e340e4-4227-53aa-9fab-e02cea99a5bb,[transaction_date:missing]
9e22a589-e861-5dc1-899e-680bd197a983,NULL,Nubank,f3ce7b7a-d660-52cf-b819-c10cb66c1338,variable_incomes,WEGE3,WEGE3,ENTRADA,COMPRA,NULL,3678.0,147120.0,NULL,BRL,943eb29a-5b47-5866-b4d4-861e2f4ce7ec,[transaction_date:missing]
9e22a589-e861-5dc1-899e-680bd197a983,NULL,Nubank,f3ce7b7a-d660-52cf-b819-c10cb66c1338,bank_fixed_incomes,LCI,BRBANKLCI2A2|30306294000145|2022-06-28|2025-06-01,ENTRADA,APLICACAO,NULL,196.848,196848.0,196848.0,BRL,9eeefef9-7efc-5956-87ac-1d3a5a21342d,[transaction_date:missing]
