transaction_date,institution_name,account_id,product_family,holding_name,holding_key,movement_type,transaction_type,transaction_type_additional_info,gross_amount,net_amount,currency,transaction_id,data_quality_flags
2019-10-06,BTG Banking,ccdc8073-a0e3-5799-992d-9af6310ba197,bank_fixed_incomes,RDB,BRBANKRDB5A5|60518222000122|2019-10-06|2022-10-01,ENTRADA,APLICACAO,NULL,232340.0,232340.0,BRL,7486446893143310,[]
2019-10-16,BTG Banking,ccdc8073-a0e3-5799-992d-9af6310ba197,variable_incomes,BBDC4,BBDC4,ENTRADA,COMPRA,NULL,206862.5,NULL,BRL,8653036667641454,[]
2019-10-31,BTG Banking,ccdc8073-a0e3-5799-992d-9af6310ba197,bank_fixed_incomes,LCA,BRBANKLCA3A3|60746948000112|2019-10-31|2022-10-01,ENTRADA,APLICACAO,NULL,184584.0,184584.0,BRL,2369575189900074,[]
2019-11-15,BTG Banking,ccdc8073-a0e3-5799-992d-9af6310ba197,variable_incomes,PETR4,PETR4,ENTRADA,COMPRA,NULL,196480.0,NULL,BRL,8940043255666074,[]
2019-11-20,BTG Banking,ccdc8073-a0e3-5799-992d-9af6310ba197,funds,TESOURO SELIC SIMPLES FIRF,32915987000180,ENTRADA,APLICACAO,NULL,169902.0,NULL,BRL,2754291178915057,[]
2019-11-22,BTG Banking,ccdc8073-a0e3-5799-992d-9af6310ba197,treasure_titles,Tesouro Educa+ 2031,Tesouro Educa+ 2031,ENTRADA,COMPRA,NULL,167647.5,167647.5,BRL,5205193430044954,[]
2020-01-10,BTG Banking,ccdc8073-a0e3-5799-992d-9af6310ba197,bank_fixed_incomes,CDB,BRBANKCDB4A4|00360305000104|2020-01-10|2023-01-01,ENTRADA,APLICACAO,NULL,54270.0,54270.0,BRL,5838147242880924,[]
2020-01-28,BTG Banking,ccdc8073-a0e3-5799-992d-9af6310ba197,bank_fixed_incomes,CDB,BRBANKCDB0A0|30680829000143|2020-01-28|2023-01-01,ENTRADA,APLICACAO,NULL,125447.0,125447.0,BRL,1755647427342547,[]
2020-02-29,BTG Banking,ccdc8073-a0e3-5799-992d-9af6310ba197,funds,KAPITALO KAPPA FIC FIM,18318213000154,ENTRADA,APLICACAO,NULL,20181.0,NULL,BRL,4412656166270776,[]
2020-03-13,BTG Banking,ccdc8073-a0e3-5799-992d-9af6310ba197,bank_fixed_incomes,CDB,BRBANKCDB0A0|30680829000143|2020-03-13|2023-03-01,ENTRADA,APLICACAO,NULL,51312.0,51312.0,BRL,6753473890523981,[]
2020-04-01,BTG Banking,ccdc8073-a0e3-5799-992d-9af6310ba197,bank_fixed_incomes,RDB,BRBANKRDB1A1|18236120000158|2020-04-01|2023-04-01,ENTRADA,APLICACAO,NULL,81729.0,81729.0,BRL,1577683605469969,[duplicate:cross_id]
2020-04-11,BTG Banking,ccdc8073-a0e3-5799-992d-9af6310ba197,variable_incomes,ITUB4,ITUB4,ENTRADA,COMPRA,NULL,225900.0,NULL,BRL,8596280439815734,[]
2020-06-16,BTG Banking,ccdc8073-a0e3-5799-992d-9af6310ba197,bank_fixed_incomes,NULL,7125637152198790,ENTRADA,APLICACAO,NULL,213192.0,213192.0,BRL,7682280470003757,[]
2020-06-19,BTG Banking,ccdc8073-a0e3-5799-992d-9af6310ba197,variable_incomes,B3SA3,B3SA3,ENTRADA,COMPRA,NULL,112145.0,NULL,BRL,6655527890762326,[]
2020-07-03,BTG Banking,ccdc8073-a0e3-5799-992d-9af6310ba197,bank_fixed_incomes,CDB,BRBANKCDB4A4|00360305000104|2020-07-03|2023-07-01,ENTRADA,APLICACAO,NULL,16052.0,16052.0,BRL,6373576800844725,[]
2020-08-09,BTG Banking,ccdc8073-a0e3-5799-992d-9af6310ba197,bank_fixed_incomes,RDB,BRBANKRDB1A1|18236120000158|2020-08-09|2023-08-01,ENTRADA,APLICACAO,NULL,192228.0,192228.0,BRL,1009132204114687,[duplicate:cross_id]
2020-08-12,Nubank,495fc091-d764-5a72-8f9b-708ae74cbe45,bank_fixed_incomes,CDB,BRBANKCDB4A4|00360305000104|2020-08-12|2023-08-01,ENTRADA,TRANSFERENCIA_CUSTODIA,NULL,174799.0,174799.0,BRL,d6f727c9-88ed-569a-9771-764a023e5a9c,[]
2020-08-18,BTG Banking,ccdc8073-a0e3-5799-992d-9af6310ba197,bank_fixed_incomes,LCA,BRBANKLCA3A3|60746948000112|2020-08-18|2023-08-01,ENTRADA,APLICACAO,NULL,169955.0,169955.0,BRL,2803836710086930,[]
2020-09-08,BTG Banking,ccdc8073-a0e3-5799-992d-9af6310ba197,bank_fixed_incomes,RDB,BRBANKRDB5A5|60518222000122|2020-09-08|2023-09-01,ENTRADA,APLICACAO,NULL,221541.0,221541.0,BRL,3738662068017127,[]
2020-09-09,BTG Banking,ccdc8073-a0e3-5799-992d-9af6310ba197,bank_fixed_incomes,CDB,BRBANKCDB4A4|00360305000104|2020-09-09|2023-09-01,ENTRADA,APLICACAO,NULL,165624.0,165624.0,BRL,1998070370557699,[]
2020-09-20,BTG Banking,ccdc8073-a0e3-5799-992d-9af6310ba197,credit_fixed_incomes,MRS LOGISTICA S/A,BRCRISEC02A2|01417222000177|2027-06-15,ENTRADA,COMPRA,NULL,56301.0,56301.0,BRL,0247693826107469,[]
2020-09-23,BTG Banking,ccdc8073-a0e3-5799-992d-9af6310ba197,bank_fixed_incomes,LCI,BRBANKLCI2A2|30306294000145|2020-09-23|2023-09-01,ENTRADA,APLICACAO,NULL,74475.0,74475.0,BRL,4165853264723112,[]
2020-10-10,BTG Banking,ccdc8073-a0e3-5799-992d-9af6310ba197,bank_fixed_incomes,CDB,BRBANKCDB0A0|30680829000143|2020-10-10|2023-10-01,ENTRADA,APLICACAO,NULL,114311.0,114311.0,BRL,5981820337035534,[]
2020-10-12,BTG Banking,ccdc8073-a0e3-5799-992d-9af6310ba197,variable_incomes,BPAC11,BPAC11,ENTRADA,COMPRA,NULL,140600.0,NULL,BRL,2533303224347079,[]
2020-10-16,BTG Banking,ccdc8073-a0e3-5799-992d-9af6310ba197,treasure_titles,Tesouro Educa+ 2031,Tesouro Educa+ 2031,ENTRADA,COMPRA,NULL,7695.0,7695.0,BRL,1358101764684385,[]
2020-11-11,BTG Banking,ccdc8073-a0e3-5799-992d-9af6310ba197,bank_fixed_incomes,LCI,BRBANKLCI2A2|30306294000145|2020-11-11|2023-11-01,ENTRADA,APLICACAO,NULL,156661.0,156661.0,BRL,3891074634550159,[]
2020-12-08,BTG Banking,ccdc8073-a0e3-5799-992d-9af6310ba197,bank_fixed_incomes,CDB,BRBANKCDB4A4|00360305000104|2020-12-08|2023-12-01,ENTRADA,APLICACAO,NULL,29411.0,29411.0,BRL,0007771204590645,[]
2020-12-15,BTG Banking,ccdc8073-a0e3-5799-992d-9af6310ba197,bank_fixed_incomes,LCA,BRBANKLCA3A3|60746948000112|2020-12-15|2023-12-01,ENTRADA,APLICACAO,NULL,196762.0,196762.0,BRL,8213237917583855,[]
2021-01-27,BTG Banking,ccdc8073-a0e3-5799-992d-9af6310ba197,funds,IPCA LONGA DURACAO FIC FIRF,29562673000117,ENTRADA,APLICACAO,NULL,248948.0,NULL,BRL,3890712380797536,[]
2021-02-01,BTG Banking,ccdc8073-a0e3-5799-992d-9af6310ba197,bank_fixed_incomes,LCI,BRBANKLCI2A2|30306294000145|2021-02-01|2024-02-01,ENTRADA,APLICACAO,NULL,55221.0,55221.0,BRL,8761190145747787,[]
2021-02-13,Nubank,495fc091-d764-5a72-8f9b-708ae74cbe45,treasure_titles,Tesouro IPCA+ com Juros Semestrais 2032,Tesouro IPCA+ com Juros Semestrais 2032,ENTRADA,COMPRA,NULL,61905.0,61905.0,BRL,2635fc65-72ca-5fe5-8975-4f00d288c1af,[]
2021-02-22,BTG Banking,ccdc8073-a0e3-5799-992d-9af6310ba197,variable_incomes,VALE3,VALE3,ENTRADA,COMPRA,NULL,191380.0,NULL,BRL,9095449641975153,[]
2021-02-23,BTG Banking,ccdc8073-a0e3-5799-992d-9af6310ba197,bank_fixed_incomes,LCA,BRBANKLCA3A3|60746948000112|2021-02-23|2024-02-01,ENTRADA,APLICACAO,NULL,213084.0,213084.0,BRL,4525952786294926,[]
2021-03-02,BTG Banking,ccdc8073-a0e3-5799-992d-9af6310ba197,bank_fixed_incomes,RDB,BRBANKRDB1A1|18236120000158|2021-03-02|2024-03-01,ENTRADA,APLICACAO,NULL,85884.0,85884.0,BRL,4329987307856312,[]
2021-03-08,BTG Banking,ccdc8073-a0e3-5799-992d-9af6310ba197,bank_fixed_incomes,RDB,BRBANKRDB1A1|18236120000158|2021-03-08|2024-03-01,ENTRADA,APLICACAO,NULL,66208.0,66208.0,BRL,3433335786541509,[]
2021-03-12,BTG Banking,ccdc8073-a0e3-5799-992d-9af6310ba197,variable_incomes,HASH11,HASH11,ENTRADA,COMPRA,NULL,100187.5,NULL,BRL,7261028751427119,[]
2021-03-24,BTG Banking,ccdc8073-a0e3-5799-992d-9af6310ba197,bank_fixed_incomes,LCI,BRBANKLCI2A2|30306294000145|2021-03-24|2024-03-01,ENTRADA,APLICACAO,NULL,218476.0,218476.0,BRL,8426076166126206,[]
2021-04-07,BTG Banking,ccdc8073-a0e3-5799-992d-9af6310ba197,bank_fixed_incomes,LCA,BRBANKLCA3A3|60746948000112|2021-04-07|2024-04-01,ENTRADA,APLICACAO,NULL,157130.0,157130.0,BRL,8854203171647999,[]
2021-04-13,BTG Banking,ccdc8073-a0e3-5799-992d-9af6310ba197,bank_fixed_incomes,CDB,BRBANKCDB4A4|00360305000104|2021-04-13|2024-04-01,ENTRADA,APLICACAO,NULL,193230.0,193230.0,BRL,8688677868621579,[]
2021-04-17,BTG Banking,ccdc8073-a0e3-5799-992d-9af6310ba197,credit_fixed_incomes,LOCALIZA RENT A CAR SA,BRDEBSEC07A7|16670085000155|2027-06-15,ENTRADA,COMPRA,NULL,164469.0,164469.0,BRL,9912807480196323,[]
2021-05-09,BTG Banking,ccdc8073-a0e3-5799-992d-9af6310ba197,bank_fixed_incomes,LCA,BRBANKLCA3A3|60746948000112|2021-05-09|2024-05-01,ENTRADA,APLICACAO,NULL,239753.0,239753.0,BRL,4392377425038930,[]
2021-05-26,Nubank,495fc091-d764-5a72-8f9b-708ae74cbe45,bank_fixed_incomes,NULL,b8e7d82a-d4fd-52e3-8b0a-124892018984,ENTRADA,APLICACAO,NULL,184314.0,184314.0,BRL,8cfd6171-ce74-51d8-8c38-c398a87b93a0,[]
2021-05-31,BTG Banking,ccdc8073-a0e3-5799-992d-9af6310ba197,variable_incomes,NULL,5730808644083590,ENTRADA,COMPRA,NULL,202500.0,NULL,BRL,2073214997861007,[]
2021-06-17,Nubank,495fc091-d764-5a72-8f9b-708ae74cbe45,treasure_titles,Tesouro Selic 2031,Tesouro Selic 2031,ENTRADA,COMPRA,NULL,44677.5,44677.5,BRL,4fbd3b65-5331-5b10-b438-3d3694b79579,[]
2021-06-29,BTG Banking,ccdc8073-a0e3-5799-992d-9af6310ba197,funds,KAPITALO KAPPA FIC FIM,18318213000154,ENTRADA,APLICACAO,NULL,239763.0,NULL,BRL,8158635487501420,[]
2021-07-24,BTG Banking,ccdc8073-a0e3-5799-992d-9af6310ba197,variable_incomes,BPAC11,BPAC11,ENTRADA,COMPRA,NULL,14440.0,NULL,BRL,3727048159979777,[]
2021-07-25,BTG Banking,ccdc8073-a0e3-5799-992d-9af6310ba197,bank_fixed_incomes,RDB,BRBANKRDB5A5|60518222000122|2021-07-25|2024-07-01,ENTRADA,APLICACAO,NULL,7271.0,7271.0,BRL,1880956973923028,[]
2021-07-27,BTG Banking,ccdc8073-a0e3-5799-992d-9af6310ba197,variable_incomes,B3SA3,B3SA3,ENTRADA,COMPRA,NULL,218185.0,NULL,BRL,2145724313565711,[]
2021-07-30,BTG Banking,ccdc8073-a0e3-5799-992d-9af6310ba197,funds,IPCA LONGA DURACAO FIC FIRF,29562673000117,ENTRADA,APLICACAO,NULL,85265.0,NULL,BRL,7725464292733337,[]
2021-08-14,BTG Banking,ccdc8073-a0e3-5799-992d-9af6310ba197,funds,KAPITALO KAPPA FIC FIM,18318213000154,ENTRADA,APLICACAO,NULL,30938.0,NULL,BRL,4561517180239095,[]
2021-08-20,BTG Banking,ccdc8073-a0e3-5799-992d-9af6310ba197,funds,ALASKA BLACK FIC FIA - BDR NIVEL I,11052478000102,ENTRADA,APLICACAO,NULL,27743.0,NULL,BRL,4579996468665486,[]
2021-09-11,BTG Banking,ccdc8073-a0e3-5799-992d-9af6310ba197,bank_fixed_incomes,LCI,BRBANKLCI2A2|30306294000145|2021-09-11|2024-09-01,ENTRADA,APLICACAO,NULL,138152.0,138152.0,BRL,9300114462001440,[]
2021-10-11,BTG Banking,ccdc8073-a0e3-5799-992d-9af6310ba197,funds,SPX NIMITZ ESTRUTURAL FIC FIM,34177667000185,ENTRADA,APLICACAO,NULL,211042.0,NULL,BRL,7422917836418722,[]
2021-10-12,BTG Banking,ccdc8073-a0e3-5799-992d-9af6310ba197,bank_fixed_incomes,CDB,BRBANKCDB0A0|30680829000143|2021-10-12|2024-10-01,ENTRADA,APLICACAO,NULL,221059.0,221059.0,BRL,3834907607763521,[]
2021-10-20,BTG Banking,ccdc8073-a0e3-5799-992d-9af6310ba197,bank_fixed_incomes,CDB,BRBANKCDB4A4|00360305000104|2021-10-20|2024-10-01,ENTRADA,APLICACAO,NULL,122095.0,122095.0,BRL,8104335862652780,[]
2021-10-27,Nubank,495fc091-d764-5a72-8f9b-708ae74cbe45,bank_fixed_incomes,LCA,BRBANKLCA3A3|60746948000112|2021-10-27|2024-10-01,ENTRADA,APLICACAO,NULL,224981.0,224981.0,BRL,c2c2ca4f-991d-57f7-af94-dfa69b43b96e,[]
2021-11-22,BTG Banking,ccdc8073-a0e3-5799-992d-9af6310ba197,treasure_titles,Tesouro Selic 2031,Tesouro Selic 2031,ENTRADA,COMPRA,NULL,112385.0,112385.0,BRL,6490522700619101,[]
2021-11-25,BTG Banking,ccdc8073-a0e3-5799-992d-9af6310ba197,bank_fixed_incomes,CDB,BRBANKCDB0A0|30680829000143|2021-11-25|2024-11-01,ENTRADA,APLICACAO,NULL,221223.0,221223.0,BRL,7866922044382170,[]
2021-12-03,BTG Banking,ccdc8073-a0e3-5799-992d-9af6310ba197,treasure_titles,Tesouro Prefixado 2027,Tesouro Prefixado 2027,ENTRADA,COMPRA,NULL,1310.0,1310.0,BRL,2079889163143738,[]
2021-12-15,BTG Banking,ccdc8073-a0e3-5799-992d-9af6310ba197,bank_fixed_incomes,RDB,BRBANKRDB5A5|60518222000122|2021-12-15|2024-12-01,ENTRADA,APLICACAO,NULL,91796.0,91796.0,BRL,2809651780902978,[]
2021-12-17,BTG Banking,ccdc8073-a0e3-5799-992d-9af6310ba197,credit_fixed_incomes,OMEGA ENERGIA S.A.,BRCRASEC00A0|09149503000106|2026-06-15,ENTRADA,COMPRA,NULL,6149.0,6149.0,BRL,5967967423425650,[]
2021-12-21,BTG Banking,ccdc8073-a0e3-5799-992d-9af6310ba197,variable_incomes,PETR4,PETR4,ENTRADA,COMPRA,NULL,225720.0,NULL,BRL,1291050547282345,[]
2021-12-25,BTG Banking,ccdc8073-a0e3-5799-992d-9af6310ba197,bank_fixed_incomes,LCA,BRBANKLCA3A3|60746948000112|2021-12-25|2024-12-01,ENTRADA,APLICACAO,NULL,169842.0,169842.0,BRL,2993082260831449,[]
2021-12-29,BTG Banking,ccdc8073-a0e3-5799-992d-9af6310ba197,bank_fixed_incomes,CDB,BRBANKCDB0A0|30680829000143|2021-12-29|2024-12-01,ENTRADA,APLICACAO,NULL,113028.0,113028.0,BRL,5804235413003458,[]
2021-12-30,BTG Banking,ccdc8073-a0e3-5799-992d-9af6310ba197,bank_fixed_incomes,RDB,BRBANKRDB5A5|60518222000122|2021-12-30|2024-12-01,ENTRADA,APLICACAO,NULL,149325.0,149325.0,BRL,4594843458880473,[]
2022-01-06,BTG Banking,ccdc8073-a0e3-5799-992d-9af6310ba197,funds,TESOURO SELIC SIMPLES FIRF,32915987000180,ENTRADA,APLICACAO,NULL,177364.0,NULL,BRL,9777483512110716,[]
2022-01-19,BTG Banking,ccdc8073-a0e3-5799-992d-9af6310ba197,funds,ALASKA BLACK FIC FIA - BDR NIVEL I,11052478000102,ENTRADA,APLICACAO,NULL,199029.0,NULL,BRL,3022975882210761,[]
2022-01-24,Nubank,495fc091-d764-5a72-8f9b-708ae74cbe45,bank_fixed_incomes,RDB,BRBANKRDB5A5|60518222000122|2022-01-24|2025-01-01,ENTRADA,APLICACAO,NULL,43437.0,43437.0,BRL,6e78f2db-30c4-5dfc-9eed-c507ec9147f8,[]
2022-02-04,BTG Banking,ccdc8073-a0e3-5799-992d-9af6310ba197,bank_fixed_incomes,RDB,BRBANKRDB5A5|60518222000122|2022-02-04|2025-02-01,ENTRADA,APLICACAO,NULL,161980.0,161980.0,BRL,9406346236249818,[]
2022-03-01,BTG Banking,ccdc8073-a0e3-5799-992d-9af6310ba197,bank_fixed_incomes,RDB,BRBANKRDB1A1|18236120000158|2022-03-01|2025-03-01,ENTRADA,TRANSFERENCIA_CUSTODIA,NULL,136991.0,136991.0,BRL,5901698832490802,[]
2022-03-06,BTG Banking,ccdc8073-a0e3-5799-992d-9af6310ba197,treasure_titles,Tesouro IPCA+ 2029,Tesouro IPCA+ 2029,ENTRADA,COMPRA,NULL,184280.0,184280.0,BRL,1931425721888098,[]
2022-03-24,BTG Banking,ccdc8073-a0e3-5799-992d-9af6310ba197,variable_incomes,NULL,3017111220589413,ENTRADA,COMPRA,NULL,217035.0,NULL,BRL,7408021248244283,[]
2022-04-03,BTG Banking,ccdc8073-a0e3-5799-992d-9af6310ba197,funds,SELECAO DIVIDENDOS FIC FIA,07059417000107,ENTRADA,APLICACAO,NULL,44388.0,NULL,BRL,6292811840944834,[]
2022-04-05,BTG Banking,ccdc8073-a0e3-5799-992d-9af6310ba197,bank_fixed_incomes,CDB,BRBANKCDB0A0|30680829000143|2022-04-05|2025-04-01,ENTRADA,APLICACAO,NULL,1474.0,1474.0,BRL,1846173936783269,[]
2022-05-05,BTG Banking,ccdc8073-a0e3-5799-992d-9af6310ba197,variable_incomes,ITUB4,ITUB4,ENTRADA,COMPRA,NULL,55700.0,NULL,BRL,7560827563228596,[]
2022-05-09,BTG Banking,ccdc8073-a0e3-5799-992d-9af6310ba197,bank_fixed_incomes,LCA,BRBANKLCA3A3|60746948000112|2022-05-09|2025-05-01,ENTRADA,APLICACAO,NULL,206711.0,206711.0,BRL,2638879188079363,[]
2022-05-14,BTG Banking,ccdc8073-a0e3-5799-992d-9af6310ba197,bank_fixed_incomes,CDB,BRBANKCDB4A4|00360305000104|2022-05-14|2025-05-01,ENTRADA,APLICACAO,NULL,157030.0,157030.0,BRL,2375651904284577,[]
2022-05-28,BTG Banking,ccdc8073-a0e3-5799-992d-9af6310ba197,bank_fixed_incomes,RDB,BRBANKRDB1A1|18236120000158|2022-05-28|2025-05-01,ENTRADA,APLICACAO,NULL,50634.0,50634.0,BRL,9484916824044274,[]
2022-05-30,BTG Banking,ccdc8073-a0e3-5799-992d-9af6310ba197,credit_fixed_incomes,MRS LOGISTICA S/A,BRDEBSEC05A5|01417222000177|2029-06-15,ENTRADA,COMPRA,NULL,172424.0,172424.0,BRL,3212579070885865,[]
2022-06-08,BTG Banking,ccdc8073-a0e3-5799-992d-9af6310ba197,bank_fixed_incomes,RDB,BRBANKRDB5A5|60518222000122|2022-06-08|2025-06-01,ENTRADA,APLICACAO,NULL,196325.0,196325.0,BRL,4673132635943509,[]
2022-06-12,BTG Banking,ccdc8073-a0e3-5799-992d-9af6310ba197,funds,SPX NIMITZ ESTRUTURAL FIC FIM,34177667000185,ENTRADA,APLICACAO,NULL,193711.0,NULL,BRL,2474634654895552,[]
2022-06-23,BTG Banking,ccdc8073-a0e3-5799-992d-9af6310ba197,bank_fixed_incomes,RDB,BRBANKRDB5A5|60518222000122|2022-06-23|2025-06-01,ENTRADA,APLICACAO,NULL,163999.0,163999.0,BRL,7467376604414127,[]
2022-07-11,BTG Banking,ccdc8073-a0e3-5799-992d-9af6310ba197,bank_fixed_incomes,RDB,BRBANKRDB5A5|60518222000122|2022-07-11|2025-07-01,ENTRADA,APLICACAO,NULL,235349.0,235349.0,BRL,3409228643404573,[]
2022-07-14,BTG Banking,ccdc8073-a0e3-5799-992d-9af6310ba197,bank_fixed_incomes,LCA,BRBANKLCA3A3|60746948000112|2022-07-14|2025-07-01,ENTRADA,APLICACAO,NULL,117318.0,117318.0,BRL,5905517993878684,[]
2022-07-30,BTG Banking,ccdc8073-a0e3-5799-992d-9af6310ba197,credit_fixed_incomes,MRS LOGISTICA S/A,BRCRISEC06A6|01417222000177|2027-06-15,ENTRADA,COMPRA,NULL,35492.0,35492.0,BRL,6437552984385587,[]
2022-08-13,BTG Banking,ccdc8073-a0e3-5799-992d-9af6310ba197,bank_fixed_incomes,CDB,BRBANKCDB0A0|30680829000143|2022-08-13|2025-08-01,ENTRADA,APLICACAO,NULL,75615.0,75615.0,BRL,6170863105070598,[]
2022-08-14,Nubank,495fc091-d764-5a72-8f9b-708ae74cbe45,funds,TESOURO SELIC SIMPLES FIRF,32915987000180,ENTRADA,APLICACAO,NULL,42783.0,NULL,BRL,7fc97bf0-26f8-5ff6-b52c-7a01bc772dac,[]
2022-09-02,BTG Banking,ccdc8073-a0e3-5799-992d-9af6310ba197,bank_fixed_incomes,RDB,BRBANKRDB1A1|18236120000158|2022-09-02|2025-09-01,ENTRADA,APLICACAO,NULL,61482.0,61482.0,BRL,1952125935837628,[]
2022-10-14,BTG Banking,ccdc8073-a0e3-5799-992d-9af6310ba197,bank_fixed_incomes,CDB,BRBANKCDB4A4|00360305000104|2022-10-14|2025-10-01,ENTRADA,APLICACAO,NULL,73881.0,73881.0,BRL,3306128318033230,[]
2022-10-25,BTG Banking,ccdc8073-a0e3-5799-992d-9af6310ba197,bank_fixed_incomes,LCA,BRBANKLCA3A3|60746948000112|2022-10-25|2025-10-01,ENTRADA,APLICACAO,NULL,12769.0,12769.0,BRL,1153934630930849,[]
2022-10-26,BTG Banking,ccdc8073-a0e3-5799-992d-9af6310ba197,bank_fixed_incomes,CDB,BRBANKCDB0A0|30680829000143|2022-10-26|2025-10-01,ENTRADA,APLICACAO,NULL,92767.0,92767.0,BRL,4400132763576148,[]
2022-11-06,BTG Banking,ccdc8073-a0e3-5799-992d-9af6310ba197,bank_fixed_incomes,LCI,BRBANKLCI2A2|30306294000145|2022-11-06|2025-11-01,ENTRADA,APLICACAO,NULL,14862.0,14862.0,BRL,4831129543591690,[]
2022-11-12,BTG Banking,ccdc8073-a0e3-5799-992d-9af6310ba197,bank_fixed_incomes,LCI,BRBANKLCI2A2|30306294000145|2022-11-12|2025-11-01,ENTRADA,TRANSFERENCIA_CUSTODIA,NULL,222728.0,222728.0,BRL,4349598712879271,[]
2022-12-03,BTG Banking,ccdc8073-a0e3-5799-992d-9af6310ba197,bank_fixed_incomes,CDB,BRBANKCDB4A4|00360305000104|2022-12-03|2025-12-01,ENTRADA,APLICACAO,NULL,242314.0,242314.0,BRL,7570696445848722,[]
2022-12-17,BTG Banking,ccdc8073-a0e3-5799-992d-9af6310ba197,bank_fixed_incomes,RDB,BRBANKRDB5A5|60518222000122|2022-12-17|2025-12-01,ENTRADA,APLICACAO,NULL,157614.0,157614.0,BRL,0173610077577411,[]
2022-12-21,BTG Banking,ccdc8073-a0e3-5799-992d-9af6310ba197,bank_fixed_incomes,RDB,BRBANKRDB5A5|60518222000122|2022-12-21|2025-12-01,ENTRADA,APLICACAO,NULL,137547.0,137547.0,BRL,5831975602876405,[]
2022-12-31,BTG Banking,ccdc8073-a0e3-5799-992d-9af6310ba197,bank_fixed_incomes,LCI,BRBANKLCI2A2|30306294000145|2022-12-31|2025-12-01,ENTRADA,APLICACAO,NULL,173154.0,173154.0,BRL,3110187889736210,[]
2023-01-01,BTG Banking,ccdc8073-a0e3-5799-992d-9af6310ba197,bank_fixed_incomes,NULL,6422913264722109,ENTRADA,APLICACAO,NULL,57521.0,57521.0,BRL,1363478731104552,[]
2023-01-03,BTG Banking,ccdc8073-a0e3-5799-992d-9af6310ba197,bank_fixed_incomes,LCA,BRBANKLCA3A3|60746948000112|2023-01-03|2026-01-01,ENTRADA,TRANSFERENCIA_CUSTODIA,NULL,28805.0,28805.0,BRL,9813303311762764,[]
2023-01-16,BTG Banking,ccdc8073-a0e3-5799-992d-9af6310ba197,bank_fixed_incomes,RDB,BRBANKRDB5A5|60518222000122|2023-01-16|2026-01-01,ENTRADA,APLICACAO,NULL,88033.0,88033.0,BRL,2075504246676687,[]
2023-01-19,BTG Banking,ccdc8073-a0e3-5799-992d-9af6310ba197,variable_incomes,VALE3,VALE3,ENTRADA,COMPRA,NULL,46095.0,NULL,BRL,0200441396170158,[]
2023-01-23,BTG Banking,ccdc8073-a0e3-5799-992d-9af6310ba197,bank_fixed_incomes,LCI,BRBANKLCI2A2|30306294000145|2023-01-23|2026-01-01,ENTRADA,APLICACAO,NULL,75745.0,75745.0,BRL,2456823934281725,[]
2023-01-30,BTG Banking,ccdc8073-a0e3-5799-992d-9af6310ba197,bank_fixed_incomes,LCA,BRBANKLCA3A3|60746948000112|2023-01-30|2026-01-01,ENTRADA,APLICACAO,NULL,154552.0,154552.0,BRL,4306847040593117,[duplicate:cross_id]
2023-02-20,BTG Banking,ccdc8073-a0e3-5799-992d-9af6310ba197,funds,SPX NIMITZ ESTRUTURAL FIC FIM,34177667000185,ENTRADA,APLICACAO,NULL,69479.0,NULL,BRL,5194601269996836,[]
2023-03-15,BTG Banking,ccdc8073-a0e3-5799-992d-9af6310ba197,variable_incomes,VALE3,VALE3,ENTRADA,COMPRA,NULL,55247.5,NULL,BRL,5891982736131995,[]
2023-03-18,BTG Banking,ccdc8073-a0e3-5799-992d-9af6310ba197,bank_fixed_incomes,LCI,BRBANKLCI2A2|30306294000145|2023-03-18|2026-03-01,ENTRADA,APLICACAO,NULL,5270.0,5270.0,BRL,4478590554901191,[]
2023-04-16,BTG Banking,ccdc8073-a0e3-5799-992d-9af6310ba197,bank_fixed_incomes,LCI,BRBANKLCI2A2|30306294000145|2023-04-16|2026-04-01,ENTRADA,APLICACAO,NULL,221398.0,221398.0,BRL,2342495083829568,[]
2023-04-18,BTG Banking,ccdc8073-a0e3-5799-992d-9af6310ba197,bank_fixed_incomes,RDB,BRBANKRDB5A5|60518222000122|2023-04-18|2026-04-01,ENTRADA,APLICACAO,NULL,121526.0,121526.0,BRL,5924656140932825,[]
2023-04-21,BTG Banking,ccdc8073-a0e3-5799-992d-9af6310ba197,bank_fixed_incomes,LCI,BRBANKLCI2A2|30306294000145|2023-04-21|2026-04-01,ENTRADA,APLICACAO,NULL,191303.0,191303.0,BRL,3990230479076054,[]
2023-04-30,BTG Banking,ccdc8073-a0e3-5799-992d-9af6310ba197,variable_incomes,PETR4,PETR4,ENTRADA,COMPRA,NULL,241020.0,NULL,BRL,3777771486997608,[]
2023-05-06,BTG Banking,ccdc8073-a0e3-5799-992d-9af6310ba197,bank_fixed_incomes,CDB,BRBANKCDB0A0|30680829000143|2023-05-06|2026-05-01,ENTRADA,TRANSFERENCIA_CUSTODIA,NULL,8574.0,8574.0,BRL,8403211392298866,[]
2023-05-14,BTG Banking,ccdc8073-a0e3-5799-992d-9af6310ba197,bank_fixed_incomes,RDB,BRBANKRDB1A1|18236120000158|2023-05-14|2026-05-01,ENTRADA,APLICACAO,NULL,94914.0,94914.0,BRL,3916419902133938,[]
2023-06-06,BTG Banking,ccdc8073-a0e3-5799-992d-9af6310ba197,bank_fixed_incomes,LCA,BRBANKLCA3A3|60746948000112|2023-06-06|2026-06-01,ENTRADA,APLICACAO,NULL,137572.0,137572.0,BRL,7064691135665822,[]
2023-06-11,BTG Banking,ccdc8073-a0e3-5799-992d-9af6310ba197,bank_fixed_incomes,LCA,BRBANKLCA3A3|60746948000112|2023-06-11|2026-06-01,ENTRADA,APLICACAO,NULL,179477.0,179477.0,BRL,1346478894115621,[]
2023-06-19,BTG Banking,ccdc8073-a0e3-5799-992d-9af6310ba197,bank_fixed_incomes,CDB,BRBANKCDB0A0|30680829000143|2023-06-19|2026-06-01,ENTRADA,APLICACAO,NULL,243499.0,243499.0,BRL,1917229207364848,[]
2023-06-21,BTG Banking,ccdc8073-a0e3-5799-992d-9af6310ba197,bank_fixed_incomes,LCA,BRBANKLCA3A3|60746948000112|2023-06-21|2026-06-01,ENTRADA,APLICACAO,NULL,48925.0,48925.0,BRL,8595129450766583,[]
2023-06-26,BTG Banking,ccdc8073-a0e3-5799-992d-9af6310ba197,variable_incomes,ITUB4,ITUB4,ENTRADA,COMPRA,NULL,70750.0,NULL,BRL,1105710671243343,[]
2023-06-30,BTG Banking,ccdc8073-a0e3-5799-992d-9af6310ba197,bank_fixed_incomes,LCI,BRBANKLCI2A2|30306294000145|2023-06-30|2026-06-01,ENTRADA,APLICACAO,NULL,150746.0,150746.0,BRL,3005865820076139,[]
2023-07-11,BTG Banking,ccdc8073-a0e3-5799-992d-9af6310ba197,bank_fixed_incomes,LCI,BRBANKLCI2A2|30306294000145|2023-07-11|2026-07-01,ENTRADA,APLICACAO,NULL,27517.0,27517.0,BRL,5760859308682348,[]
2023-07-14,BTG Banking,ccdc8073-a0e3-5799-992d-9af6310ba197,funds,IPCA LONGA DURACAO FIC FIRF,29562673000117,ENTRADA,APLICACAO,NULL,23316.0,NULL,BRL,2578695685439519,[]
2023-07-27,BTG Banking,ccdc8073-a0e3-5799-992d-9af6310ba197,bank_fixed_incomes,CDB,BRBANKCDB0A0|30680829000143|2023-07-27|2026-07-01,ENTRADA,APLICACAO,NULL,42053.0,42053.0,BRL,4884846747804667,[]
2023-08-10,BTG Banking,ccdc8073-a0e3-5799-992d-9af6310ba197,bank_fixed_incomes,LCI,BRBANKLCI2A2|30306294000145|2023-08-10|2026-08-01,ENTRADA,APLICACAO,NULL,111972.0,111972.0,BRL,6942443213662367,[]
2023-08-15,BTG Banking,ccdc8073-a0e3-5799-992d-9af6310ba197,credit_fixed_incomes,OMEGA ENERGIA S.A.,BRDEBSEC01A1|09149503000106|2029-06-15,ENTRADA,COMPRA,NULL,206945.0,206945.0,BRL,5858000806251494,[]
2023-08-18,BTG Banking,ccdc8073-a0e3-5799-992d-9af6310ba197,variable_incomes,HASH11,HASH11,ENTRADA,COMPRA,NULL,98437.5,NULL,BRL,2002029013580570,[]
2023-08-25,BTG Banking,ccdc8073-a0e3-5799-992d-9af6310ba197,bank_fixed_incomes,RDB,BRBANKRDB5A5|60518222000122|2023-08-25|2026-08-01,ENTRADA,APLICACAO,NULL,82639.0,82639.0,BRL,5916559236226712,[]
2023-09-06,BTG Banking,ccdc8073-a0e3-5799-992d-9af6310ba197,variable_incomes,B3SA3,B3SA3,ENTRADA,COMPRA,NULL,138215.0,NULL,BRL,8874635666936041,[]
2023-09-25,BTG Banking,ccdc8073-a0e3-5799-992d-9af6310ba197,treasure_titles,Tesouro Renda+ 2044,Tesouro Renda+ 2044,ENTRADA,COMPRA,NULL,210240.0,210240.0,BRL,2108060848244812,[]
2023-11-10,BTG Banking,ccdc8073-a0e3-5799-992d-9af6310ba197,bank_fixed_incomes,CDB,BRBANKCDB4A4|00360305000104|2023-11-10|2026-11-01,ENTRADA,APLICACAO,NULL,189950.0,189950.0,BRL,8727439824134038,[]
2023-11-11,BTG Banking,ccdc8073-a0e3-5799-992d-9af6310ba197,variable_incomes,BPAC11,BPAC11,ENTRADA,COMPRA,NULL,136277.5,NULL,BRL,5838133963662185,[]
2023-11-26,BTG Banking,ccdc8073-a0e3-5799-992d-9af6310ba197,credit_fixed_incomes,OMEGA ENERGIA S.A.,BRCRASEC00A0|09149503000106|2028-06-15,ENTRADA,COMPRA,NULL,1060.0,1060.0,BRL,0012303895083166,[]
2024-01-04,BTG Banking,ccdc8073-a0e3-5799-992d-9af6310ba197,bank_fixed_incomes,CDB,BRBANKCDB0A0|30680829000143|2024-01-04|2027-01-01,ENTRADA,TRANSFERENCIA_CUSTODIA,NULL,105367.0,105367.0,BRL,4401101646121523,[]
2024-01-16,BTG Banking,ccdc8073-a0e3-5799-992d-9af6310ba197,bank_fixed_incomes,CDB,BRBANKCDB0A0|30680829000143|2024-01-16|2027-01-01,ENTRADA,APLICACAO,NULL,145754.0,145754.0,BRL,7701547134561450,[]
2024-01-26,BTG Banking,ccdc8073-a0e3-5799-992d-9af6310ba197,funds,SPX NIMITZ ESTRUTURAL FIC FIM,34177667000185,ENTRADA,APLICACAO,NULL,114588.0,NULL,BRL,9345599813315203,[]
2024-02-04,BTG Banking,ccdc8073-a0e3-5799-992d-9af6310ba197,variable_incomes,BBDC4,BBDC4,ENTRADA,COMPRA,NULL,111832.5,NULL,BRL,2539214278379002,[]
2024-02-06,BTG Banking,ccdc8073-a0e3-5799-992d-9af6310ba197,variable_incomes,NULL,1360914085186620,ENTRADA,COMPRA,NULL,228600.0,NULL,BRL,3788651523978634,[]
2024-03-07,BTG Banking,ccdc8073-a0e3-5799-992d-9af6310ba197,funds,ALASKA BLACK FIC FIA - BDR NIVEL I,11052478000102,ENTRADA,APLICACAO,NULL,89176.0,NULL,BRL,6147274202423985,[]
2024-03-10,BTG Banking,ccdc8073-a0e3-5799-992d-9af6310ba197,funds,ALASKA BLACK FIC FIA - BDR NIVEL I,11052478000102,ENTRADA,APLICACAO,NULL,795.0,NULL,BRL,8952920564163904,[]
2024-03-14,BTG Banking,ccdc8073-a0e3-5799-992d-9af6310ba197,bank_fixed_incomes,RDB,BRBANKRDB1A1|18236120000158|2024-03-14|2027-03-01,ENTRADA,APLICACAO,NULL,32434.0,32434.0,BRL,5554158629675200,[]
2024-03-18,BTG Banking,ccdc8073-a0e3-5799-992d-9af6310ba197,funds,SELECAO DIVIDENDOS FIC FIA,07059417000107,ENTRADA,APLICACAO,NULL,232366.0,NULL,BRL,9307292189602124,[]
2024-03-19,BTG Banking,ccdc8073-a0e3-5799-992d-9af6310ba197,bank_fixed_incomes,RDB,BRBANKRDB1A1|18236120000158|2024-03-19|2027-03-01,ENTRADA,TRANSFERENCIA_CUSTODIA,NULL,19032.0,19032.0,BRL,7174659588240611,[]
2024-03-22,BTG Banking,ccdc8073-a0e3-5799-992d-9af6310ba197,bank_fixed_incomes,LCA,BRBANKLCA3A3|60746948000112|2024-03-22|2027-03-01,ENTRADA,APLICACAO,NULL,119637.0,119637.0,BRL,0357591129365124,[]
2024-03-22,BTG Banking,ccdc8073-a0e3-5799-992d-9af6310ba197,bank_fixed_incomes,LCA,BRBANKLCA3A3|60746948000112|2024-03-22|2027-03-01,ENTRADA,TRANSFERENCIA_CUSTODIA,NULL,119637.0,119637.0,BRL,5946415639860196,[]
2024-03-27,BTG Banking,ccdc8073-a0e3-5799-992d-9af6310ba197,bank_fixed_incomes,RDB,BRBANKRDB1A1|18236120000158|2024-03-27|2027-03-01,ENTRADA,APLICACAO,NULL,204861.0,204861.0,BRL,1733036065359259,[]
2024-04-03,BTG Banking,ccdc8073-a0e3-5799-992d-9af6310ba197,variable_incomes,B3SA3,B3SA3,ENTRADA,COMPRA,NULL,73260.0,NULL,BRL,5239751977327693,[]
2024-04-22,BTG Banking,ccdc8073-a0e3-5799-992d-9af6310ba197,bank_fixed_incomes,RDB,BRBANKRDB5A5|60518222000122|2024-04-22|2027-04-01,ENTRADA,APLICACAO,NULL,102556.0,102556.0,BRL,2907816024141023,[]
2024-04-25,BTG Banking,ccdc8073-a0e3-5799-992d-9af6310ba197,credit_fixed_incomes,VAMOS LOCACAO S.A.,BRDEBSEC03A3|07689002000189|2029-06-15,ENTRADA,COMPRA,NULL,54058.0,54058.0,BRL,3307078158243695,[]
2024-04-27,BTG Banking,ccdc8073-a0e3-5799-992d-9af6310ba197,bank_fixed_incomes,LCI,BRBANKLCI2A2|30306294000145|2024-04-27|2027-04-01,ENTRADA,APLICACAO,NULL,29075.0,29075.0,BRL,4091436587735409,[]
2024-04-27,Nubank,495fc091-d764-5a72-8f9b-708ae74cbe45,credit_fixed_incomes,MRS LOGISTICA S/A,BRDEBSEC05A5|01417222000177|2031-06-15,ENTRADA,COMPRA,NULL,212345.0,212345.0,BRL,42ecdb26-61e5-5b6e-a46c-05a7e1c1edf7,[]
2024-04-28,Nubank,495fc091-d764-5a72-8f9b-708ae74cbe45,bank_fixed_incomes,LCI,BRBANKLCI2A2|30306294000145|2024-04-28|2027-04-01,ENTRADA,APLICACAO,NULL,64461.0,64461.0,BRL,247d4a96-5c69-53eb-9c44-d479e05f2102,[]
2024-05-08,BTG Banking,ccdc8073-a0e3-5799-992d-9af6310ba197,bank_fixed_incomes,CDB,BRBANKCDB4A4|00360305000104|2024-05-08|2027-05-01,ENTRADA,APLICACAO,NULL,141193.0,141193.0,BRL,1307208222270133,[]
2024-05-24,BTG Banking,ccdc8073-a0e3-5799-992d-9af6310ba197,bank_fixed_incomes,CDB,BRBANKCDB0A0|30680829000143|2024-05-24|2027-05-01,ENTRADA,APLICACAO,NULL,117219.0,117219.0,BRL,9450907912259826,[]
2024-05-28,BTG Banking,ccdc8073-a0e3-5799-992d-9af6310ba197,bank_fixed_incomes,CDB,BRBANKCDB4A4|00360305000104|2024-05-28|2027-05-01,ENTRADA,APLICACAO,NULL,228732.0,228732.0,BRL,5753604053581248,[]
2024-06-01,BTG Banking,ccdc8073-a0e3-5799-992d-9af6310ba197,bank_fixed_incomes,LCA,BRBANKLCA3A3|60746948000112|2024-06-01|2027-06-01,ENTRADA,APLICACAO,NULL,52689.0,52689.0,BRL,4308820605285035,[]
2024-06-24,BTG Banking,ccdc8073-a0e3-5799-992d-9af6310ba197,credit_fixed_incomes,OMEGA ENERGIA S.A.,BRCRASEC04A4|09149503000106|2030-06-15,ENTRADA,COMPRA,NULL,228910.0,228910.0,BRL,0270768688692738,[]
2024-06-30,BTG Banking,ccdc8073-a0e3-5799-992d-9af6310ba197,bank_fixed_incomes,LCI,BRBANKLCI2A2|30306294000145|2024-06-30|2027-06-01,ENTRADA,APLICACAO,NULL,60143.0,60143.0,BRL,6401546789414901,[]
2024-07-07,BTG Banking,ccdc8073-a0e3-5799-992d-9af6310ba197,bank_fixed_incomes,LCA,BRBANKLCA3A3|60746948000112|2024-07-07|2027-07-01,ENTRADA,APLICACAO,NULL,178190.0,178190.0,BRL,8549778082958902,[]
2024-07-13,BTG Banking,ccdc8073-a0e3-5799-992d-9af6310ba197,bank_fixed_incomes,NULL,8345784273439850,ENTRADA,APLICACAO,NULL,37457.0,37457.0,BRL,5490477975676966,[]
2024-07-15,BTG Banking,ccdc8073-a0e3-5799-992d-9af6310ba197,bank_fixed_incomes,CDB,BRBANKCDB4A4|00360305000104|2024-07-15|2027-07-01,ENTRADA,APLICACAO,NULL,246022.0,246022.0,BRL,4845190564015187,[]
2024-07-16,BTG Banking,ccdc8073-a0e3-5799-992d-9af6310ba197,bank_fixed_incomes,CDB,BRBANKCDB0A0|30680829000143|2024-07-16|2027-07-01,ENTRADA,APLICACAO,NULL,71019.0,71019.0,BRL,6598547074435626,[]
2024-07-23,BTG Banking,ccdc8073-a0e3-5799-992d-9af6310ba197,bank_fixed_incomes,CDB,BRBANKCDB4A4|00360305000104|2024-07-23|2027-07-01,ENTRADA,APLICACAO,NULL,173889.0,173889.0,BRL,5652438746118695,[]
2024-07-26,BTG Banking,ccdc8073-a0e3-5799-992d-9af6310ba197,bank_fixed_incomes,CDB,BRBANKCDB4A4|00360305000104|2024-07-26|2027-07-01,ENTRADA,APLICACAO,NULL,34572.0,34572.0,BRL,3857508683759687,[]
2024-09-05,BTG Banking,ccdc8073-a0e3-5799-992d-9af6310ba197,treasure_titles,Tesouro IPCA+ com Juros Semestrais 2032,Tesouro IPCA+ com Juros Semestrais 2032,ENTRADA,COMPRA,NULL,214005.0,214005.0,BRL,1304889052911318,[]
2024-10-04,BTG Banking,ccdc8073-a0e3-5799-992d-9af6310ba197,variable_incomes,NULL,7566321666418446,ENTRADA,COMPRA,NULL,109160.0,NULL,BRL,0362903728900785,[]
2024-10-15,Nubank,495fc091-d764-5a72-8f9b-708ae74cbe45,funds,SPX NIMITZ ESTRUTURAL FIC FIM,34177667000185,ENTRADA,APLICACAO,NULL,17834.0,NULL,BRL,04428485-5d17-516a-9a7e-d3a3e5276044,[]
2024-10-30,BTG Banking,ccdc8073-a0e3-5799-992d-9af6310ba197,bank_fixed_incomes,CDB,BRBANKCDB0A0|30680829000143|2024-10-30|2027-10-01,ENTRADA,APLICACAO,NULL,87829.0,87829.0,BRL,8099041942826356,[]
2024-11-28,BTG Banking,ccdc8073-a0e3-5799-992d-9af6310ba197,treasure_titles,Tesouro IPCA+ 2035,Tesouro IPCA+ 2035,ENTRADA,COMPRA,NULL,179775.0,179775.0,BRL,4366769601883216,[]
2024-12-04,BTG Banking,ccdc8073-a0e3-5799-992d-9af6310ba197,bank_fixed_incomes,CDB,BRBANKCDB4A4|00360305000104|2024-12-04|2027-12-01,ENTRADA,APLICACAO,NULL,204661.0,204661.0,BRL,3391812868739760,[]
2024-12-20,BTG Banking,ccdc8073-a0e3-5799-992d-9af6310ba197,treasure_titles,Tesouro Renda+ 2044,Tesouro Renda+ 2044,ENTRADA,COMPRA,NULL,40360.0,40360.0,BRL,7186895691890678,[]
2024-12-23,BTG Banking,ccdc8073-a0e3-5799-992d-9af6310ba197,bank_fixed_incomes,CDB,BRBANKCDB0A0|30680829000143|2024-12-23|2027-12-01,ENTRADA,APLICACAO,NULL,63538.0,63538.0,BRL,6570769338933105,[]
2025-01-10,BTG Banking,ccdc8073-a0e3-5799-992d-9af6310ba197,treasure_titles,Tesouro IPCA+ 2035,Tesouro IPCA+ 2035,ENTRADA,COMPRA,NULL,168737.5,168737.5,BRL,8531842844408234,[]
2025-01-13,Nubank,495fc091-d764-5a72-8f9b-708ae74cbe45,credit_fixed_incomes,VAMOS LOCACAO S.A.,BRDEBSEC03A3|07689002000189|2030-06-15,ENTRADA,COMPRA,NULL,53637.0,53637.0,BRL,63b7f629-4b3b-5195-9aa7-ae6857cf78c3,[]
2025-01-14,BTG Banking,ccdc8073-a0e3-5799-992d-9af6310ba197,bank_fixed_incomes,CDB,BRBANKCDB4A4|00360305000104|2025-01-14|2028-01-01,ENTRADA,APLICACAO,NULL,72400.0,72400.0,BRL,7754149867970088,[]
2025-01-26,BTG Banking,ccdc8073-a0e3-5799-992d-9af6310ba197,bank_fixed_incomes,RDB,BRBANKRDB1A1|18236120000158|2025-01-26|2028-01-01,ENTRADA,APLICACAO,NULL,94051.0,94051.0,BRL,3963898610802351,[]
2025-02-06,Nubank,495fc091-d764-5a72-8f9b-708ae74cbe45,variable_incomes,BPAC11,BPAC11,ENTRADA,COMPRA,NULL,617.5,NULL,BRL,6ea1c155-ee6c-5de6-b645-3a9ecc571e42,[]
2025-02-08,BTG Banking,ccdc8073-a0e3-5799-992d-9af6310ba197,bank_fixed_incomes,RDB,BRBANKRDB1A1|18236120000158|2025-02-08|2028-02-01,ENTRADA,APLICACAO,NULL,185868.0,185868.0,BRL,8794792734172250,[]
2025-02-28,BTG Banking,ccdc8073-a0e3-5799-992d-9af6310ba197,funds,TESOURO SELIC SIMPLES FIRF,32915987000180,ENTRADA,APLICACAO,NULL,128800.0,NULL,BRL,4578476761424274,[]
2025-03-01,BTG Banking,ccdc8073-a0e3-5799-992d-9af6310ba197,bank_fixed_incomes,CDB,BRBANKCDB0A0|30680829000143|2025-03-01|2028-03-01,ENTRADA,APLICACAO,NULL,154923.0,154923.0,BRL,2686952444004081,[duplicate:cross_id]
2025-03-04,BTG Banking,ccdc8073-a0e3-5799-992d-9af6310ba197,variable_incomes,PETR4,PETR4,ENTRADA,COMPRA,NULL,241040.0,NULL,BRL,1086671958884190,[]
2025-03-09,Nubank,495fc091-d764-5a72-8f9b-708ae74cbe45,bank_fixed_incomes,CDB,BRBANKCDB0A0|30680829000143|2025-03-09|2028-03-01,ENTRADA,APLICACAO,NULL,121488.0,121488.0,BRL,fd3870f3-e2e2-54b3-a8f6-275f673f1dfb,[]
2025-04-19,BTG Banking,ccdc8073-a0e3-5799-992d-9af6310ba197,bank_fixed_incomes,RDB,BRBANKRDB5A5|60518222000122|2025-04-19|2028-04-01,ENTRADA,APLICACAO,NULL,118108.0,118108.0,BRL,5650877313395458,[]
2025-04-27,BTG Banking,ccdc8073-a0e3-5799-992d-9af6310ba197,bank_fixed_incomes,RDB,BRBANKRDB1A1|18236120000158|2025-04-27|2028-04-01,ENTRADA,APLICACAO,NULL,235077.0,235077.0,BRL,9590182221887672,[]
2025-05-05,BTG Banking,ccdc8073-a0e3-5799-992d-9af6310ba197,variable_incomes,BPAC11,BPAC11,ENTRADA,COMPRA,NULL,124782.5,NULL,BRL,0572839021026948,[]
2025-05-13,BTG Banking,ccdc8073-a0e3-5799-992d-9af6310ba197,bank_fixed_incomes,LCI,BRBANKLCI2A2|30306294000145|2025-05-13|2028-05-01,ENTRADA,APLICACAO,NULL,148724.0,148724.0,BRL,1979000778680228,[duplicate:cross_id]
2025-05-19,BTG Banking,ccdc8073-a0e3-5799-992d-9af6310ba197,bank_fixed_incomes,CDB,BRBANKCDB4A4|00360305000104|2025-05-19|2028-05-01,ENTRADA,APLICACAO,NULL,10298.0,10298.0,BRL,7356370812695971,[]
2025-05-27,BTG Banking,ccdc8073-a0e3-5799-992d-9af6310ba197,bank_fixed_incomes,RDB,BRBANKRDB1A1|18236120000158|2025-05-27|2028-05-01,ENTRADA,APLICACAO,NULL,37005.0,37005.0,BRL,5447676397461685,[]
2025-06-12,BTG Banking,ccdc8073-a0e3-5799-992d-9af6310ba197,bank_fixed_incomes,LCI,BRBANKLCI2A2|30306294000145|2025-06-12|2028-06-01,ENTRADA,APLICACAO,NULL,205769.0,205769.0,BRL,0804241998707858,[]
2025-06-25,BTG Banking,ccdc8073-a0e3-5799-992d-9af6310ba197,variable_incomes,HASH11,HASH11,ENTRADA,COMPRA,NULL,225625.0,NULL,BRL,7660218635983953,[]
2025-07-21,BTG Banking,ccdc8073-a0e3-5799-992d-9af6310ba197,bank_fixed_incomes,RDB,BRBANKRDB5A5|60518222000122|2025-07-21|2028-07-01,ENTRADA,APLICACAO,NULL,107748.0,107748.0,BRL,4501186383921206,[]
2025-07-31,BTG Banking,ccdc8073-a0e3-5799-992d-9af6310ba197,variable_incomes,ITUB4,ITUB4,ENTRADA,COMPRA,NULL,234850.0,NULL,BRL,9981211507860376,[]
2025-08-18,BTG Banking,ccdc8073-a0e3-5799-992d-9af6310ba197,bank_fixed_incomes,CDB,BRBANKCDB4A4|00360305000104|2025-08-18|2028-08-01,ENTRADA,APLICACAO,NULL,68296.0,68296.0,BRL,4414627354498004,[]
2025-08-21,BTG Banking,ccdc8073-a0e3-5799-992d-9af6310ba197,bank_fixed_incomes,CDB,BRBANKCDB0A0|92894922000108|2025-08-21|2028-08-01,ENTRADA,TRANSFERENCIA_CUSTODIA,NULL,110617.0,110617.0,BRL,2260420351898473,[]
2025-08-22,BTG Banking,ccdc8073-a0e3-5799-992d-9af6310ba197,variable_incomes,PETR4,PETR4,SAIDA,ALUGUEIS,NULL,6915.47,NULL,BRL,2177572819911973,[]
2025-08-23,BTG Banking,ccdc8073-a0e3-5799-992d-9af6310ba197,funds,ALASKA BLACK FIC FIA - BDR NIVEL I,11052478000102,SAIDA,RESGATE,NULL,47750.37,47639.03,BRL,0360989388912102,[]
2025-08-23,BTG Banking,ccdc8073-a0e3-5799-992d-9af6310ba197,bank_fixed_incomes,LCA,BRBANKLCA3A3|60746948000112|2024-07-07|2027-07-01,ENTRADA,APLICACAO,NULL,81757.32,81757.32,BRL,4152592595453138,[]
2025-08-24,BTG Banking,ccdc8073-a0e3-5799-992d-9af6310ba197,credit_fixed_incomes,OMEGA ENERGIA S.A.,BRDEBSEC01A1|09149503000106|2029-06-15,ENTRADA,COMPRA,NULL,39505.09,39505.09,BRL,4068710154006847,[]
2025-08-24,BTG Banking,ccdc8073-a0e3-5799-992d-9af6310ba197,bank_fixed_incomes,LCI,BRBANKLCI2A2|30306294000145|2021-09-11|2024-09-01,ENTRADA,OUTROS,NULL,4584.03,4584.03,BRL,7376447911909858,[]
2025-08-25,BTG Banking,ccdc8073-a0e3-5799-992d-9af6310ba197,bank_fixed_incomes,RDB,BRBANKRDB5A5|60518222000122|2023-08-25|2026-08-01,SAIDA,RESGATE,NULL,40171.76,40047.16,BRL,7413232126623966,[]
2025-08-26,BTG Banking,ccdc8073-a0e3-5799-992d-9af6310ba197,bank_fixed_incomes,CDB,BRBANKCDB0A0|30680829000143|2020-01-28|2023-01-01,ENTRADA,APLICACAO,NULL,7694.62,7694.62,BRL,7825039868053914,[]
2025-08-28,BTG Banking,ccdc8073-a0e3-5799-992d-9af6310ba197,bank_fixed_incomes,LCI,BRBANKLCI2A2|30306294000145|2025-05-13|2028-05-01,ENTRADA,APLICACAO,NULL,50033.94,50033.94,BRL,4069719852096699,[]
2025-08-28,BTG Banking,ccdc8073-a0e3-5799-992d-9af6310ba197,credit_fixed_incomes,OMEGA ENERGIA S.A.,BRDEBSEC01A1|09149503000106|2029-06-15,SAIDA,OUTROS,NULL,11069.97,11069.97,BRL,7563388331909676,[]
2025-08-29,BTG Banking,ccdc8073-a0e3-5799-992d-9af6310ba197,credit_fixed_incomes,MRS LOGISTICA S/A,BRCRISEC02A2|01417222000177|2027-06-15,SAIDA,VENDA,NULL,13548.6,13503.35,BRL,1295158374461073,[]
2025-08-30,BTG Banking,ccdc8073-a0e3-5799-992d-9af6310ba197,bank_fixed_incomes,LCA,BRBANKLCA3A3|60746948000112|2024-07-07|2027-07-01,SAIDA,RESGATE,NULL,78466.11,78073.27,BRL,1046380104045767,[]
2025-08-31,BTG Banking,ccdc8073-a0e3-5799-992d-9af6310ba197,funds,IPCA LONGA DURACAO FIC FIRF,29562673000117,SAIDA,RESGATE,NULL,74906.76,74522.78,BRL,9366273062596220,[]
2025-09-03,BTG Banking,ccdc8073-a0e3-5799-992d-9af6310ba197,bank_fixed_incomes,RDB,BRBANKRDB5A5|60518222000122|2021-07-25|2024-07-01,SAIDA,RESGATE,NULL,745.36,742.99,BRL,1971517730597448,[]
2025-09-04,BTG Banking,ccdc8073-a0e3-5799-992d-9af6310ba197,variable_incomes,BPAC11,BPAC11,SAIDA,OUTROS,MOVIMENTACAO NAO CLASSIFICADA PELA INSTITUICAO,1424.6,NULL,BRL,1187733824118065,[]
2025-09-04,BTG Banking,ccdc8073-a0e3-5799-992d-9af6310ba197,variable_incomes,B3SA3,B3SA3,SAIDA,VENDA,NULL,42968.46,NULL,BRL,1425264412034602,[]
2025-09-04,BTG Banking,ccdc8073-a0e3-5799-992d-9af6310ba197,bank_fixed_incomes,RDB,BRBANKRDB1A1|18236120000158|2025-05-27|2028-05-01,SAIDA,RESGATE,NULL,6826.07,6797.27,BRL,8974804000798108,[]
2025-09-06,BTG Banking,ccdc8073-a0e3-5799-992d-9af6310ba197,bank_fixed_incomes,CDB,BRBANKCDB4A4|00360305000104|2024-12-04|2027-12-01,SAIDA,OUTROS,NULL,3819.58,3819.58,BRL,0666750880935775,[]
2025-09-06,BTG Banking,ccdc8073-a0e3-5799-992d-9af6310ba197,bank_fixed_incomes,RDB,BRBANKRDB5A5|60518222000122|2023-08-25|2026-08-01,SAIDA,PAGAMENTO_JUROS,NULL,1174.49,1170.94,BRL,7346527633987412,[]
2025-09-07,Nubank,495fc091-d764-5a72-8f9b-708ae74cbe45,variable_incomes,BPAC11,BPAC11,SAIDA,VENDA,NULL,98.58,NULL,BRL,f3cde6b9-95e9-5e38-8ea5-06c31019b72c,[]
2025-09-09,BTG Banking,ccdc8073-a0e3-5799-992d-9af6310ba197,bank_fixed_incomes,CDB,BRBANKCDB4A4|00360305000104|2020-12-08|2023-12-01,SAIDA,RESGATE,NULL,6607.61,6586.98,BRL,7322204664584995,[]
2025-09-11,BTG Banking,ccdc8073-a0e3-5799-992d-9af6310ba197,bank_fixed_incomes,LCA,BRBANKLCA3A3|60746948000112|2024-06-01|2027-06-01,ENTRADA,APLICACAO,NULL,11662.02,11662.02,BRL,3580822897613175,[]
2025-09-12,BTG Banking,ccdc8073-a0e3-5799-992d-9af6310ba197,bank_fixed_incomes,RDB,BRBANKRDB1A1|18236120000158|2021-03-02|2024-03-01,SAIDA,OUTROS,NULL,3886.54,3886.54,BRL,5167164822926861,[]
2025-09-12,BTG Banking,ccdc8073-a0e3-5799-992d-9af6310ba197,bank_fixed_incomes,LCA,BRBANKLCA3A3|60746948000112|2024-07-07|2027-07-01,SAIDA,RESGATE,NULL,79887.19,79712.47,BRL,5241808406374807,[]
2025-09-13,BTG Banking,ccdc8073-a0e3-5799-992d-9af6310ba197,bank_fixed_incomes,RDB,BRBANKRDB5A5|60518222000122|2023-04-18|2026-04-01,SAIDA,RESGATE,NULL,27642.85,27572.1,BRL,4955600089734631,[]
2025-09-15,BTG Banking,ccdc8073-a0e3-5799-992d-9af6310ba197,variable_incomes,NULL,3017111220589413,ENTRADA,COMPRA,NULL,11180.3,NULL,BRL,1593473186363039,[]
2025-09-15,BTG Banking,ccdc8073-a0e3-5799-992d-9af6310ba197,bank_fixed_incomes,RDB,BRBANKRDB1A1|18236120000158|2020-08-09|2023-08-01,ENTRADA,APLICACAO,NULL,95425.92,95425.92,BRL,3893425693325216,[]
2025-09-16,BTG Banking,ccdc8073-a0e3-5799-992d-9af6310ba197,credit_fixed_incomes,MRS LOGISTICA S/A,BRCRISEC06A6|01417222000177|2030-06-15,ENTRADA,COMPRA,NULL,30213.0,30213.0,BRL,3603111702869969,[]
2025-09-17,BTG Banking,ccdc8073-a0e3-5799-992d-9af6310ba197,bank_fixed_incomes,LCA,BRBANKLCA3A3|60746948000112|2020-12-15|2023-12-01,ENTRADA,APLICACAO,NULL,74408.97,74408.97,BRL,5918641780150033,[]
2025-09-17,BTG Banking,ccdc8073-a0e3-5799-992d-9af6310ba197,bank_fixed_incomes,CDB,BRBANKCDB4A4|00360305000104|2024-05-28|2027-05-01,ENTRADA,OUTROS,NULL,5617.29,5617.29,BRL,8887989398108344,[]
2025-09-18,BTG Banking,ccdc8073-a0e3-5799-992d-9af6310ba197,funds,SELECAO DIVIDENDOS FIC FIA,07059417000107,ENTRADA,APLICACAO,NULL,12421.77,NULL,BRL,7681485879479305,[]
2025-09-19,BTG Banking,ccdc8073-a0e3-5799-992d-9af6310ba197,credit_fixed_incomes,MRS LOGISTICA S/A,BRDEBSEC05A5|01417222000177|2029-06-15,ENTRADA,COMPRA,NULL,31331.31,31331.31,BRL,2306612409740277,[]
2025-09-19,BTG Banking,ccdc8073-a0e3-5799-992d-9af6310ba197,funds,ALASKA BLACK FIC FIA - BDR NIVEL I,11052478000102,ENTRADA,APLICACAO,NULL,52736.99,NULL,BRL,2339191891739337,[]
2025-09-20,BTG Banking,ccdc8073-a0e3-5799-992d-9af6310ba197,bank_fixed_incomes,CDB,BRBANKCDB0A0|92894922000108|2025-08-21|2028-08-01,ENTRADA,APLICACAO,NULL,36066.99,36066.99,BRL,1726570838165282,[]
2025-09-21,BTG Banking,ccdc8073-a0e3-5799-992d-9af6310ba197,bank_fixed_incomes,LCA,BRBANKLCA3A3|60746948000112|2025-09-21|2028-09-01,ENTRADA,APLICACAO,NULL,134912.0,134912.0,BRL,1126222343135287,[]
2025-09-22,BTG Banking,ccdc8073-a0e3-5799-992d-9af6310ba197,credit_fixed_incomes,VAMOS LOCACAO S.A.,BRDEBSEC03A3|07689002000189|2029-06-15,SAIDA,OUTROS,NULL,788.3,788.3,BRL,2265990685383031,[]
2025-09-22,BTG Banking,ccdc8073-a0e3-5799-992d-9af6310ba197,bank_fixed_incomes,RDB,BRBANKRDB1A1|18236120000158|2022-05-28|2025-05-01,SAIDA,RESGATE,NULL,9059.0,9022.96,BRL,6886866109019362,[]
2025-09-24,BTG Banking,ccdc8073-a0e3-5799-992d-9af6310ba197,bank_fixed_incomes,CDB,BRBANKCDB4A4|00360305000104|2021-04-13|2024-04-01,SAIDA,RESGATE,NULL,23421.13,23414.41,BRL,3817407367065048,[]
2025-09-24,BTG Banking,ccdc8073-a0e3-5799-992d-9af6310ba197,treasure_titles,Tesouro IPCA+ 2029,Tesouro IPCA+ 2029,ENTRADA,OUTROS,NULL,7556.68,7556.68,BRL,7530355052579988,[]
2025-09-25,BTG Banking,ccdc8073-a0e3-5799-992d-9af6310ba197,variable_incomes,BPAC11,BPAC11,SAIDA,JCP,NULL,3391.1,NULL,BRL,2111941158109465,[]
2025-09-25,BTG Banking,ccdc8073-a0e3-5799-992d-9af6310ba197,bank_fixed_incomes,LCI,BRBANKLCI2A2|30306294000145|2025-05-13|2028-05-01,SAIDA,RESGATE,NULL,27180.51,27100.56,BRL,2723870794640938,[]
2025-09-25,BTG Banking,ccdc8073-a0e3-5799-992d-9af6310ba197,bank_fixed_incomes,LCI,BRBANKLCI2A2|30306294000145|2023-04-16|2026-04-01,ENTRADA,OUTROS,NULL,2870.48,2870.48,BRL,5803663934739196,[]
2025-09-25,BTG Banking,ccdc8073-a0e3-5799-992d-9af6310ba197,bank_fixed_incomes,RDB,BRBANKRDB1A1|18236120000158|2025-04-27|2028-04-01,SAIDA,RESGATE,NULL,59424.09,59283.78,BRL,8216635611748476,[]
2025-09-26,BTG Banking,ccdc8073-a0e3-5799-992d-9af6310ba197,credit_fixed_incomes,MRS LOGISTICA S/A,BRDEBSEC05A5|01417222000177|2029-06-15,ENTRADA,COMPRA,NULL,65739.23,65739.23,BRL,4580442825232811,[]
2025-09-30,BTG Banking,ccdc8073-a0e3-5799-992d-9af6310ba197,funds,KAPITALO KAPPA FIC FIM,18318213000154,SAIDA,RESGATE,NULL,5968.55,5945.35,BRL,4698200388115345,[]
2025-09-30,BTG Banking,ccdc8073-a0e3-5799-992d-9af6310ba197,bank_fixed_incomes,CDB,BRBANKCDB0A0|30680829000143|2023-05-06|2026-05-01,SAIDA,RESGATE,NULL,1207.77,1206.32,BRL,7582744241623879,[]
2025-10-01,BTG Banking,ccdc8073-a0e3-5799-992d-9af6310ba197,treasure_titles,Tesouro IPCA+ 2035,Tesouro IPCA+ 2035,ENTRADA,COMPRA,NULL,46488.18,46488.18,BRL,5543123480455755,[]
2025-10-02,BTG Banking,ccdc8073-a0e3-5799-992d-9af6310ba197,bank_fixed_incomes,LCI,BRBANKLCI2A2|30306294000145|2021-09-11|2024-09-01,SAIDA,OUTROS,NULL,7323.69,7323.69,BRL,3795543584680145,[]
2025-10-02,BTG Banking,ccdc8073-a0e3-5799-992d-9af6310ba197,treasure_titles,Tesouro IPCA+ 2029,Tesouro IPCA+ 2029,SAIDA,PAGAMENTO_JUROS,NULL,5430.34,5414.52,BRL,7513057359786091,[]
2025-10-02,BTG Banking,ccdc8073-a0e3-5799-992d-9af6310ba197,bank_fixed_incomes,LCI,BRBANKLCI2A2|30306294000145|2023-06-30|2026-06-01,ENTRADA,APLICACAO,NULL,38234.35,38234.35,BRL,8317218786740426,[]
2025-10-03,BTG Banking,ccdc8073-a0e3-5799-992d-9af6310ba197,bank_fixed_incomes,RDB,BRBANKRDB1A1|92894922000108|2025-10-03|2028-10-01,ENTRADA,APLICACAO,NULL,32726.0,32726.0,BRL,1421795922111746,[]
2025-10-03,BTG Banking,ccdc8073-a0e3-5799-992d-9af6310ba197,credit_fixed_incomes,LOCALIZA RENT A CAR SA,BRDEBSEC07A7|16670085000155|2027-06-15,ENTRADA,OUTROS,NULL,7758.75,7758.75,BRL,8843041612927879,[]
2025-10-04,BTG Banking,ccdc8073-a0e3-5799-992d-9af6310ba197,bank_fixed_incomes,RDB,BRBANKRDB1A1|18236120000158|2025-10-04|2028-10-01,ENTRADA,APLICACAO,NULL,14432.0,14432.0,BRL,4475253585785050,[]
2025-10-05,BTG Banking,ccdc8073-a0e3-5799-992d-9af6310ba197,bank_fixed_incomes,NULL,8345784273439850,ENTRADA,APLICACAO,NULL,18725.32,18725.32,BRL,2523858289841068,[]
2025-10-05,BTG Banking,ccdc8073-a0e3-5799-992d-9af6310ba197,bank_fixed_incomes,CDB,BRBANKCDB0A0|30680829000143|2022-08-13|2025-08-01,SAIDA,RESGATE,NULL,19586.12,19539.27,BRL,6191802618556322,[]
2025-10-06,BTG Banking,ccdc8073-a0e3-5799-992d-9af6310ba197,funds,IPCA LONGA DURACAO FIC FIRF,29562673000117,ENTRADA,OUTROS,MOVIMENTACAO NAO CLASSIFICADA PELA INSTITUICAO,5960.59,NULL,BRL,9137238889913447,[]
2025-10-09,BTG Banking,ccdc8073-a0e3-5799-992d-9af6310ba197,bank_fixed_incomes,RDB,BRBANKRDB5A5|60518222000122|2021-12-15|2024-12-01,ENTRADA,OUTROS,NULL,3576.0,3576.0,BRL,0162587869883451,[]
2025-10-09,BTG Banking,ccdc8073-a0e3-5799-992d-9af6310ba197,bank_fixed_incomes,NULL,8345784273439850,SAIDA,PAGAMENTO_JUROS,NULL,761.46,759.05,BRL,1306339883643273,[]
2025-10-10,BTG Banking,ccdc8073-a0e3-5799-992d-9af6310ba197,funds,KAPITALO KAPPA FIC FIM,18318213000154,ENTRADA,APLICACAO,NULL,6131.22,NULL,BRL,2535915230708698,[]
2025-10-10,BTG Banking,ccdc8073-a0e3-5799-992d-9af6310ba197,bank_fixed_incomes,CDB,BRBANKCDB0A0|30680829000143|2024-01-16|2027-01-01,SAIDA,RESGATE,NULL,60309.2,60057.93,BRL,9542833351926642,[]
2025-10-11,BTG Banking,ccdc8073-a0e3-5799-992d-9af6310ba197,funds,KAPITALO KAPPA FIC FIM,18318213000154,ENTRADA,APLICACAO,NULL,206998.0,NULL,BRL,6015342788021141,[]
2025-10-12,BTG Banking,ccdc8073-a0e3-5799-992d-9af6310ba197,credit_fixed_incomes,OMEGA ENERGIA S.A.,BRDEBSEC01A1|09149503000106|2029-06-15,SAIDA,VENDA,NULL,95808.23,95407.87,BRL,2287195366600275,[]
2025-10-12,Nubank,495fc091-d764-5a72-8f9b-708ae74cbe45,credit_fixed_incomes,MRS LOGISTICA S/A,BRDEBSEC05A5|01417222000177|2031-06-15,ENTRADA,COMPRA,NULL,39575.3,39575.3,BRL,4cd7601a-dcea-5a25-9d19-5b3a23034c74,[]
2025-10-12,BTG Banking,ccdc8073-a0e3-5799-992d-9af6310ba197,bank_fixed_incomes,LCA,BRBANKLCA3A3|60746948000112|2023-06-06|2026-06-01,SAIDA,RESGATE,NULL,27032.6,26982.12,BRL,9069318565179643,[]
2025-10-13,Nubank,495fc091-d764-5a72-8f9b-708ae74cbe45,treasure_titles,Tesouro Selic 2031,Tesouro Selic 2031,ENTRADA,COMPRA,NULL,12454.16,12454.16,BRL,0f2afed9-5e12-5da2-a235-9dbca84aecb3,[]
2025-10-13,BTG Banking,ccdc8073-a0e3-5799-992d-9af6310ba197,credit_fixed_incomes,MRS LOGISTICA S/A,BRDEBSEC05A5|01417222000177|2029-06-15,ENTRADA,COMPRA,NULL,19023.76,19023.76,BRL,5638768207117844,[]
2025-10-15,BTG Banking,ccdc8073-a0e3-5799-992d-9af6310ba197,treasure_titles,Tesouro IPCA+ 2035,Tesouro IPCA+ 2035,ENTRADA,COMPRA,NULL,67040.88,67040.88,BRL,4465055786232574,[]
2025-10-15,BTG Banking,ccdc8073-a0e3-5799-992d-9af6310ba197,bank_fixed_incomes,CDB,BRBANKCDB0A0|30680829000143|2024-01-04|2027-01-01,SAIDA,PAGAMENTO_JUROS,NULL,2924.73,2913.37,BRL,8318782687673774,[]
2025-10-16,BTG Banking,ccdc8073-a0e3-5799-992d-9af6310ba197,bank_fixed_incomes,RDB,BRBANKRDB1A1|18236120000158|2025-04-27|2028-04-01,SAIDA,RESGATE,NULL,73361.02,73155.53,BRL,1836319438847700,[]
2025-10-16,BTG Banking,ccdc8073-a0e3-5799-992d-9af6310ba197,bank_fixed_incomes,LCI,BRBANKLCI2A2|30306294000145|2021-03-24|2024-03-01,ENTRADA,APLICACAO,NULL,45470.66,45470.66,BRL,3246819714629127,[]
2025-10-16,BTG Banking,ccdc8073-a0e3-5799-992d-9af6310ba197,bank_fixed_incomes,CDB,BRBANKCDB4A4|00360305000104|2022-05-14|2025-05-01,SAIDA,RESGATE,NULL,72993.68,72924.66,BRL,4499808027042180,[]
2025-10-16,BTG Banking,ccdc8073-a0e3-5799-992d-9af6310ba197,credit_fixed_incomes,VAMOS LOCACAO S.A.,BRDEBSEC03A3|07689002000189|2029-06-15,ENTRADA,COMPRA,NULL,16660.15,16660.15,BRL,7507891307977954,[]
2025-10-18,BTG Banking,ccdc8073-a0e3-5799-992d-9af6310ba197,bank_fixed_incomes,LCA,BRBANKLCA3A3|60746948000112|2022-10-25|2025-10-01,ENTRADA,OUTROS,NULL,584.03,584.03,BRL,3075283613517757,[]
2025-10-20,BTG Banking,ccdc8073-a0e3-5799-992d-9af6310ba197,variable_incomes,NULL,7566321666418446,ENTRADA,COMPRA,NULL,11466.38,NULL,BRL,1048789426602709,[]
2025-10-20,BTG Banking,ccdc8073-a0e3-5799-992d-9af6310ba197,bank_fixed_incomes,NULL,8345784273439850,SAIDA,RESGATE,NULL,14153.5,14097.63,BRL,6501737856608029,[]
2025-10-21,BTG Banking,ccdc8073-a0e3-5799-992d-9af6310ba197,bank_fixed_incomes,RDB,BRBANKRDB1A1|18236120000158|2025-05-27|2028-05-01,SAIDA,RESGATE,NULL,9556.02,9527.07,BRL,8672051970793116,[]
2025-10-22,BTG Banking,ccdc8073-a0e3-5799-992d-9af6310ba197,variable_incomes,BBDC4,BBDC4,ENTRADA,COMPRA,NULL,79722.5,NULL,BRL,0701016169973956,[]
2025-10-23,BTG Banking,ccdc8073-a0e3-5799-992d-9af6310ba197,bank_fixed_incomes,CDB,BRBANKCDB4A4|00360305000104|2021-04-13|2024-04-01,SAIDA,OUTROS,NULL,2100.51,2100.51,BRL,1001316469798522,[]
2025-10-23,BTG Banking,ccdc8073-a0e3-5799-992d-9af6310ba197,bank_fixed_incomes,RDB,BRBANKRDB1A1|18236120000158|2020-08-09|2023-08-01,ENTRADA,OUTROS,NULL,5157.38,5157.38,BRL,7947049083315361,[]
2025-10-24,BTG Banking,ccdc8073-a0e3-5799-992d-9af6310ba197,bank_fixed_incomes,LCA,BRBANKLCA3A3|60746948000112|2025-10-24|2028-10-01,ENTRADA,APLICACAO,NULL,116720.0,116720.0,BRL,1148039345442568,[]
2025-10-25,BTG Banking,ccdc8073-a0e3-5799-992d-9af6310ba197,bank_fixed_incomes,CDB,BRBANKCDB4A4|00360305000104|2023-11-10|2026-11-01,SAIDA,RESGATE,NULL,22840.06,22761.37,BRL,2151212245140022,[]
2025-10-25,BTG Banking,ccdc8073-a0e3-5799-992d-9af6310ba197,credit_fixed_incomes,MRS LOGISTICA S/A,BRCRISEC02A2|01417222000177|2027-06-15,SAIDA,VENCIMENTO,NULL,55819.29,55754.09,BRL,3504042087119582,[]
2025-10-28,BTG Banking,ccdc8073-a0e3-5799-992d-9af6310ba197,funds,KAPITALO KAPPA FIC FIM,18318213000154,SAIDA,RESGATE,NULL,8992.86,8955.61,BRL,0232852765565777,[]
2025-10-28,BTG Banking,ccdc8073-a0e3-5799-992d-9af6310ba197,bank_fixed_incomes,RDB,BRBANKRDB1A1|18236120000158|2025-10-28|2028-10-01,ENTRADA,APLICACAO,NULL,97626.0,97626.0,BRL,4494501547707139,[duplicate:cross_id]
2025-10-28,BTG Banking,ccdc8073-a0e3-5799-992d-9af6310ba197,bank_fixed_incomes,CDB,BRBANKCDB4A4|00360305000104|2020-09-09|2023-09-01,ENTRADA,APLICACAO,NULL,46936.87,46936.87,BRL,5024380368749068,[]
2025-10-29,BTG Banking,ccdc8073-a0e3-5799-992d-9af6310ba197,bank_fixed_incomes,LCA,BRBANKLCA3A3|60746948000112|2025-09-21|2028-09-01,ENTRADA,APLICACAO,NULL,16460.88,16460.88,BRL,0044182936005975,[]
2025-10-29,BTG Banking,ccdc8073-a0e3-5799-992d-9af6310ba197,treasure_titles,Tesouro IPCA+ com Juros Semestrais 2032,Tesouro IPCA+ com Juros Semestrais 2032,SAIDA,PAGAMENTO_JUROS,NULL,5632.06,5613.64,BRL,0413686685525454,[]
2025-10-29,BTG Banking,ccdc8073-a0e3-5799-992d-9af6310ba197,bank_fixed_incomes,LCI,BRBANKLCI2A2|30306294000145|2021-02-01|2024-02-01,SAIDA,RESGATE,NULL,17622.56,17573.86,BRL,0773823117813986,[]
2025-10-29,BTG Banking,ccdc8073-a0e3-5799-992d-9af6310ba197,funds,SPX NIMITZ ESTRUTURAL FIC FIM,34177667000185,SAIDA,RESGATE,NULL,68801.55,68585.16,BRL,8016953544601467,[]
2025-10-30,BTG Banking,ccdc8073-a0e3-5799-992d-9af6310ba197,bank_fixed_incomes,LCA,BRBANKLCA3A3|60746948000112|2025-09-21|2028-09-01,ENTRADA,OUTROS,NULL,7016.08,7016.08,BRL,6571974476013059,[]
2025-10-31,BTG Banking,ccdc8073-a0e3-5799-992d-9af6310ba197,variable_incomes,HASH11,HASH11,ENTRADA,COMPRA,NULL,26017.81,NULL,BRL,2369272016437094,[]
2025-10-31,BTG Banking,ccdc8073-a0e3-5799-992d-9af6310ba197,funds,ALASKA BLACK FIC FIA - BDR NIVEL I,11052478000102,SAIDA,RESGATE,NULL,65048.19,64993.83,BRL,2723290434120052,[]
2025-11-01,BTG Banking,ccdc8073-a0e3-5799-992d-9af6310ba197,bank_fixed_incomes,CDB,BRBANKCDB4A4|00360305000104|2024-07-15|2027-07-01,SAIDA,RESGATE,NULL,67312.82,67080.01,BRL,5661540967956019,[]
2025-11-01,BTG Banking,ccdc8073-a0e3-5799-992d-9af6310ba197,bank_fixed_incomes,LCI,BRBANKLCI2A2|30306294000145|2022-11-12|2025-11-01,SAIDA,RESGATE,NULL,77547.69,77333.9,BRL,8620938532770667,[]
2025-11-02,BTG Banking,ccdc8073-a0e3-5799-992d-9af6310ba197,bank_fixed_incomes,LCI,BRBANKLCI2A2|30306294000145|2021-03-24|2024-03-01,SAIDA,OUTROS,NULL,10370.65,10370.65,BRL,0537493199199332,[]
2025-11-02,BTG Banking,ccdc8073-a0e3-5799-992d-9af6310ba197,funds,SPX NIMITZ ESTRUTURAL FIC FIM,34177667000185,ENTRADA,APLICACAO,NULL,45772.41,NULL,BRL,2186021190096810,[]
2025-11-04,BTG Banking,ccdc8073-a0e3-5799-992d-9af6310ba197,bank_fixed_incomes,CDB,BRBANKCDB0A0|30680829000143|2020-01-28|2023-01-01,SAIDA,RESGATE,NULL,35555.89,35395.2,BRL,8174140000485612,[]
2025-11-06,BTG Banking,ccdc8073-a0e3-5799-992d-9af6310ba197,bank_fixed_incomes,LCI,BRBANKLCI2A2|30306294000145|2023-04-16|2026-04-01,SAIDA,VENCIMENTO,NULL,221781.02,221680.31,BRL,2938368919789121,[]
2025-11-08,BTG Banking,ccdc8073-a0e3-5799-992d-9af6310ba197,bank_fixed_incomes,RDB,BRBANKRDB1A1|18236120000158|2020-08-09|2023-08-01,SAIDA,RESGATE,NULL,52035.59,51877.15,BRL,0964629639018455,[]
2025-11-08,BTG Banking,ccdc8073-a0e3-5799-992d-9af6310ba197,bank_fixed_incomes,LCI,BRBANKLCI2A2|30306294000145|2021-03-24|2024-03-01,SAIDA,RESGATE,NULL,77467.51,77175.09,BRL,5937544112171666,[]
2025-11-08,BTG Banking,ccdc8073-a0e3-5799-992d-9af6310ba197,bank_fixed_incomes,RDB,BRBANKRDB1A1|18236120000158|2025-10-28|2028-10-01,SAIDA,RESGATE,NULL,19026.29,18975.42,BRL,9406520545326238,[]
2025-11-09,BTG Banking,ccdc8073-a0e3-5799-992d-9af6310ba197,bank_fixed_incomes,RDB,BRBANKRDB1A1|18236120000158|2025-10-28|2028-10-01,ENTRADA,APLICACAO,NULL,28087.74,28087.74,BRL,3198866554018180,[]
2025-11-10,BTG Banking,ccdc8073-a0e3-5799-992d-9af6310ba197,bank_fixed_incomes,LCI,BRBANKLCI2A2|30306294000145|2021-03-24|2024-03-01,SAIDA,RESGATE,NULL,43872.9,43768.02,BRL,7476209124977382,[]
2025-11-11,BTG Banking,ccdc8073-a0e3-5799-992d-9af6310ba197,bank_fixed_incomes,CDB,BRBANKCDB0A0|30680829000143|2020-01-28|2023-01-01,SAIDA,RESGATE,NULL,50784.7,50601.48,BRL,3081150523465180,[]
2025-11-12,BTG Banking,ccdc8073-a0e3-5799-992d-9af6310ba197,bank_fixed_incomes,NULL,8345784273439850,SAIDA,RESGATE,NULL,2281.01,2272.22,BRL,0980131845809131,[]
2025-11-12,BTG Banking,ccdc8073-a0e3-5799-992d-9af6310ba197,credit_fixed_incomes,VAMOS LOCACAO S.A.,BRDEBSEC03A3|07689002000189|2029-06-15,SAIDA,VENDA,NULL,10821.88,10792.17,BRL,9988489272118764,[]
2025-11-13,BTG Banking,ccdc8073-a0e3-5799-992d-9af6310ba197,variable_incomes,BPAC11,BPAC11,SAIDA,VENDA,NULL,67294.98,NULL,BRL,7982745676260996,[]
2025-11-13,BTG Banking,ccdc8073-a0e3-5799-992d-9af6310ba197,funds,KAPITALO KAPPA FIC FIM,18318213000154,ENTRADA,APLICACAO,NULL,10777.49,NULL,BRL,9141486794272523,[]
2025-11-13,BTG Banking,ccdc8073-a0e3-5799-992d-9af6310ba197,bank_fixed_incomes,RDB,BRBANKRDB1A1|18236120000158|2020-04-01|2023-04-01,SAIDA,PAGAMENTO_JUROS,NULL,1094.94,1092.28,BRL,9461258604970323,[]
2025-11-14,BTG Banking,ccdc8073-a0e3-5799-992d-9af6310ba197,bank_fixed_incomes,RDB,BRBANKRDB1A1|18236120000158|2022-05-28|2025-05-01,SAIDA,RESGATE,NULL,12149.19,12099.97,BRL,2153497127203697,[]
2025-11-14,BTG Banking,ccdc8073-a0e3-5799-992d-9af6310ba197,variable_incomes,NULL,1360914085186620,ENTRADA,OUTROS,MOVIMENTACAO NAO CLASSIFICADA PELA INSTITUICAO,4344.71,NULL,BRL,6149897312934226,[]
2025-11-16,BTG Banking,ccdc8073-a0e3-5799-992d-9af6310ba197,bank_fixed_incomes,LCA,BRBANKLCA3A3|60746948000112|2025-09-21|2028-09-01,SAIDA,OUTROS,NULL,1585.36,1585.36,BRL,6620690943719603,[]
2025-11-17,BTG Banking,ccdc8073-a0e3-5799-992d-9af6310ba197,bank_fixed_incomes,CDB,BRBANKCDB4A4|00360305000104|2024-12-04|2027-12-01,SAIDA,VENCIMENTO,NULL,205815.29,205369.47,BRL,1624460749672702,[]
2025-11-17,BTG Banking,ccdc8073-a0e3-5799-992d-9af6310ba197,bank_fixed_incomes,RDB,BRBANKRDB1A1|18236120000158|2024-03-14|2027-03-01,ENTRADA,APLICACAO,NULL,6983.67,6983.67,BRL,8471233490204099,[]
2025-11-18,BTG Banking,ccdc8073-a0e3-5799-992d-9af6310ba197,bank_fixed_incomes,RDB,BRBANKRDB1A1|18236120000158|2025-01-26|2028-01-01,SAIDA,PAGAMENTO_JUROS,NULL,3519.33,3500.26,BRL,2896094132194410,[]
2025-11-19,BTG Banking,ccdc8073-a0e3-5799-992d-9af6310ba197,bank_fixed_incomes,RDB,BRBANKRDB5A5|60518222000122|2021-12-15|2024-12-01,SAIDA,RESGATE,NULL,36893.65,36719.78,BRL,3682974951364337,[]
2025-11-21,BTG Banking,ccdc8073-a0e3-5799-992d-9af6310ba197,treasure_titles,Tesouro IPCA+ 2029,Tesouro IPCA+ 2029,ENTRADA,COMPRA,NULL,69598.24,69598.24,BRL,1655546292319531,[]
2025-11-21,BTG Banking,ccdc8073-a0e3-5799-992d-9af6310ba197,variable_incomes,BBDC4,BBDC4,ENTRADA,COMPRA,NULL,43108.88,NULL,BRL,3549963242383630,[]
2025-11-21,BTG Banking,ccdc8073-a0e3-5799-992d-9af6310ba197,bank_fixed_incomes,LCA,BRBANKLCA3A3|60746948000112|2025-11-21|2028-11-01,ENTRADA,APLICACAO,NULL,210829.0,210829.0,BRL,6183526932862753,[]
2025-11-21,BTG Banking,ccdc8073-a0e3-5799-992d-9af6310ba197,bank_fixed_incomes,RDB,BRBANKRDB1A1|18236120000158|2020-08-09|2023-08-01,SAIDA,VENCIMENTO,NULL,193012.29,192486.21,BRL,8805097270284017,[]
2025-11-22,BTG Banking,ccdc8073-a0e3-5799-992d-9af6310ba197,funds,IPCA LONGA DURACAO FIC FIRF,29562673000117,SAIDA,OUTROS,MOVIMENTACAO NAO CLASSIFICADA PELA INSTITUICAO,1125.49,NULL,BRL,6135874134598844,[]
2025-11-23,BTG Banking,ccdc8073-a0e3-5799-992d-9af6310ba197,bank_fixed_incomes,CDB,BRBANKCDB4A4|00360305000104|2025-11-23|2028-11-01,ENTRADA,TRANSFERENCIA_CUSTODIA,NULL,125328.0,125328.0,BRL,9359510489636907,[]
2025-11-24,BTG Banking,ccdc8073-a0e3-5799-992d-9af6310ba197,bank_fixed_incomes,RDB,BRBANKRDB1A1|18236120000158|2025-10-28|2028-10-01,SAIDA,PAGAMENTO_JUROS,NULL,1586.97,1584.38,BRL,0843234893729847,[]
2025-11-25,BTG Banking,ccdc8073-a0e3-5799-992d-9af6310ba197,bank_fixed_incomes,LCA,BRBANKLCA3A3|60746948000112|2025-11-21|2028-11-01,SAIDA,VENCIMENTO,NULL,209561.92,208727.46,BRL,0043930592596759,[]
2025-11-26,BTG Banking,ccdc8073-a0e3-5799-992d-9af6310ba197,credit_fixed_incomes,VAMOS LOCACAO S.A.,BRDEBSEC03A3|07689002000189|2029-06-15,ENTRADA,OUTROS,NULL,1631.93,1631.93,BRL,1777456924917005,[]
2025-11-27,BTG Banking,ccdc8073-a0e3-5799-992d-9af6310ba197,bank_fixed_incomes,NULL,8345784273439850,SAIDA,PAGAMENTO_JUROS,NULL,1384.14,1381.03,BRL,6383792471160201,[]
2025-11-27,BTG Banking,ccdc8073-a0e3-5799-992d-9af6310ba197,variable_incomes,BPAC11,BPAC11,ENTRADA,COMPRA,NULL,23503.08,NULL,BRL,8030636184096656,[]
2025-11-27,BTG Banking,ccdc8073-a0e3-5799-992d-9af6310ba197,bank_fixed_incomes,CDB,BRBANKCDB0A0|30680829000143|2023-07-27|2026-07-01,ENTRADA,APLICACAO,NULL,12337.85,12337.85,BRL,8554591482232488,[]
2025-11-28,BTG Banking,ccdc8073-a0e3-5799-992d-9af6310ba197,bank_fixed_incomes,CDB,BRBANKCDB0A0|30680829000143|2024-01-04|2027-01-01,SAIDA,RESGATE,NULL,43254.21,43192.67,BRL,3003906874197322,[]
2025-11-30,BTG Banking,ccdc8073-a0e3-5799-992d-9af6310ba197,bank_fixed_incomes,CDB,BRBANKCDB0A0|30680829000143|2021-12-29|2024-12-01,ENTRADA,APLICACAO,NULL,42994.48,42994.48,BRL,6941455938247478,[]
2025-11-30,BTG Banking,ccdc8073-a0e3-5799-992d-9af6310ba197,bank_fixed_incomes,LCI,BRBANKLCI2A2|30306294000145|2025-11-30|2028-11-01,ENTRADA,APLICACAO,NULL,199727.0,199727.0,BRL,8281764210330851,[]
2025-12-01,BTG Banking,ccdc8073-a0e3-5799-992d-9af6310ba197,bank_fixed_incomes,LCI,BRBANKLCI2A2|30306294000145|2025-05-13|2028-05-01,ENTRADA,OUTROS,NULL,2737.19,2737.19,BRL,2671167357469526,[]
2025-12-04,BTG Banking,ccdc8073-a0e3-5799-992d-9af6310ba197,bank_fixed_incomes,LCI,BRBANKLCI2A2|30306294000145|2022-11-06|2025-11-01,SAIDA,PAGAMENTO_JUROS,NULL,728.78,726.87,BRL,3726538079165889,[]
2025-12-04,BTG Banking,ccdc8073-a0e3-5799-992d-9af6310ba197,bank_fixed_incomes,LCA,BRBANKLCA3A3|60746948000112|2025-09-21|2028-09-01,SAIDA,RESGATE,NULL,54381.21,54322.88,BRL,5037000759728963,[]
2025-12-05,BTG Banking,ccdc8073-a0e3-5799-992d-9af6310ba197,bank_fixed_incomes,CDB,BRBANKCDB0A0|30680829000143|2024-10-30|2027-10-01,SAIDA,OUTROS,NULL,4353.8,4353.8,BRL,6913611549124184,[]
2025-12-06,BTG Banking,ccdc8073-a0e3-5799-992d-9af6310ba197,bank_fixed_incomes,CDB,BRBANKCDB4A4|00360305000104|2024-12-04|2027-12-01,SAIDA,OUTROS,NULL,11151.03,11151.03,BRL,7663185232195425,[]
2025-12-07,BTG Banking,ccdc8073-a0e3-5799-992d-9af6310ba197,bank_fixed_incomes,LCA,BRBANKLCA3A3|60746948000112|2024-03-22|2027-03-01,SAIDA,RESGATE,NULL,21769.98,21740.0,BRL,1357748703707781,[]
2025-12-08,BTG Banking,ccdc8073-a0e3-5799-992d-9af6310ba197,variable_incomes,NULL,3017111220589413,ENTRADA,COMPRA,NULL,93834.15,NULL,BRL,7815733187694071,[]
2025-12-09,BTG Banking,ccdc8073-a0e3-5799-992d-9af6310ba197,bank_fixed_incomes,CDB,BRBANKCDB4A4|00360305000104|2025-08-18|2028-08-01,SAIDA,RESGATE,NULL,31142.96,31063.28,BRL,9480994304206345,[]
2025-12-10,BTG Banking,ccdc8073-a0e3-5799-992d-9af6310ba197,funds,KAPITALO KAPPA FIC FIM,18318213000154,SAIDA,OUTROS,MOVIMENTACAO NAO CLASSIFICADA PELA INSTITUICAO,361.14,NULL,BRL,1540727848995045,[]
2025-12-10,BTG Banking,ccdc8073-a0e3-5799-992d-9af6310ba197,bank_fixed_incomes,LCI,BRBANKLCI2A2|30306294000145|2024-06-30|2027-06-01,SAIDA,RESGATE,NULL,27506.54,27470.65,BRL,4994679815430142,[]
2025-12-12,BTG Banking,ccdc8073-a0e3-5799-992d-9af6310ba197,bank_fixed_incomes,LCI,BRBANKLCI2A2|30306294000145|2023-03-18|2026-03-01,SAIDA,PAGAMENTO_JUROS,NULL,37.56,37.39,BRL,9178885659350145,[]
2025-12-13,BTG Banking,ccdc8073-a0e3-5799-992d-9af6310ba197,bank_fixed_incomes,LCA,BRBANKLCA3A3|60746948000112|2025-09-21|2028-09-01,SAIDA,PAGAMENTO_JUROS,NULL,2521.86,2513.44,BRL,5354054860924091,[]
2025-12-13,BTG Banking,ccdc8073-a0e3-5799-992d-9af6310ba197,credit_fixed_incomes,OMEGA ENERGIA S.A.,BRCRASEC00A0|09149503000106|2028-06-15,SAIDA,VENDA,NULL,239.52,239.36,BRL,8579711581411398,[]
2025-12-14,BTG Banking,ccdc8073-a0e3-5799-992d-9af6310ba197,credit_fixed_incomes,MRS LOGISTICA S/A,BRDEBSEC05A5|01417222000177|2029-06-15,SAIDA,VENDA,NULL,84456.73,84290.51,BRL,4713479135162720,[]
2025-12-17,BTG Banking,ccdc8073-a0e3-5799-992d-9af6310ba197,bank_fixed_incomes,RDB,BRBANKRDB1A1|18236120000158|2022-05-28|2025-05-01,SAIDA,RESGATE,NULL,11912.3,11889.73,BRL,1511962416371041,[]
2025-12-17,BTG Banking,ccdc8073-a0e3-5799-992d-9af6310ba197,treasure_titles,Tesouro IPCA+ 2035,Tesouro IPCA+ 2035,ENTRADA,COMPRA,NULL,78602.36,78602.36,BRL,3212202596458935,[]
2025-12-17,BTG Banking,ccdc8073-a0e3-5799-992d-9af6310ba197,funds,IPCA LONGA DURACAO FIC FIRF,29562673000117,SAIDA,RESGATE,NULL,3367.56,3357.96,BRL,4791196013786523,[]
2025-12-17,BTG Banking,ccdc8073-a0e3-5799-992d-9af6310ba197,bank_fixed_incomes,CDB,BRBANKCDB0A0|30680829000143|2024-01-04|2027-01-01,SAIDA,AMORTIZACAO,NULL,2682.62,2673.0,BRL,5231104847449085,[]
2025-12-17,BTG Banking,ccdc8073-a0e3-5799-992d-9af6310ba197,variable_incomes,BBDC4,BBDC4,ENTRADA,COMPRA,NULL,46812.59,NULL,BRL,6307245151367636,[]
2025-12-17,BTG Banking,ccdc8073-a0e3-5799-992d-9af6310ba197,funds,ALASKA BLACK FIC FIA - BDR NIVEL I,11052478000102,SAIDA,RESGATE,NULL,28292.84,28219.35,BRL,6319713711716428,[]
2025-12-18,BTG Banking,ccdc8073-a0e3-5799-992d-9af6310ba197,bank_fixed_incomes,RDB,BRBANKRDB1A1|92894922000108|2025-10-03|2028-10-01,ENTRADA,OUTROS,NULL,1358.12,1358.12,BRL,0124385643429421,[]
2025-12-19,BTG Banking,ccdc8073-a0e3-5799-992d-9af6310ba197,bank_fixed_incomes,NULL,6422913264722109,ENTRADA,OUTROS,NULL,2596.71,2596.71,BRL,3048914687594449,[]
2025-12-20,BTG Banking,ccdc8073-a0e3-5799-992d-9af6310ba197,bank_fixed_incomes,CDB,BRBANKCDB4A4|00360305000104|2025-11-23|2028-11-01,SAIDA,RESGATE,NULL,46573.29,46508.37,BRL,5759657058305796,[]
2025-12-20,BTG Banking,ccdc8073-a0e3-5799-992d-9af6310ba197,funds,ALASKA BLACK FIC FIA - BDR NIVEL I,11052478000102,ENTRADA,APLICACAO,NULL,74361.33,NULL,BRL,6154799747686423,[]
2025-12-21,BTG Banking,ccdc8073-a0e3-5799-992d-9af6310ba197,bank_fixed_incomes,RDB,BRBANKRDB5A5|60518222000122|2023-08-25|2026-08-01,SAIDA,VENCIMENTO,NULL,82253.9,82031.04,BRL,9529785998011825,[]
2025-12-22,BTG Banking,ccdc8073-a0e3-5799-992d-9af6310ba197,bank_fixed_incomes,CDB,BRBANKCDB0A0|30680829000143|2020-01-28|2023-01-01,SAIDA,RESGATE,NULL,20266.73,20172.55,BRL,6205634677423277,[]
2025-12-24,BTG Banking,ccdc8073-a0e3-5799-992d-9af6310ba197,variable_incomes,VALE3,VALE3,SAIDA,VENDA,NULL,15000.02,NULL,BRL,3080742975573414,[]
2025-12-25,BTG Banking,ccdc8073-a0e3-5799-992d-9af6310ba197,bank_fixed_incomes,CDB,BRBANKCDB4A4|00360305000104|2020-09-09|2023-09-01,SAIDA,RESGATE,NULL,67777.48,67560.16,BRL,7984796816596348,[]
2025-12-26,BTG Banking,ccdc8073-a0e3-5799-992d-9af6310ba197,bank_fixed_incomes,LCA,BRBANKLCA3A3|60746948000112|2024-07-07|2027-07-01,SAIDA,RESGATE,NULL,37312.09,37116.46,BRL,1096018253160383,[]
2025-12-26,BTG Banking,ccdc8073-a0e3-5799-992d-9af6310ba197,bank_fixed_incomes,LCI,BRBANKLCI2A2|30306294000145|2023-06-30|2026-06-01,SAIDA,RESGATE,NULL,61031.43,60817.6,BRL,1128206979586817,[]
2025-12-27,Nubank,495fc091-d764-5a72-8f9b-708ae74cbe45,bank_fixed_incomes,NULL,b8e7d82a-d4fd-52e3-8b0a-124892018984,SAIDA,PAGAMENTO_JUROS,NULL,4786.93,4771.24,BRL,4a9f88ec-24f2-5257-a875-90fb3f649e19,[]
2025-12-27,BTG Banking,ccdc8073-a0e3-5799-992d-9af6310ba197,bank_fixed_incomes,RDB,BRBANKRDB5A5|60518222000122|2019-10-06|2022-10-01,SAIDA,PAGAMENTO_JUROS,NULL,4402.11,4393.38,BRL,7771397168244430,[]
2025-12-30,BTG Banking,ccdc8073-a0e3-5799-992d-9af6310ba197,bank_fixed_incomes,RDB,BRBANKRDB5A5|60518222000122|2023-08-25|2026-08-01,SAIDA,OUTROS,NULL,2038.63,2038.63,BRL,2271284336881856,[]
2025-12-31,BTG Banking,ccdc8073-a0e3-5799-992d-9af6310ba197,funds,SPX NIMITZ ESTRUTURAL FIC FIM,34177667000185,SAIDA,RESGATE,NULL,12490.1,12436.62,BRL,9871269376314622,[]
2026-01-02,BTG Banking,ccdc8073-a0e3-5799-992d-9af6310ba197,bank_fixed_incomes,LCA,BRBANKLCA3A3|60746948000112|2024-03-22|2027-03-01,SAIDA,RESGATE,NULL,56807.37,56578.91,BRL,6162050154008582,[]
2026-01-05,BTG Banking,ccdc8073-a0e3-5799-992d-9af6310ba197,bank_fixed_incomes,CDB,BRBANKCDB0A0|30680829000143|2022-08-13|2025-08-01,ENTRADA,APLICACAO,NULL,33007.18,33007.18,BRL,9340772118581180,[]
2026-01-06,BTG Banking,ccdc8073-a0e3-5799-992d-9af6310ba197,bank_fixed_incomes,CDB,BRBANKCDB0A0|30680829000143|2024-01-16|2027-01-01,ENTRADA,OUTROS,NULL,4649.09,4649.09,BRL,6852381340313527,[]
2026-01-06,BTG Banking,ccdc8073-a0e3-5799-992d-9af6310ba197,bank_fixed_incomes,RDB,BRBANKRDB1A1|18236120000158|2025-05-27|2028-05-01,SAIDA,PAGAMENTO_JUROS,NULL,1404.96,1403.37,BRL,6882669863537157,[]
2026-01-07,BTG Banking,ccdc8073-a0e3-5799-992d-9af6310ba197,bank_fixed_incomes,RDB,BRBANKRDB1A1|18236120000158|2026-01-07|2029-01-01,ENTRADA,APLICACAO,NULL,101366.0,101366.0,BRL,3312475527189536,[duplicate:cross_id]
2026-01-07,BTG Banking,ccdc8073-a0e3-5799-992d-9af6310ba197,bank_fixed_incomes,LCA,BRBANKLCA3A3|60746948000112|2025-09-21|2028-09-01,SAIDA,RESGATE,NULL,36444.31,36376.3,BRL,7922607990449876,[]
2026-01-09,BTG Banking,ccdc8073-a0e3-5799-992d-9af6310ba197,bank_fixed_incomes,LCI,BRBANKLCI2A2|30306294000145|2025-05-13|2028-05-01,SAIDA,RESGATE,NULL,11887.45,11863.96,BRL,1135471091243328,[]
2026-01-10,BTG Banking,ccdc8073-a0e3-5799-992d-9af6310ba197,funds,IPCA LONGA DURACAO FIC FIRF,29562673000117,ENTRADA,APLICACAO,NULL,1786.13,NULL,BRL,3815602288514363,[]
2026-01-12,BTG Banking,ccdc8073-a0e3-5799-992d-9af6310ba197,bank_fixed_incomes,NULL,8345784273439850,SAIDA,RESGATE,NULL,17117.53,17069.2,BRL,2954968600005014,[]
2026-01-12,BTG Banking,ccdc8073-a0e3-5799-992d-9af6310ba197,bank_fixed_incomes,RDB,BRBANKRDB5A5|60518222000122|2023-08-25|2026-08-01,SAIDA,RESGATE,NULL,37002.62,36951.78,BRL,5070655598016467,[]
2026-01-13,BTG Banking,ccdc8073-a0e3-5799-992d-9af6310ba197,bank_fixed_incomes,LCA,BRBANKLCA3A3|60746948000112|2025-11-21|2028-11-01,SAIDA,RESGATE,NULL,22039.88,21946.43,BRL,9815169563850946,[]
2026-01-14,BTG Banking,ccdc8073-a0e3-5799-992d-9af6310ba197,variable_incomes,BBDC4,BBDC4,ENTRADA,COMPRA,NULL,20704.92,NULL,BRL,5148923400293931,[]
2026-01-15,BTG Banking,ccdc8073-a0e3-5799-992d-9af6310ba197,funds,SPX NIMITZ ESTRUTURAL FIC FIM,34177667000185,SAIDA,RESGATE,NULL,98580.73,98230.12,BRL,0937002133473107,[]
2026-01-15,Nubank,495fc091-d764-5a72-8f9b-708ae74cbe45,credit_fixed_incomes,MRS LOGISTICA S/A,BRDEBSEC05A5|01417222000177|2031-06-15,ENTRADA,COMPRA,NULL,62375.23,62375.23,BRL,dc762e5f-b68d-5032-a22b-682c1d07cbd3,[]
2026-01-17,BTG Banking,ccdc8073-a0e3-5799-992d-9af6310ba197,bank_fixed_incomes,RDB,BRBANKRDB1A1|18236120000158|2020-04-01|2023-04-01,ENTRADA,APLICACAO,NULL,28430.31,28430.31,BRL,1583417083412919,[]
2026-01-17,BTG Banking,ccdc8073-a0e3-5799-992d-9af6310ba197,bank_fixed_incomes,RDB,BRBANKRDB5A5|60518222000122|2023-08-25|2026-08-01,SAIDA,PAGAMENTO_JUROS,NULL,2085.98,2074.37,BRL,3605740034378819,[]
2026-01-18,BTG Banking,ccdc8073-a0e3-5799-992d-9af6310ba197,bank_fixed_incomes,RDB,BRBANKRDB5A5|60518222000122|2019-10-06|2022-10-01,SAIDA,RESGATE,NULL,69007.78,68688.15,BRL,7961735346567256,[]
2026-01-19,BTG Banking,ccdc8073-a0e3-5799-992d-9af6310ba197,credit_fixed_incomes,MRS LOGISTICA S/A,BRDEBSEC05A5|01417222000177|2029-06-15,ENTRADA,COMPRA,NULL,70973.24,70973.24,BRL,1264139939863120,[]
2026-01-21,BTG Banking,ccdc8073-a0e3-5799-992d-9af6310ba197,bank_fixed_incomes,RDB,BRBANKRDB1A1|18236120000158|2020-04-01|2023-04-01,SAIDA,RESGATE,NULL,10341.57,10304.36,BRL,1888125821385878,[]
2026-01-23,BTG Banking,ccdc8073-a0e3-5799-992d-9af6310ba197,bank_fixed_incomes,LCI,BRBANKLCI2A2|30306294000145|2021-02-01|2024-02-01,SAIDA,RESGATE,NULL,12497.34,12478.12,BRL,1305916804399063,[]
2026-01-23,BTG Banking,ccdc8073-a0e3-5799-992d-9af6310ba197,bank_fixed_incomes,CDB,BRBANKCDB0A0|30680829000143|2022-08-13|2025-08-01,ENTRADA,APLICACAO,NULL,21718.1,21718.1,BRL,1395687670753402,[]
2026-01-24,BTG Banking,ccdc8073-a0e3-5799-992d-9af6310ba197,bank_fixed_incomes,LCA,BRBANKLCA3A3|60746948000112|2024-06-01|2027-06-01,SAIDA,VENCIMENTO,NULL,52294.36,52130.12,BRL,0950586443342445,[]
2026-01-24,BTG Banking,ccdc8073-a0e3-5799-992d-9af6310ba197,bank_fixed_incomes,LCA,BRBANKLCA3A3|60746948000112|2024-06-01|2027-06-01,SAIDA,RESGATE,NULL,4418.74,4404.12,BRL,6308460306191058,[]
2026-01-25,BTG Banking,ccdc8073-a0e3-5799-992d-9af6310ba197,variable_incomes,BPAC11,BPAC11,SAIDA,VENDA,NULL,55893.35,NULL,BRL,1357747157095035,[]
2026-01-26,BTG Banking,ccdc8073-a0e3-5799-992d-9af6310ba197,bank_fixed_incomes,CDB,BRBANKCDB0A0|30680829000143|2024-01-16|2027-01-01,ENTRADA,APLICACAO,NULL,7898.45,7898.45,BRL,3510771377778661,[]
2026-01-26,BTG Banking,ccdc8073-a0e3-5799-992d-9af6310ba197,bank_fixed_incomes,CDB,BRBANKCDB0A0|30680829000143|2022-08-13|2025-08-01,SAIDA,RESGATE,NULL,21835.47,21779.13,BRL,6481115283111728,[]
2026-01-26,BTG Banking,ccdc8073-a0e3-5799-992d-9af6310ba197,bank_fixed_incomes,LCI,BRBANKLCI2A2|30306294000145|2023-03-18|2026-03-01,ENTRADA,APLICACAO,NULL,2277.43,2277.43,BRL,7186866193107978,[]
2026-01-27,BTG Banking,ccdc8073-a0e3-5799-992d-9af6310ba197,bank_fixed_incomes,LCA,BRBANKLCA3A3|60746948000112|2025-11-21|2028-11-01,ENTRADA,OUTROS,NULL,2616.41,2616.41,BRL,1654687749516913,[]
2026-01-27,BTG Banking,ccdc8073-a0e3-5799-992d-9af6310ba197,bank_fixed_incomes,CDB,BRBANKCDB0A0|30680829000143|2020-03-13|2023-03-01,SAIDA,RESGATE,NULL,17155.55,17094.15,BRL,2742521940851053,[]
2026-01-27,BTG Banking,ccdc8073-a0e3-5799-992d-9af6310ba197,bank_fixed_incomes,CDB,BRBANKCDB0A0|30680829000143|2026-01-27|2029-01-01,ENTRADA,APLICACAO,NULL,180412.0,180412.0,BRL,9739141616366828,[]
2026-01-28,BTG Banking,ccdc8073-a0e3-5799-992d-9af6310ba197,bank_fixed_incomes,CDB,BRBANKCDB4A4|00360305000104|2020-01-10|2023-01-01,SAIDA,RESGATE,NULL,11174.02,11144.45,BRL,9837992897364418,[]
2026-01-29,BTG Banking,ccdc8073-a0e3-5799-992d-9af6310ba197,bank_fixed_incomes,RDB,BRBANKRDB5A5|60518222000122|2023-08-25|2026-08-01,SAIDA,RESGATE,NULL,27571.74,27506.83,BRL,2774911024637048,[]
2026-01-29,BTG Banking,ccdc8073-a0e3-5799-992d-9af6310ba197,bank_fixed_incomes,LCI,BRBANKLCI2A2|30306294000145|2022-11-12|2025-11-01,SAIDA,RESGATE,NULL,31991.58,31951.97,BRL,5996235401170795,[]
2026-01-30,BTG Banking,ccdc8073-a0e3-5799-992d-9af6310ba197,bank_fixed_incomes,LCI,BRBANKLCI2A2|30306294000145|2020-11-11|2023-11-01,SAIDA,RESGATE,NULL,62196.24,62035.11,BRL,0718627410966013,[]
2026-01-30,Nubank,495fc091-d764-5a72-8f9b-708ae74cbe45,bank_fixed_incomes,RDB,BRBANKRDB1A1|18236120000158|2026-01-30|2029-01-01,ENTRADA,APLICACAO,NULL,240375.0,240375.0,BRL,eaeb4963-544e-5af2-9c43-3a8c1a089175,[]
2026-01-31,BTG Banking,ccdc8073-a0e3-5799-992d-9af6310ba197,bank_fixed_incomes,CDB,BRBANKCDB4A4|00360305000104|2024-07-15|2027-07-01,SAIDA,RESGATE,NULL,37854.36,37751.47,BRL,0900365791431299,[]
2026-02-02,BTG Banking,ccdc8073-a0e3-5799-992d-9af6310ba197,funds,KAPITALO KAPPA FIC FIM,18318213000154,SAIDA,RESGATE,NULL,2654.66,2649.52,BRL,0093828279542706,[]
2026-02-03,BTG Banking,ccdc8073-a0e3-5799-992d-9af6310ba197,bank_fixed_incomes,RDB,BRBANKRDB5A5|60518222000122|2024-04-22|2027-04-01,SAIDA,RESGATE,NULL,19466.5,19430.07,BRL,2062887521981533,[]
2026-02-04,BTG Banking,ccdc8073-a0e3-5799-992d-9af6310ba197,bank_fixed_incomes,RDB,BRBANKRDB1A1|18236120000158|2026-01-07|2029-01-01,ENTRADA,APLICACAO,NULL,45486.47,45486.47,BRL,1545012152951565,[]
2026-02-05,BTG Banking,ccdc8073-a0e3-5799-992d-9af6310ba197,bank_fixed_incomes,RDB,BRBANKRDB5A5|60518222000122|2023-08-25|2026-08-01,SAIDA,RESGATE,NULL,32625.68,32549.93,BRL,4186440365916448,[]
2026-02-06,BTG Banking,ccdc8073-a0e3-5799-992d-9af6310ba197,bank_fixed_incomes,LCA,BRBANKLCA3A3|60746948000112|2021-04-07|2024-04-01,SAIDA,RESGATE,NULL,71471.7,71301.27,BRL,9759623356341733,[]
2026-02-07,BTG Banking,ccdc8073-a0e3-5799-992d-9af6310ba197,bank_fixed_incomes,NULL,8345784273439850,ENTRADA,APLICACAO,NULL,11870.63,11870.63,BRL,4608147495962790,[]
2026-02-07,BTG Banking,ccdc8073-a0e3-5799-992d-9af6310ba197,bank_fixed_incomes,RDB,BRBANKRDB1A1|18236120000158|2020-08-09|2023-08-01,SAIDA,RESGATE,NULL,62896.23,62760.66,BRL,9332644168227739,[]
2026-02-08,BTG Banking,ccdc8073-a0e3-5799-992d-9af6310ba197,bank_fixed_incomes,CDB,BRBANKCDB0A0|30680829000143|2021-11-25|2024-11-01,ENTRADA,APLICACAO,NULL,52255.32,52255.32,BRL,6528952468968260,[]
2026-02-09,BTG Banking,ccdc8073-a0e3-5799-992d-9af6310ba197,funds,SPX NIMITZ ESTRUTURAL FIC FIM,34177667000185,ENTRADA,APLICACAO,NULL,22675.95,NULL,BRL,7155193330940594,[]
2026-02-10,BTG Banking,ccdc8073-a0e3-5799-992d-9af6310ba197,bank_fixed_incomes,RDB,BRBANKRDB1A1|18236120000158|2020-04-01|2023-04-01,SAIDA,PAGAMENTO_JUROS,NULL,504.68,502.65,BRL,6680911785683696,[]
2026-02-12,BTG Banking,ccdc8073-a0e3-5799-992d-9af6310ba197,bank_fixed_incomes,RDB,BRBANKRDB5A5|60518222000122|2026-02-12|2029-02-01,ENTRADA,APLICACAO,NULL,232912.0,232912.0,BRL,6534694496832595,[duplicate:cross_id]
2026-02-12,BTG Banking,ccdc8073-a0e3-5799-992d-9af6310ba197,bank_fixed_incomes,CDB,BRBANKCDB0A0|30680829000143|2022-08-13|2025-08-01,ENTRADA,APLICACAO,NULL,13365.22,13365.22,BRL,6802183535604581,[]
2026-02-12,BTG Banking,ccdc8073-a0e3-5799-992d-9af6310ba197,bank_fixed_incomes,LCI,BRBANKLCI2A2|30306294000145|2021-02-01|2024-02-01,SAIDA,RESGATE,NULL,9824.39,9804.45,BRL,9745569949835216,[]
2026-02-13,BTG Banking,ccdc8073-a0e3-5799-992d-9af6310ba197,bank_fixed_incomes,CDB,BRBANKCDB4A4|00360305000104|2022-10-14|2025-10-01,SAIDA,RESGATE,NULL,30037.17,29925.27,BRL,8783743725287100,[]
2026-02-13,BTG Banking,ccdc8073-a0e3-5799-992d-9af6310ba197,bank_fixed_incomes,LCI,BRBANKLCI2A2|30306294000145|2023-03-18|2026-03-01,ENTRADA,APLICACAO,NULL,308.61,308.61,BRL,9290618990170196,[]
2026-02-15,BTG Banking,ccdc8073-a0e3-5799-992d-9af6310ba197,bank_fixed_incomes,RDB,BRBANKRDB5A5|60518222000122|2026-02-12|2029-02-01,SAIDA,RESGATE,NULL,44950.04,44703.81,BRL,4543103478573919,[]
2026-02-16,Nubank,495fc091-d764-5a72-8f9b-708ae74cbe45,bank_fixed_incomes,RDB,BRBANKRDB5A5|60518222000122|2026-02-16|2029-02-01,ENTRADA,APLICACAO,NULL,247587.0,247587.0,BRL,0553a2c5-5b6a-5d45-95bb-feda9ffbbc51,[]
2026-02-16,BTG Banking,ccdc8073-a0e3-5799-992d-9af6310ba197,funds,KAPITALO KAPPA FIC FIM,18318213000154,SAIDA,RESGATE,NULL,14929.06,14893.15,BRL,1963023553069535,[]
2026-02-16,BTG Banking,ccdc8073-a0e3-5799-992d-9af6310ba197,bank_fixed_incomes,LCA,BRBANKLCA3A3|60746948000112|2025-09-21|2028-09-01,SAIDA,RESGATE,NULL,17639.51,17616.53,BRL,3575651680742617,[]
2026-02-18,BTG Banking,ccdc8073-a0e3-5799-992d-9af6310ba197,funds,ALASKA BLACK FIC FIA - BDR NIVEL I,11052478000102,ENTRADA,APLICACAO,NULL,83386.42,NULL,BRL,0642531647191243,[]
2026-02-18,BTG Banking,ccdc8073-a0e3-5799-992d-9af6310ba197,credit_fixed_incomes,VAMOS LOCACAO S.A.,BRDEBSEC03A3|07689002000189|2029-06-15,ENTRADA,COMPRA,NULL,3652.59,3652.59,BRL,3237289155786132,[]
2026-02-18,BTG Banking,ccdc8073-a0e3-5799-992d-9af6310ba197,treasure_titles,Tesouro Educa+ 2031,Tesouro Educa+ 2031,ENTRADA,COMPRA,NULL,79138.2,79138.2,BRL,3561379427156127,[]
2026-02-19,BTG Banking,ccdc8073-a0e3-5799-992d-9af6310ba197,variable_incomes,BBDC4,BBDC4,SAIDA,VENDA,NULL,5710.22,NULL,BRL,5213501608960838,[]
2026-02-19,BTG Banking,ccdc8073-a0e3-5799-992d-9af6310ba197,bank_fixed_incomes,RDB,BRBANKRDB1A1|18236120000158|2025-10-28|2028-10-01,SAIDA,RESGATE,NULL,8555.47,8523.28,BRL,8552307124892792,[]
2026-02-19,Nubank,495fc091-d764-5a72-8f9b-708ae74cbe45,bank_fixed_incomes,RDB,BRBANKRDB1A1|18236120000158|2026-01-30|2029-01-01,ENTRADA,OUTROS,NULL,13229.6,13229.6,BRL,d5c8b44e-58b0-5e52-b40d-ff471b7df618,[]
2026-02-20,BTG Banking,ccdc8073-a0e3-5799-992d-9af6310ba197,variable_incomes,BPAC11,BPAC11,SAIDA,VENDA,NULL,46068.56,NULL,BRL,4011916017122784,[]
2026-02-20,BTG Banking,ccdc8073-a0e3-5799-992d-9af6310ba197,variable_incomes,B3SA3,B3SA3,ENTRADA,COMPRA,NULL,43866.6,NULL,BRL,7416027444465869,[]
2026-02-20,Nubank,495fc091-d764-5a72-8f9b-708ae74cbe45,bank_fixed_incomes,NULL,b8e7d82a-d4fd-52e3-8b0a-124892018984,SAIDA,RESGATE,NULL,12806.85,12797.66,BRL,cb76b1e8-aecd-59e0-9028-df61145173fb,[]
2026-02-21,BTG Banking,ccdc8073-a0e3-5799-992d-9af6310ba197,bank_fixed_incomes,CDB,BRBANKCDB4A4|00360305000104|2023-11-10|2026-11-01,SAIDA,RESGATE,NULL,11965.5,11923.81,BRL,3409430113026645,[]
2026-02-22,BTG Banking,ccdc8073-a0e3-5799-992d-9af6310ba197,bank_fixed_incomes,LCI,BRBANKLCI2A2|30306294000145|2023-04-16|2026-04-01,SAIDA,RESGATE,NULL,78576.66,78333.0,BRL,1322652981596852,[]
2026-02-23,BTG Banking,ccdc8073-a0e3-5799-992d-9af6310ba197,credit_fixed_incomes,MRS LOGISTICA S/A,BRDEBSEC05A5|01417222000177|2029-06-15,ENTRADA,COMPRA,NULL,51512.03,51512.03,BRL,3251146373445222,[]
2026-02-23,BTG Banking,ccdc8073-a0e3-5799-992d-9af6310ba197,bank_fixed_incomes,LCI,BRBANKLCI2A2|30306294000145|2020-11-11|2023-11-01,SAIDA,RESGATE,NULL,78558.49,78407.69,BRL,3333396993032757,[]
2026-02-24,BTG Banking,ccdc8073-a0e3-5799-992d-9af6310ba197,treasure_titles,Tesouro Prefixado 2029,Tesouro Prefixado 2029,ENTRADA,COMPRA,NULL,55170.0,55170.0,BRL,1248727410981094,[]
2026-02-26,Nubank,495fc091-d764-5a72-8f9b-708ae74cbe45,variable_incomes,BPAC11,BPAC11,ENTRADA,OUTROS,MOVIMENTACAO NAO CLASSIFICADA PELA INSTITUICAO,48.76,NULL,BRL,3936b0dc-daa6-5ac4-9a5b-cf7516e6ba99,[]
2026-02-26,BTG Banking,ccdc8073-a0e3-5799-992d-9af6310ba197,bank_fixed_incomes,NULL,8345784273439850,SAIDA,PAGAMENTO_JUROS,NULL,1281.07,1278.66,BRL,4374769566083319,[]
2026-02-26,BTG Banking,ccdc8073-a0e3-5799-992d-9af6310ba197,bank_fixed_incomes,RDB,BRBANKRDB1A1|18236120000158|2025-05-27|2028-05-01,SAIDA,OUTROS,NULL,1277.36,1277.36,BRL,8553239905544774,[]
2026-03-01,BTG Banking,ccdc8073-a0e3-5799-992d-9af6310ba197,treasure_titles,Tesouro IPCA+ 2035,Tesouro IPCA+ 2035,SAIDA,VENDA,NULL,72155.75,71857.79,BRL,3248764937971699,[]
2026-03-03,BTG Banking,ccdc8073-a0e3-5799-992d-9af6310ba197,bank_fixed_incomes,RDB,BRBANKRDB1A1|18236120000158|2021-03-02|2024-03-01,SAIDA,RESGATE,NULL,25405.71,25283.05,BRL,2424307364975388,[]
2026-03-03,BTG Banking,ccdc8073-a0e3-5799-992d-9af6310ba197,bank_fixed_incomes,CDB,BRBANKCDB4A4|00360305000104|2022-12-03|2025-12-01,SAIDA,PAGAMENTO_JUROS,NULL,2593.56,2583.12,BRL,3976049946245031,[]
2026-03-03,BTG Banking,ccdc8073-a0e3-5799-992d-9af6310ba197,bank_fixed_incomes,LCA,BRBANKLCA3A3|60746948000112|2022-07-14|2025-07-01,ENTRADA,APLICACAO,NULL,30025.83,30025.83,BRL,9143594206105934,[]
2026-03-04,BTG Banking,ccdc8073-a0e3-5799-992d-9af6310ba197,bank_fixed_incomes,CDB,BRBANKCDB0A0|30680829000143|2021-12-29|2024-12-01,SAIDA,RESGATE,NULL,20983.57,20929.55,BRL,0190572749342350,[]
2026-03-04,BTG Banking,ccdc8073-a0e3-5799-992d-9af6310ba197,bank_fixed_incomes,RDB,BRBANKRDB5A5|60518222000122|2026-02-12|2029-02-01,ENTRADA,TRANSFERENCIA_TITULARIDADE,NULL,68618.67,68618.67,BRL,6055070383894911,[]
2026-03-04,BTG Banking,ccdc8073-a0e3-5799-992d-9af6310ba197,bank_fixed_incomes,CDB,BRBANKCDB0A0|30680829000143|2022-10-26|2025-10-01,SAIDA,RESGATE,NULL,38517.75,38441.07,BRL,9413306838226710,[]
2026-03-05,BTG Banking,ccdc8073-a0e3-5799-992d-9af6310ba197,bank_fixed_incomes,RDB,BRBANKRDB1A1|92894922000108|2025-10-03|2028-10-01,ENTRADA,APLICACAO,NULL,4384.15,4384.15,BRL,0452048218485609,[]
2026-03-05,BTG Banking,ccdc8073-a0e3-5799-992d-9af6310ba197,bank_fixed_incomes,LCI,BRBANKLCI2A2|30306294000145|2022-11-12|2025-11-01,ENTRADA,OUTROS,NULL,2506.23,2506.23,BRL,8099088737794973,[]
2026-03-07,BTG Banking,ccdc8073-a0e3-5799-992d-9af6310ba197,bank_fixed_incomes,RDB,BRBANKRDB1A1|18236120000158|2022-05-28|2025-05-01,SAIDA,RESGATE,NULL,4190.47,4182.96,BRL,4108650193625363,[]
2026-03-07,BTG Banking,ccdc8073-a0e3-5799-992d-9af6310ba197,bank_fixed_incomes,CDB,BRBANKCDB0A0|30680829000143|2021-12-29|2024-12-01,SAIDA,RESGATE,NULL,17100.75,17075.0,BRL,7120190026389659,[]
2026-03-09,BTG Banking,ccdc8073-a0e3-5799-992d-9af6310ba197,bank_fixed_incomes,CDB,BRBANKCDB4A4|00360305000104|2024-05-28|2027-05-01,SAIDA,RESGATE,NULL,13360.26,13295.47,BRL,5937935405848215,[]
2026-03-10,BTG Banking,ccdc8073-a0e3-5799-992d-9af6310ba197,bank_fixed_incomes,LCI,BRBANKLCI2A2|30306294000145|2023-04-16|2026-04-01,ENTRADA,APLICACAO,NULL,33864.49,33864.49,BRL,7863325520249285,[]
2026-03-11,BTG Banking,ccdc8073-a0e3-5799-992d-9af6310ba197,bank_fixed_incomes,RDB,BRBANKRDB5A5|60518222000122|2026-02-12|2029-02-01,SAIDA,OUTROS,NULL,6430.11,6430.11,BRL,7138560710893114,[]
2026-03-13,BTG Banking,ccdc8073-a0e3-5799-992d-9af6310ba197,bank_fixed_incomes,RDB,BRBANKRDB5A5|60518222000122|2025-07-21|2028-07-01,ENTRADA,APLICACAO,NULL,52966.05,52966.05,BRL,2940126697767720,[]
2026-03-13,BTG Banking,ccdc8073-a0e3-5799-992d-9af6310ba197,credit_fixed_incomes,MRS LOGISTICA S/A,BRDEBSEC05A5|01417222000177|2029-06-15,ENTRADA,COMPRA,NULL,48777.97,48777.97,BRL,3251038452429074,[]
2026-03-14,BTG Banking,ccdc8073-a0e3-5799-992d-9af6310ba197,bank_fixed_incomes,LCA,BRBANKLCA3A3|60746948000112|2025-09-21|2028-09-01,SAIDA,RESGATE,NULL,13519.73,13483.95,BRL,2665832833589286,[]
2026-03-14,BTG Banking,ccdc8073-a0e3-5799-992d-9af6310ba197,bank_fixed_incomes,LCI,BRBANKLCI2A2|30306294000145|2023-03-18|2026-03-01,SAIDA,PAGAMENTO_JUROS,NULL,180.54,179.71,BRL,6700114270117456,[]
2026-03-14,BTG Banking,ccdc8073-a0e3-5799-992d-9af6310ba197,bank_fixed_incomes,CDB,BRBANKCDB4A4|00360305000104|2023-11-10|2026-11-01,SAIDA,VENCIMENTO,NULL,189182.6,188300.55,BRL,8440143937111802,[]
2026-03-17,BTG Banking,ccdc8073-a0e3-5799-992d-9af6310ba197,bank_fixed_incomes,NULL,8345784273439850,SAIDA,RESGATE,NULL,14385.64,14305.09,BRL,1147507726531147,[]
2026-03-19,BTG Banking,ccdc8073-a0e3-5799-992d-9af6310ba197,bank_fixed_incomes,CDB,BRBANKCDB0A0|30680829000143|2024-05-24|2027-05-01,SAIDA,RESGATE,NULL,38558.93,38452.32,BRL,6480109006165510,[]
2026-03-19,BTG Banking,ccdc8073-a0e3-5799-992d-9af6310ba197,variable_incomes,BPAC11,BPAC11,SAIDA,DIVIDENDOS,NULL,4779.85,NULL,BRL,6517399478687246,[]
2026-03-20,BTG Banking,ccdc8073-a0e3-5799-992d-9af6310ba197,bank_fixed_incomes,NULL,8345784273439850,SAIDA,PAGAMENTO_JUROS,NULL,1769.25,1761.78,BRL,0370121708551095,[]
2026-03-20,BTG Banking,ccdc8073-a0e3-5799-992d-9af6310ba197,bank_fixed_incomes,CDB,BRBANKCDB0A0|30680829000143|2024-12-23|2027-12-01,SAIDA,RESGATE,NULL,4105.2,4084.68,BRL,1102404265052812,[]
2026-03-21,BTG Banking,ccdc8073-a0e3-5799-992d-9af6310ba197,bank_fixed_incomes,RDB,BRBANKRDB1A1|18236120000158|2024-03-14|2027-03-01,SAIDA,RESGATE,NULL,9505.59,9473.85,BRL,4930227520334074,[]
2026-03-22,BTG Banking,ccdc8073-a0e3-5799-992d-9af6310ba197,bank_fixed_incomes,RDB,BRBANKRDB1A1|18236120000158|2022-09-02|2025-09-01,SAIDA,RESGATE,NULL,3130.63,3121.28,BRL,5839516929830793,[]
2026-03-22,BTG Banking,ccdc8073-a0e3-5799-992d-9af6310ba197,bank_fixed_incomes,CDB,BRBANKCDB0A0|30680829000143|2022-08-13|2025-08-01,ENTRADA,APLICACAO,NULL,25655.37,25655.37,BRL,6288638534800300,[]
2026-03-24,BTG Banking,ccdc8073-a0e3-5799-992d-9af6310ba197,credit_fixed_incomes,VAMOS LOCACAO S.A.,BRDEBSEC03A3|07689002000189|2029-06-15,SAIDA,VENDA,NULL,22519.52,22458.51,BRL,1146726676002755,[]
2026-03-24,BTG Banking,ccdc8073-a0e3-5799-992d-9af6310ba197,bank_fixed_incomes,CDB,BRBANKCDB4A4|00360305000104|2022-12-03|2025-12-01,SAIDA,RESGATE,NULL,114027.52,113448.73,BRL,8278354700418072,[]
2026-03-25,BTG Banking,ccdc8073-a0e3-5799-992d-9af6310ba197,bank_fixed_incomes,NULL,8345784273439850,SAIDA,RESGATE,NULL,3725.4,3712.99,BRL,1562567693516918,[]
2026-03-25,BTG Banking,ccdc8073-a0e3-5799-992d-9af6310ba197,bank_fixed_incomes,RDB,BRBANKRDB1A1|18236120000158|2020-04-01|2023-04-01,ENTRADA,APLICACAO,NULL,24087.34,24087.34,BRL,2169306193032949,[]
2026-03-26,BTG Banking,ccdc8073-a0e3-5799-992d-9af6310ba197,bank_fixed_incomes,RDB,BRBANKRDB5A5|60518222000122|2026-03-26|2029-03-01,ENTRADA,APLICACAO,NULL,128206.0,128206.0,BRL,9355125954881289,[]
2026-03-27,BTG Banking,ccdc8073-a0e3-5799-992d-9af6310ba197,bank_fixed_incomes,LCA,BRBANKLCA3A3|60746948000112|2025-11-21|2028-11-01,SAIDA,AMORTIZACAO,NULL,10108.22,10107.38,BRL,2136566220459302,[]
2026-03-28,BTG Banking,ccdc8073-a0e3-5799-992d-9af6310ba197,credit_fixed_incomes,OMEGA ENERGIA S.A.,BRDEBSEC01A1|09149503000106|2029-06-15,SAIDA,VENDA,NULL,69708.84,69314.37,BRL,3922133668239706,[]
2026-03-29,BTG Banking,ccdc8073-a0e3-5799-992d-9af6310ba197,bank_fixed_incomes,CDB,BRBANKCDB0A0|30680829000143|2021-12-29|2024-12-01,SAIDA,OUTROS,NULL,3472.35,3472.35,BRL,3175210066605409,[]
2026-03-29,BTG Banking,ccdc8073-a0e3-5799-992d-9af6310ba197,variable_incomes,NULL,7566321666418446,ENTRADA,COMPRA,NULL,22802.11,NULL,BRL,6883198479408650,[]
2026-03-30,BTG Banking,ccdc8073-a0e3-5799-992d-9af6310ba197,bank_fixed_incomes,NULL,8345784273439850,SAIDA,RESGATE,NULL,11790.38,11764.17,BRL,0881924848553140,[]
2026-03-30,BTG Banking,ccdc8073-a0e3-5799-992d-9af6310ba197,bank_fixed_incomes,RDB,BRBANKRDB1A1|18236120000158|2022-05-28|2025-05-01,ENTRADA,APLICACAO,NULL,15355.39,15355.39,BRL,3831762739741400,[]
2026-03-31,BTG Banking,ccdc8073-a0e3-5799-992d-9af6310ba197,bank_fixed_incomes,NULL,8345784273439850,ENTRADA,APLICACAO,NULL,16244.62,16244.62,BRL,5698453140459002,[]
2026-03-31,BTG Banking,ccdc8073-a0e3-5799-992d-9af6310ba197,bank_fixed_incomes,RDB,BRBANKRDB1A1|18236120000158|2020-08-09|2023-08-01,SAIDA,RESGATE,NULL,84488.63,84308.12,BRL,5932848989650002,[]
2026-03-31,BTG Banking,ccdc8073-a0e3-5799-992d-9af6310ba197,bank_fixed_incomes,CDB,BRBANKCDB4A4|00360305000104|2022-05-14|2025-05-01,SAIDA,RESGATE,NULL,17826.31,17763.09,BRL,8960386223919002,[]
2026-04-01,BTG Banking,ccdc8073-a0e3-5799-992d-9af6310ba197,funds,KAPITALO KAPPA FIC FIM,18318213000154,ENTRADA,APLICACAO,NULL,9373.33,NULL,BRL,1686858393642737,[]
2026-04-01,BTG Banking,ccdc8073-a0e3-5799-992d-9af6310ba197,bank_fixed_incomes,RDB,BRBANKRDB5A5|60518222000122|2024-04-22|2027-04-01,SAIDA,RESGATE,NULL,12217.23,12179.91,BRL,5909645996345330,[]
2026-04-01,BTG Banking,ccdc8073-a0e3-5799-992d-9af6310ba197,funds,KAPITALO KAPPA FIC FIM,18318213000154,SAIDA,OUTROS,MOVIMENTACAO NAO CLASSIFICADA PELA INSTITUICAO,1710.06,NULL,BRL,7101518920009273,[]
2026-04-05,BTG Banking,ccdc8073-a0e3-5799-992d-9af6310ba197,bank_fixed_incomes,RDB,BRBANKRDB1A1|18236120000158|2020-08-09|2023-08-01,SAIDA,RESGATE,NULL,40400.92,40278.77,BRL,6966443136584478,[]
2026-04-05,BTG Banking,ccdc8073-a0e3-5799-992d-9af6310ba197,bank_fixed_incomes,RDB,BRBANKRDB5A5|60518222000122|2023-08-25|2026-08-01,ENTRADA,APLICACAO,NULL,6743.46,6743.46,BRL,8985667141152599,[]
2026-04-07,BTG Banking,ccdc8073-a0e3-5799-992d-9af6310ba197,funds,KAPITALO KAPPA FIC FIM,18318213000154,ENTRADA,APLICACAO,NULL,8322.13,NULL,BRL,2194572244621070,[]
2026-04-07,BTG Banking,ccdc8073-a0e3-5799-992d-9af6310ba197,funds,ALASKA BLACK FIC FIA - BDR NIVEL I,11052478000102,SAIDA,RESGATE,NULL,91637.08,91509.81,BRL,4887603701670769,[]
2026-04-08,BTG Banking,ccdc8073-a0e3-5799-992d-9af6310ba197,credit_fixed_incomes,OMEGA ENERGIA S.A.,BRDEBSEC01A1|09149503000106|2029-06-15,SAIDA,PAGAMENTO_JUROS,NULL,5802.54,5782.69,BRL,0526863613983763,[]
2026-04-08,BTG Banking,ccdc8073-a0e3-5799-992d-9af6310ba197,funds,SPX NIMITZ ESTRUTURAL FIC FIM,34177667000185,SAIDA,AMORTIZACAO,NULL,3771.39,3766.22,BRL,9854570551848212,[]
2026-04-10,BTG Banking,ccdc8073-a0e3-5799-992d-9af6310ba197,bank_fixed_incomes,CDB,BRBANKCDB4A4|00360305000104|2022-12-03|2025-12-01,SAIDA,OUTROS,NULL,6179.85,6179.85,BRL,7017557317491492,[]
2026-04-10,BTG Banking,ccdc8073-a0e3-5799-992d-9af6310ba197,bank_fixed_incomes,LCA,BRBANKLCA3A3|60746948000112|2024-07-07|2027-07-01,SAIDA,RESGATE,NULL,46478.12,46330.61,BRL,8190045460139857,[]
2026-04-11,BTG Banking,ccdc8073-a0e3-5799-992d-9af6310ba197,bank_fixed_incomes,LCI,BRBANKLCI2A2|30306294000145|2025-05-13|2028-05-01,ENTRADA,APLICACAO,NULL,39586.79,39586.79,BRL,8953698126871687,[]
2026-04-12,BTG Banking,ccdc8073-a0e3-5799-992d-9af6310ba197,bank_fixed_incomes,LCA,BRBANKLCA3A3|60746948000112|2024-07-07|2027-07-01,SAIDA,RESGATE,NULL,65413.5,65221.8,BRL,1201198003744572,[]
2026-04-12,BTG Banking,ccdc8073-a0e3-5799-992d-9af6310ba197,funds,KAPITALO KAPPA FIC FIM,18318213000154,SAIDA,RESGATE,NULL,82909.77,82674.26,BRL,2378118349573288,[]
2026-04-13,BTG Banking,ccdc8073-a0e3-5799-992d-9af6310ba197,bank_fixed_incomes,LCI,BRBANKLCI2A2|30306294000145|2021-03-24|2024-03-01,ENTRADA,APLICACAO,NULL,99697.34,99697.34,BRL,1101182743303605,[]
2026-04-13,BTG Banking,ccdc8073-a0e3-5799-992d-9af6310ba197,bank_fixed_incomes,LCI,BRBANKLCI2A2|30306294000145|2021-09-11|2024-09-01,SAIDA,RESGATE,NULL,66140.66,65969.21,BRL,6695089496198072,[]
2026-04-13,BTG Banking,ccdc8073-a0e3-5799-992d-9af6310ba197,bank_fixed_incomes,LCI,BRBANKLCI2A2|30306294000145|2021-03-24|2024-03-01,SAIDA,PAGAMENTO_JUROS,NULL,7385.65,7366.3,BRL,7582301462867737,[]
2026-04-14,BTG Banking,ccdc8073-a0e3-5799-992d-9af6310ba197,bank_fixed_incomes,NULL,8345784273439850,ENTRADA,APLICACAO,NULL,4850.08,4850.08,BRL,1715757439445328,[]
2026-04-14,BTG Banking,ccdc8073-a0e3-5799-992d-9af6310ba197,treasure_titles,Tesouro Prefixado 2029,Tesouro Prefixado 2029,SAIDA,VENDA,NULL,8581.24,8567.75,BRL,7700142000881578,[]
2026-04-14,BTG Banking,ccdc8073-a0e3-5799-992d-9af6310ba197,bank_fixed_incomes,LCI,BRBANKLCI2A2|30306294000145|2020-11-11|2023-11-01,SAIDA,RESGATE,NULL,26034.28,26000.02,BRL,9540065877229392,[]
2026-04-18,BTG Banking,ccdc8073-a0e3-5799-992d-9af6310ba197,bank_fixed_incomes,LCA,BRBANKLCA3A3|60746948000112|2025-09-21|2028-09-01,SAIDA,RESGATE,NULL,60485.02,60356.33,BRL,3063090066979976,[]
2026-04-19,BTG Banking,ccdc8073-a0e3-5799-992d-9af6310ba197,variable_incomes,BPAC11,BPAC11,SAIDA,VENDA,NULL,64734.47,NULL,BRL,2849614800489562,[]
2026-04-19,BTG Banking,ccdc8073-a0e3-5799-992d-9af6310ba197,bank_fixed_incomes,CDB,BRBANKCDB0A0|30680829000143|2025-03-01|2028-03-01,SAIDA,RESGATE,NULL,40933.61,40767.08,BRL,6301730087378482,[]
2026-04-20,Nubank,495fc091-d764-5a72-8f9b-708ae74cbe45,bank_fixed_incomes,LCI,BRBANKLCI2A2|30306294000145|2024-04-28|2027-04-01,SAIDA,PAGAMENTO_JUROS,NULL,1023.54,1021.1,BRL,836fb699-27d0-5ff7-b6f2-e1511eb9a6bf,[]
2026-04-20,BTG Banking,ccdc8073-a0e3-5799-992d-9af6310ba197,bank_fixed_incomes,LCA,BRBANKLCA3A3|60746948000112|2024-07-07|2027-07-01,SAIDA,PAGAMENTO_JUROS,NULL,3448.76,3443.89,BRL,9733261827139951,[]
2026-04-21,BTG Banking,ccdc8073-a0e3-5799-992d-9af6310ba197,bank_fixed_incomes,CDB,BRBANKCDB4A4|00360305000104|2023-11-10|2026-11-01,SAIDA,RESGATE,NULL,65843.09,65527.98,BRL,4294128723052413,[]
2026-04-23,BTG Banking,ccdc8073-a0e3-5799-992d-9af6310ba197,variable_incomes,WEGE3,WEGE3,ENTRADA,COMPRA,NULL,42320.0,NULL,BRL,4316887294362883,[]
2026-04-23,BTG Banking,ccdc8073-a0e3-5799-992d-9af6310ba197,bank_fixed_incomes,LCI,BRBANKLCI2A2|30306294000145|2021-03-24|2024-03-01,ENTRADA,APLICACAO,NULL,67882.16,67882.16,BRL,6129506715589627,[]
2026-04-24,BTG Banking,ccdc8073-a0e3-5799-992d-9af6310ba197,bank_fixed_incomes,CDB,BRBANKCDB0A0|30680829000143|2023-07-27|2026-07-01,SAIDA,RESGATE,NULL,15369.13,15311.6,BRL,4813054187509071,[]
2026-04-25,BTG Banking,ccdc8073-a0e3-5799-992d-9af6310ba197,variable_incomes,BPAC11,BPAC11,SAIDA,OUTROS,MOVIMENTACAO NAO CLASSIFICADA PELA INSTITUICAO,374.66,NULL,BRL,1752420345356271,[]
2026-04-25,BTG Banking,ccdc8073-a0e3-5799-992d-9af6310ba197,credit_fixed_incomes,OMEGA ENERGIA S.A.,BRDEBSEC01A1|09149503000106|2029-06-15,ENTRADA,COMPRA,NULL,59028.11,59028.11,BRL,4017201811477532,[]
2026-04-25,BTG Banking,ccdc8073-a0e3-5799-992d-9af6310ba197,bank_fixed_incomes,RDB,BRBANKRDB5A5|60518222000122|2026-04-25|2029-04-01,ENTRADA,APLICACAO,NULL,163533.0,163533.0,BRL,4798005133485517,[]
2026-04-26,BTG Banking,ccdc8073-a0e3-5799-992d-9af6310ba197,bank_fixed_incomes,LCA,BRBANKLCA3A3|60746948000112|2025-11-21|2028-11-01,SAIDA,RESGATE,NULL,73579.98,73251.72,BRL,2491722550702433,[]
2026-04-26,BTG Banking,ccdc8073-a0e3-5799-992d-9af6310ba197,bank_fixed_incomes,LCA,BRBANKLCA3A3|60746948000112|2022-07-14|2025-07-01,ENTRADA,OUTROS,NULL,1690.17,1690.17,BRL,9270703401986287,[]
2026-04-28,BTG Banking,ccdc8073-a0e3-5799-992d-9af6310ba197,variable_incomes,NULL,7566321666418446,SAIDA,DIVIDENDOS,NULL,1618.42,NULL,BRL,2307104832831078,[]
2026-04-29,BTG Banking,ccdc8073-a0e3-5799-992d-9af6310ba197,bank_fixed_incomes,CDB,BRBANKCDB0A0|30680829000143|2022-08-13|2025-08-01,SAIDA,RESGATE,NULL,10058.72,10028.13,BRL,0034698352519799,[]
2026-04-29,BTG Banking,ccdc8073-a0e3-5799-992d-9af6310ba197,bank_fixed_incomes,RDB,BRBANKRDB1A1|18236120000158|2022-05-28|2025-05-01,SAIDA,RESGATE,NULL,24117.9,24070.37,BRL,4815182054989938,[]
2026-04-29,BTG Banking,ccdc8073-a0e3-5799-992d-9af6310ba197,bank_fixed_incomes,LCI,BRBANKLCI2A2|30306294000145|2024-04-27|2027-04-01,SAIDA,RESGATE,NULL,6096.6,6081.25,BRL,8833125660334069,[]
2026-05-01,BTG Banking,ccdc8073-a0e3-5799-992d-9af6310ba197,bank_fixed_incomes,LCI,BRBANKLCI2A2|30306294000145|2025-05-13|2028-05-01,SAIDA,RESGATE,NULL,47690.03,47531.42,BRL,0770634560064407,[]
2026-05-01,BTG Banking,ccdc8073-a0e3-5799-992d-9af6310ba197,bank_fixed_incomes,CDB,BRBANKCDB4A4|00360305000104|2023-11-10|2026-11-01,SAIDA,OUTROS,NULL,6969.14,6969.14,BRL,6165850002542759,[]
2026-05-02,BTG Banking,ccdc8073-a0e3-5799-992d-9af6310ba197,bank_fixed_incomes,RDB,BRBANKRDB5A5|60518222000122|2026-04-25|2029-04-01,SAIDA,PAGAMENTO_JUROS,NULL,5685.18,5670.9,BRL,9183081629703175,[]
2026-05-02,BTG Banking,ccdc8073-a0e3-5799-992d-9af6310ba197,bank_fixed_incomes,RDB,BRBANKRDB5A5|60518222000122|2023-08-25|2026-08-01,SAIDA,RESGATE,NULL,19386.1,19323.87,BRL,9835470497406023,[]
2026-05-03,BTG Banking,ccdc8073-a0e3-5799-992d-9af6310ba197,bank_fixed_incomes,LCA,BRBANKLCA3A3|60746948000112|2025-09-21|2028-09-01,SAIDA,RESGATE,NULL,9050.15,9028.35,BRL,1840825079652243,[]
2026-05-04,BTG Banking,ccdc8073-a0e3-5799-992d-9af6310ba197,bank_fixed_incomes,RDB,BRBANKRDB5A5|60518222000122|2023-08-25|2026-08-01,SAIDA,RESGATE,NULL,10218.88,10187.45,BRL,1131886690808179,[]
2026-05-04,BTG Banking,ccdc8073-a0e3-5799-992d-9af6310ba197,bank_fixed_incomes,CDB,BRBANKCDB0A0|30680829000143|2021-12-29|2024-12-01,SAIDA,RESGATE,NULL,39124.78,38968.81,BRL,1573264654252029,[]
2026-05-04,BTG Banking,ccdc8073-a0e3-5799-992d-9af6310ba197,funds,KAPITALO KAPPA FIC FIM,18318213000154,SAIDA,OUTROS,MOVIMENTACAO NAO CLASSIFICADA PELA INSTITUICAO,1667.57,NULL,BRL,8124181384338465,[]
2026-05-04,BTG Banking,ccdc8073-a0e3-5799-992d-9af6310ba197,bank_fixed_incomes,LCA,BRBANKLCA3A3|60746948000112|2025-09-21|2028-09-01,SAIDA,PAGAMENTO_JUROS,NULL,777.21,775.35,BRL,9095763571746981,[]
2026-05-05,BTG Banking,ccdc8073-a0e3-5799-992d-9af6310ba197,funds,ALASKA BLACK FIC FIA - BDR NIVEL I,11052478000102,ENTRADA,OUTROS,MOVIMENTACAO NAO CLASSIFICADA PELA INSTITUICAO,11116.41,NULL,BRL,5537025477705183,[]
2026-05-06,BTG Banking,ccdc8073-a0e3-5799-992d-9af6310ba197,bank_fixed_incomes,LCA,BRBANKLCA3A3|60746948000112|2025-09-21|2028-09-01,SAIDA,PAGAMENTO_JUROS,NULL,5611.31,5588.07,BRL,2739611546490923,[]
2026-05-06,BTG Banking,ccdc8073-a0e3-5799-992d-9af6310ba197,bank_fixed_incomes,CDB,BRBANKCDB4A4|00360305000104|2025-05-19|2028-05-01,SAIDA,RESGATE,NULL,553.87,552.19,BRL,2956063410124390,[]
2026-05-06,BTG Banking,ccdc8073-a0e3-5799-992d-9af6310ba197,variable_incomes,NULL,3017111220589413,SAIDA,VENDA,NULL,55876.92,NULL,BRL,7748334405957159,[]
2026-05-06,BTG Banking,ccdc8073-a0e3-5799-992d-9af6310ba197,bank_fixed_incomes,LCI,BRBANKLCI2A2|30306294000145|2023-07-11|2026-07-01,SAIDA,RESGATE,NULL,10058.3,10015.16,BRL,8929751119068895,[]
2026-05-07,BTG Banking,ccdc8073-a0e3-5799-992d-9af6310ba197,funds,KAPITALO KAPPA FIC FIM,18318213000154,SAIDA,RESGATE,NULL,4669.19,4654.85,BRL,3585600222439163,[]
2026-05-07,BTG Banking,ccdc8073-a0e3-5799-992d-9af6310ba197,variable_incomes,BPAC11,BPAC11,ENTRADA,COMPRA,NULL,50743.93,NULL,BRL,3972050566777093,[]
2026-05-07,BTG Banking,ccdc8073-a0e3-5799-992d-9af6310ba197,bank_fixed_incomes,RDB,BRBANKRDB1A1|18236120000158|2020-08-09|2023-08-01,SAIDA,VENCIMENTO,NULL,190442.2,189838.7,BRL,6770597139704375,[]
2026-05-09,BTG Banking,ccdc8073-a0e3-5799-992d-9af6310ba197,funds,SPX NIMITZ ESTRUTURAL FIC FIM,34177667000185,SAIDA,RESGATE,NULL,39954.14,39827.41,BRL,4624771196143158,[]
2026-05-10,BTG Banking,ccdc8073-a0e3-5799-992d-9af6310ba197,bank_fixed_incomes,RDB,BRBANKRDB1A1|18236120000158|2025-01-26|2028-01-01,SAIDA,OUTROS,NULL,3817.63,3817.63,BRL,0342562160923009,[]
2026-05-10,BTG Banking,ccdc8073-a0e3-5799-992d-9af6310ba197,variable_incomes,BBDC4,BBDC4,ENTRADA,COMPRA,NULL,49143.28,NULL,BRL,2600044428689662,[]
2026-05-12,BTG Banking,ccdc8073-a0e3-5799-992d-9af6310ba197,bank_fixed_incomes,RDB,BRBANKRDB1A1|18236120000158|2026-01-07|2029-01-01,SAIDA,RESGATE,NULL,41978.02,41896.45,BRL,1646317278806392,[]
2026-05-12,BTG Banking,ccdc8073-a0e3-5799-992d-9af6310ba197,bank_fixed_incomes,RDB,BRBANKRDB1A1|18236120000158|2022-05-28|2025-05-01,ENTRADA,OUTROS,NULL,1818.48,1818.48,BRL,2907031549942008,[]
2026-05-12,BTG Banking,ccdc8073-a0e3-5799-992d-9af6310ba197,bank_fixed_incomes,RDB,BRBANKRDB1A1|18236120000158|2024-03-19|2027-03-01,SAIDA,OUTROS,NULL,920.2,920.2,BRL,4082217007010662,[]
2026-05-12,BTG Banking,ccdc8073-a0e3-5799-992d-9af6310ba197,bank_fixed_incomes,RDB,BRBANKRDB5A5|60518222000122|2023-08-25|2026-08-01,ENTRADA,APLICACAO,NULL,5109.87,5109.87,BRL,4874723091292402,[]
2026-05-12,BTG Banking,ccdc8073-a0e3-5799-992d-9af6310ba197,variable_incomes,BPAC11,BPAC11,ENTRADA,COMPRA,NULL,4764.34,NULL,BRL,5062145275639495,[]
2026-05-14,BTG Banking,ccdc8073-a0e3-5799-992d-9af6310ba197,funds,SPX NIMITZ ESTRUTURAL FIC FIM,34177667000185,ENTRADA,OUTROS,MOVIMENTACAO NAO CLASSIFICADA PELA INSTITUICAO,3220.76,NULL,BRL,1028526226170089,[]
2026-05-14,BTG Banking,ccdc8073-a0e3-5799-992d-9af6310ba197,bank_fixed_incomes,RDB,BRBANKRDB1A1|18236120000158|2025-05-27|2028-05-01,SAIDA,PAGAMENTO_JUROS,NULL,965.69,960.79,BRL,4016244886344752,[]
2026-05-14,BTG Banking,ccdc8073-a0e3-5799-992d-9af6310ba197,variable_incomes,NULL,7566321666418446,SAIDA,VENDA,NULL,28247.21,NULL,BRL,6750437608777719,[]
2026-05-16,BTG Banking,ccdc8073-a0e3-5799-992d-9af6310ba197,bank_fixed_incomes,LCI,BRBANKLCI2A2|30306294000145|2026-05-16|2029-05-01,ENTRADA,APLICACAO,NULL,26005.0,26005.0,BRL,9273120820038804,[]
2026-05-17,BTG Banking,ccdc8073-a0e3-5799-992d-9af6310ba197,bank_fixed_incomes,LCA,BRBANKLCA3A3|60746948000112|2021-04-07|2024-04-01,SAIDA,RESGATE,NULL,31577.2,31489.82,BRL,0706250651375651,[]
2026-05-17,BTG Banking,ccdc8073-a0e3-5799-992d-9af6310ba197,bank_fixed_incomes,CDB,BRBANKCDB0A0|30680829000143|2024-05-24|2027-05-01,SAIDA,RESGATE,NULL,21081.54,21003.13,BRL,0849761208343054,[]
2026-05-17,BTG Banking,ccdc8073-a0e3-5799-992d-9af6310ba197,bank_fixed_incomes,CDB,BRBANKCDB0A0|30680829000143|2021-11-25|2024-11-01,SAIDA,PAGAMENTO_JUROS,NULL,3281.72,3274.92,BRL,4984467008027434,[]
2026-05-17,BTG Banking,ccdc8073-a0e3-5799-992d-9af6310ba197,funds,ALASKA BLACK FIC FIA - BDR NIVEL I,11052478000102,SAIDA,OUTROS,MOVIMENTACAO NAO CLASSIFICADA PELA INSTITUICAO,6060.59,NULL,BRL,7150254546399740,[]
2026-05-17,Nubank,495fc091-d764-5a72-8f9b-708ae74cbe45,bank_fixed_incomes,RDB,BRBANKRDB1A1|18236120000158|2026-05-17|2029-05-01,ENTRADA,APLICACAO,NULL,79088.0,79088.0,BRL,91621552-d7b0-5562-89da-3cbd7bceab8d,[]
2026-05-18,BTG Banking,ccdc8073-a0e3-5799-992d-9af6310ba197,bank_fixed_incomes,CDB,BRBANKCDB4A4|00360305000104|2021-04-13|2024-04-01,SAIDA,RESGATE,NULL,41167.96,41025.71,BRL,8325039330409764,[]
2026-05-18,BTG Banking,ccdc8073-a0e3-5799-992d-9af6310ba197,bank_fixed_incomes,RDB,BRBANKRDB1A1|18236120000158|2025-10-28|2028-10-01,SAIDA,RESGATE,NULL,44847.59,44819.12,BRL,9698725962283742,[]
2026-05-19,BTG Banking,ccdc8073-a0e3-5799-992d-9af6310ba197,variable_incomes,ITUB4,ITUB4,SAIDA,VENDA,NULL,20755.74,NULL,BRL,6015842839681098,[]
2026-05-20,BTG Banking,ccdc8073-a0e3-5799-992d-9af6310ba197,bank_fixed_incomes,LCI,BRBANKLCI2A2|30306294000145|2023-03-18|2026-03-01,SAIDA,RESGATE,NULL,2361.12,2357.46,BRL,1008607154447046,[]
2026-05-20,BTG Banking,ccdc8073-a0e3-5799-992d-9af6310ba197,treasure_titles,Tesouro IPCA+ 2035,Tesouro IPCA+ 2035,SAIDA,PAGAMENTO_JUROS,NULL,4119.7,4113.36,BRL,5111309933301896,[]
2026-05-20,BTG Banking,ccdc8073-a0e3-5799-992d-9af6310ba197,bank_fixed_incomes,RDB,BRBANKRDB1A1|18236120000158|2026-01-07|2029-01-01,SAIDA,RESGATE,NULL,41461.87,41313.17,BRL,6858605075324353,[]
2026-05-20,BTG Banking,ccdc8073-a0e3-5799-992d-9af6310ba197,funds,TESOURO SELIC SIMPLES FIRF,32915987000180,ENTRADA,OUTROS,MOVIMENTACAO NAO CLASSIFICADA PELA INSTITUICAO,9771.96,NULL,BRL,9135167981442210,[]
2026-05-22,BTG Banking,ccdc8073-a0e3-5799-992d-9af6310ba197,bank_fixed_incomes,LCI,BRBANKLCI2A2|30306294000145|2023-06-30|2026-06-01,SAIDA,OUTROS,NULL,6901.09,6901.09,BRL,0600406513416212,[]
2026-05-22,BTG Banking,ccdc8073-a0e3-5799-992d-9af6310ba197,bank_fixed_incomes,CDB,BRBANKCDB0A0|30680829000143|2026-05-22|2029-05-01,ENTRADA,APLICACAO,NULL,36480.0,36480.0,BRL,1098563166533453,[]
2026-05-22,BTG Banking,ccdc8073-a0e3-5799-992d-9af6310ba197,bank_fixed_incomes,RDB,BRBANKRDB1A1|92894922000108|2025-10-03|2028-10-01,SAIDA,RESGATE,NULL,12704.08,12676.07,BRL,7138601905398435,[]
2026-05-22,BTG Banking,ccdc8073-a0e3-5799-992d-9af6310ba197,bank_fixed_incomes,LCA,BRBANKLCA3A3|60746948000112|2024-07-07|2027-07-01,SAIDA,RESGATE,NULL,31364.51,31187.49,BRL,9203279945886688,[]
2026-05-23,BTG Banking,ccdc8073-a0e3-5799-992d-9af6310ba197,bank_fixed_incomes,CDB,BRBANKCDB0A0|30680829000143|2024-10-30|2027-10-01,SAIDA,OUTROS,NULL,2523.0,2523.0,BRL,0145450609316247,[]
2026-05-23,BTG Banking,ccdc8073-a0e3-5799-992d-9af6310ba197,bank_fixed_incomes,LCA,BRBANKLCA3A3|60746948000112|2025-11-21|2028-11-01,SAIDA,RESGATE,NULL,98845.62,98766.09,BRL,5689012970810434,[]
2026-05-25,BTG Banking,ccdc8073-a0e3-5799-992d-9af6310ba197,bank_fixed_incomes,RDB,BRBANKRDB5A5|60518222000122|2026-04-25|2029-04-01,SAIDA,AMORTIZACAO,NULL,2342.9,2337.38,BRL,5523331775020523,[]
2026-05-27,BTG Banking,ccdc8073-a0e3-5799-992d-9af6310ba197,treasure_titles,Tesouro IPCA+ 2035,Tesouro IPCA+ 2035,ENTRADA,COMPRA,NULL,43850.09,43850.09,BRL,0769809112260257,[]
2026-05-29,BTG Banking,ccdc8073-a0e3-5799-992d-9af6310ba197,funds,KAPITALO KAPPA FIC FIM,18318213000154,SAIDA,RESGATE,NULL,13780.73,13740.87,BRL,9758450603499165,[]
2026-05-30,BTG Banking,ccdc8073-a0e3-5799-992d-9af6310ba197,bank_fixed_incomes,RDB,BRBANKRDB5A5|60518222000122|2026-04-25|2029-04-01,ENTRADA,APLICACAO,NULL,24267.98,24267.98,BRL,3127300005385168,[]
2026-05-31,BTG Banking,ccdc8073-a0e3-5799-992d-9af6310ba197,variable_incomes,NULL,7566321666418446,ENTRADA,COMPRA,NULL,14052.79,NULL,BRL,9360355971869897,[]
2026-06-01,BTG Banking,ccdc8073-a0e3-5799-992d-9af6310ba197,bank_fixed_incomes,LCA,BRBANKLCA3A3|60746948000112|2021-04-07|2024-04-01,SAIDA,RESGATE,NULL,37887.39,37746.75,BRL,1585553970507247,[]
2026-06-01,BTG Banking,ccdc8073-a0e3-5799-992d-9af6310ba197,bank_fixed_incomes,RDB,BRBANKRDB1A1|18236120000158|2020-08-09|2023-08-01,SAIDA,RESGATE,NULL,88940.33,88519.48,BRL,7819928810661101,[]
2026-06-04,BTG Banking,ccdc8073-a0e3-5799-992d-9af6310ba197,funds,KAPITALO KAPPA FIC FIM,18318213000154,ENTRADA,APLICACAO,NULL,14860.7,NULL,BRL,1615737383684686,[]
2026-06-04,BTG Banking,ccdc8073-a0e3-5799-992d-9af6310ba197,variable_incomes,BPAC11,BPAC11,ENTRADA,COMPRA,NULL,3484.74,NULL,BRL,2415451670257904,[]
2026-06-04,BTG Banking,ccdc8073-a0e3-5799-992d-9af6310ba197,bank_fixed_incomes,CDB,BRBANKCDB4A4|00360305000104|2025-05-19|2028-05-01,SAIDA,RESGATE,NULL,2005.78,1998.47,BRL,3616039498149283,[]
2026-06-04,BTG Banking,ccdc8073-a0e3-5799-992d-9af6310ba197,bank_fixed_incomes,RDB,BRBANKRDB1A1|18236120000158|2025-05-27|2028-05-01,ENTRADA,OUTROS,NULL,386.28,386.28,BRL,3990078188754829,[]
2026-06-04,BTG Banking,ccdc8073-a0e3-5799-992d-9af6310ba197,treasure_titles,Tesouro IPCA+ 2029,Tesouro IPCA+ 2029,ENTRADA,COMPRA,NULL,61338.55,61338.55,BRL,4483882896730313,[]
2026-06-04,BTG Banking,ccdc8073-a0e3-5799-992d-9af6310ba197,bank_fixed_incomes,NULL,8345784273439850,ENTRADA,APLICACAO,NULL,15986.74,15986.74,BRL,8127088843435174,[]
2026-06-04,BTG Banking,ccdc8073-a0e3-5799-992d-9af6310ba197,bank_fixed_incomes,LCI,BRBANKLCI2A2|30306294000145|2026-05-16|2029-05-01,ENTRADA,APLICACAO,NULL,5024.46,5024.46,BRL,8398506581707913,[]
2026-06-05,BTG Banking,ccdc8073-a0e3-5799-992d-9af6310ba197,bank_fixed_incomes,CDB,BRBANKCDB0A0|30680829000143|2025-03-01|2028-03-01,ENTRADA,APLICACAO,NULL,75736.48,75736.48,BRL,2600361618552235,[]
2026-06-05,BTG Banking,ccdc8073-a0e3-5799-992d-9af6310ba197,bank_fixed_incomes,RDB,BRBANKRDB1A1|18236120000158|2026-01-07|2029-01-01,SAIDA,RESGATE,NULL,5906.79,5894.87,BRL,4766504426010939,[]
2026-06-05,BTG Banking,ccdc8073-a0e3-5799-992d-9af6310ba197,bank_fixed_incomes,CDB,BRBANKCDB0A0|30680829000143|2022-08-13|2025-08-01,SAIDA,AMORTIZACAO,NULL,1456.61,1450.2,BRL,4840021363968347,[]
2026-06-05,BTG Banking,ccdc8073-a0e3-5799-992d-9af6310ba197,bank_fixed_incomes,LCI,BRBANKLCI2A2|30306294000145|2026-05-16|2029-05-01,SAIDA,RESGATE,NULL,7427.57,7410.76,BRL,7630628362609012,[]
2026-06-05,Nubank,495fc091-d764-5a72-8f9b-708ae74cbe45,variable_incomes,BPAC11,BPAC11,ENTRADA,COMPRA,NULL,138.28,NULL,BRL,eef7c7f4-1827-5807-bcea-d96ab17ac132,[]
2026-06-06,BTG Banking,ccdc8073-a0e3-5799-992d-9af6310ba197,variable_incomes,BBDC4,BBDC4,ENTRADA,OUTROS,MOVIMENTACAO NAO CLASSIFICADA PELA INSTITUICAO,6012.48,NULL,BRL,3502243845201657,[]
2026-06-06,BTG Banking,ccdc8073-a0e3-5799-992d-9af6310ba197,bank_fixed_incomes,LCA,BRBANKLCA3A3|60746948000112|2025-09-21|2028-09-01,SAIDA,RESGATE,NULL,44576.86,44437.57,BRL,5483426414430505,[]
2026-06-06,BTG Banking,ccdc8073-a0e3-5799-992d-9af6310ba197,bank_fixed_incomes,LCI,BRBANKLCI2A2|30306294000145|2026-05-16|2029-05-01,SAIDA,RESGATE,NULL,5972.69,5946.45,BRL,5990706659521863,[]
2026-06-09,BTG Banking,ccdc8073-a0e3-5799-992d-9af6310ba197,funds,SPX NIMITZ ESTRUTURAL FIC FIM,34177667000185,SAIDA,COME_COTAS,NULL,2993.91,2983.75,BRL,3137004484941208,[]
2026-06-10,Nubank,495fc091-d764-5a72-8f9b-708ae74cbe45,bank_fixed_incomes,NULL,b8e7d82a-d4fd-52e3-8b0a-124892018984,SAIDA,OUTROS,NULL,8329.38,8329.38,BRL,071a91e2-24df-55dc-b090-ebf023d430e0,[]
2026-06-12,BTG Banking,ccdc8073-a0e3-5799-992d-9af6310ba197,bank_fixed_incomes,NULL,8345784273439850,SAIDA,PAGAMENTO_JUROS,NULL,813.89,811.29,BRL,3835951258598337,[]
2026-06-12,BTG Banking,ccdc8073-a0e3-5799-992d-9af6310ba197,bank_fixed_incomes,RDB,BRBANKRDB5A5|60518222000122|2025-07-21|2028-07-01,ENTRADA,APLICACAO,NULL,18776.7,18776.7,BRL,8066794336053263,[]
2026-06-12,Nubank,495fc091-d764-5a72-8f9b-708ae74cbe45,credit_fixed_incomes,MRS LOGISTICA S/A,BRDEBSEC05A5|01417222000177|2031-06-15,SAIDA,PAGAMENTO_JUROS,NULL,1524.23,1519.9,BRL,e230c059-89b0-513f-898e-53fe227c0f47,[]
2026-06-13,BTG Banking,ccdc8073-a0e3-5799-992d-9af6310ba197,bank_fixed_incomes,LCA,BRBANKLCA3A3|60746948000112|2025-11-21|2028-11-01,ENTRADA,OUTROS,NULL,3030.45,3030.45,BRL,7340799157775865,[]
2026-06-15,BTG Banking,ccdc8073-a0e3-5799-992d-9af6310ba197,bank_fixed_incomes,LCA,BRBANKLCA3A3|60746948000112|2023-01-30|2026-01-01,SAIDA,OUTROS,NULL,6988.21,6988.21,BRL,1200510820029986,[]
2026-06-16,BTG Banking,ccdc8073-a0e3-5799-992d-9af6310ba197,bank_fixed_incomes,RDB,BRBANKRDB5A5|60518222000122|2023-08-25|2026-08-01,ENTRADA,APLICACAO,NULL,35253.88,35253.88,BRL,8500168572073839,[]
2026-06-16,BTG Banking,ccdc8073-a0e3-5799-992d-9af6310ba197,bank_fixed_incomes,LCI,BRBANKLCI2A2|30306294000145|2023-04-16|2026-04-01,ENTRADA,APLICACAO,NULL,14355.02,14355.02,BRL,9877673351664652,[]
2026-06-17,BTG Banking,ccdc8073-a0e3-5799-992d-9af6310ba197,variable_incomes,NULL,7566321666418446,ENTRADA,OUTROS,MOVIMENTACAO NAO CLASSIFICADA PELA INSTITUICAO,6466.78,NULL,BRL,4066587273144233,[]
2026-06-18,BTG Banking,ccdc8073-a0e3-5799-992d-9af6310ba197,variable_incomes,HASH11,HASH11,SAIDA,OUTROS,MOVIMENTACAO NAO CLASSIFICADA PELA INSTITUICAO,4497.3,NULL,BRL,4667276912232403,[]
2026-06-18,BTG Banking,ccdc8073-a0e3-5799-992d-9af6310ba197,bank_fixed_incomes,LCA,BRBANKLCA3A3|60746948000112|2024-03-22|2027-03-01,SAIDA,RESGATE,NULL,33655.14,33480.35,BRL,5387146281396724,[]
2026-06-18,BTG Banking,ccdc8073-a0e3-5799-992d-9af6310ba197,bank_fixed_incomes,NULL,8345784273439850,SAIDA,RESGATE,NULL,2743.46,2741.71,BRL,6956384459249352,[]
2026-06-18,BTG Banking,ccdc8073-a0e3-5799-992d-9af6310ba197,funds,KAPITALO KAPPA FIC FIM,18318213000154,SAIDA,RESGATE,NULL,9228.47,9204.58,BRL,7274065559702859,[]
2026-06-18,BTG Banking,ccdc8073-a0e3-5799-992d-9af6310ba197,funds,SELECAO DIVIDENDOS FIC FIA,07059417000107,ENTRADA,OUTROS,MOVIMENTACAO NAO CLASSIFICADA PELA INSTITUICAO,2615.75,NULL,BRL,9538504110481057,[]
2026-06-19,BTG Banking,ccdc8073-a0e3-5799-992d-9af6310ba197,bank_fixed_incomes,CDB,BRBANKCDB0A0|30680829000143|2022-08-13|2025-08-01,SAIDA,RESGATE,NULL,18156.27,18139.0,BRL,4347274418147030,[]
2026-06-20,BTG Banking,ccdc8073-a0e3-5799-992d-9af6310ba197,variable_incomes,VALE3,VALE3,ENTRADA,OUTROS,MOVIMENTACAO NAO CLASSIFICADA PELA INSTITUICAO,2835.79,NULL,BRL,5269108964143995,[]
2026-06-21,BTG Banking,ccdc8073-a0e3-5799-992d-9af6310ba197,bank_fixed_incomes,LCI,BRBANKLCI2A2|30306294000145|2021-09-11|2024-09-01,SAIDA,OUTROS,NULL,6296.96,6296.96,BRL,4480466355821197,[]
2026-06-23,BTG Banking,ccdc8073-a0e3-5799-992d-9af6310ba197,funds,ALASKA BLACK FIC FIA - BDR NIVEL I,11052478000102,SAIDA,OUTROS,MOVIMENTACAO NAO CLASSIFICADA PELA INSTITUICAO,1073.95,NULL,BRL,4385683509044116,[]
2026-06-23,BTG Banking,ccdc8073-a0e3-5799-992d-9af6310ba197,bank_fixed_incomes,CDB,BRBANKCDB0A0|30680829000143|2024-01-04|2027-01-01,SAIDA,OUTROS,NULL,3218.46,3218.46,BRL,5186499788804753,[]
2026-06-23,BTG Banking,ccdc8073-a0e3-5799-992d-9af6310ba197,bank_fixed_incomes,LCA,BRBANKLCA3A3|60746948000112|2025-09-21|2028-09-01,SAIDA,RESGATE,NULL,52535.44,52289.57,BRL,9398955053616900,[]
2026-06-25,BTG Banking,ccdc8073-a0e3-5799-992d-9af6310ba197,bank_fixed_incomes,RDB,BRBANKRDB1A1|18236120000158|2020-04-01|2023-04-01,SAIDA,OUTROS,NULL,1555.95,1555.95,BRL,2903867042970446,[]
2026-06-25,BTG Banking,ccdc8073-a0e3-5799-992d-9af6310ba197,bank_fixed_incomes,NULL,8345784273439850,SAIDA,RESGATE,NULL,6877.76,6855.12,BRL,3235805804968545,[]
2026-06-25,BTG Banking,ccdc8073-a0e3-5799-992d-9af6310ba197,bank_fixed_incomes,CDB,BRBANKCDB0A0|30680829000143|2024-01-04|2027-01-01,ENTRADA,APLICACAO,NULL,41200.79,41200.79,BRL,4128039907460096,[]
2026-06-28,BTG Banking,ccdc8073-a0e3-5799-992d-9af6310ba197,bank_fixed_incomes,CDB,BRBANKCDB4A4|00360305000104|2024-05-28|2027-05-01,SAIDA,RESGATE,NULL,54987.5,54894.36,BRL,4550013111366303,[]
2026-06-29,BTG Banking,ccdc8073-a0e3-5799-992d-9af6310ba197,bank_fixed_incomes,RDB,BRBANKRDB5A5|60518222000122|2023-08-25|2026-08-01,SAIDA,RESGATE,NULL,18531.8,18471.74,BRL,0620509829356734,[]
2026-06-30,Nubank,495fc091-d764-5a72-8f9b-708ae74cbe45,bank_fixed_incomes,RDB,BRBANKRDB1A1|18236120000158|2026-05-17|2029-05-01,SAIDA,PAGAMENTO_JUROS,NULL,3696.46,3687.32,BRL,20f9cd7b-fdcc-51a9-85f4-af791299b656,[]
2026-06-30,BTG Banking,ccdc8073-a0e3-5799-992d-9af6310ba197,variable_incomes,B3SA3,B3SA3,SAIDA,VENDA,NULL,35149.59,NULL,BRL,3541322617607638,[]
2026-07-01,BTG Banking,ccdc8073-a0e3-5799-992d-9af6310ba197,bank_fixed_incomes,CDB,BRBANKCDB4A4|00360305000104|2025-08-18|2028-08-01,ENTRADA,APLICACAO,NULL,18343.79,18343.79,BRL,1902902097481803,[]
2026-07-01,BTG Banking,ccdc8073-a0e3-5799-992d-9af6310ba197,bank_fixed_incomes,CDB,BRBANKCDB4A4|00360305000104|2025-11-23|2028-11-01,SAIDA,RESGATE,NULL,15342.58,15300.75,BRL,9218450230213348,[]
2026-07-02,BTG Banking,ccdc8073-a0e3-5799-992d-9af6310ba197,bank_fixed_incomes,LCA,BRBANKLCA3A3|60746948000112|2021-04-07|2024-04-01,ENTRADA,APLICACAO,NULL,17510.19,17510.19,BRL,3567353919162602,[]
2026-07-02,BTG Banking,ccdc8073-a0e3-5799-992d-9af6310ba197,variable_incomes,BPAC11,BPAC11,ENTRADA,COMPRA,NULL,40852.17,NULL,BRL,7842454126982210,[]
2026-07-03,BTG Banking,ccdc8073-a0e3-5799-992d-9af6310ba197,bank_fixed_incomes,LCI,BRBANKLCI2A2|30306294000145|2021-02-01|2024-02-01,SAIDA,PAGAMENTO_JUROS,NULL,2359.01,2353.66,BRL,1259371571514202,[]
2026-07-03,BTG Banking,ccdc8073-a0e3-5799-992d-9af6310ba197,funds,KAPITALO KAPPA FIC FIM,18318213000154,SAIDA,RESGATE,NULL,11662.41,11631.01,BRL,2341064521909320,[]
2026-07-03,BTG Banking,ccdc8073-a0e3-5799-992d-9af6310ba197,bank_fixed_incomes,LCI,BRBANKLCI2A2|30306294000145|2026-05-16|2029-05-01,SAIDA,RESGATE,NULL,9474.18,9428.15,BRL,5099561365700430,[]
2026-07-03,BTG Banking,ccdc8073-a0e3-5799-992d-9af6310ba197,variable_incomes,BBDC4,BBDC4,SAIDA,JCP,NULL,1740.0,NULL,BRL,9522610500460817,[]
2026-07-04,BTG Banking,ccdc8073-a0e3-5799-992d-9af6310ba197,variable_incomes,NULL,7566321666418446,ENTRADA,OUTROS,MOVIMENTACAO NAO CLASSIFICADA PELA INSTITUICAO,2491.39,NULL,BRL,1806396420816448,[]
2026-07-09,BTG Banking,ccdc8073-a0e3-5799-992d-9af6310ba197,funds,KAPITALO KAPPA FIC FIM,18318213000154,ENTRADA,APLICACAO,NULL,9890.5,NULL,BRL,1443549434367598,[]
2026-07-09,BTG Banking,ccdc8073-a0e3-5799-992d-9af6310ba197,bank_fixed_incomes,LCI,BRBANKLCI2A2|30306294000145|2023-04-16|2026-04-01,SAIDA,OUTROS,NULL,7086.8,7086.8,BRL,9871224062178373,[]
2026-07-10,BTG Banking,ccdc8073-a0e3-5799-992d-9af6310ba197,bank_fixed_incomes,LCA,BRBANKLCA3A3|60746948000112|2024-07-07|2027-07-01,SAIDA,RESGATE,NULL,85464.82,85303.72,BRL,8327173798919976,[]
2026-07-13,BTG Banking,ccdc8073-a0e3-5799-992d-9af6310ba197,bank_fixed_incomes,CDB,BRBANKCDB0A0|30680829000143|2023-07-27|2026-07-01,ENTRADA,OUTROS,NULL,791.99,791.99,BRL,9410202107439599,[]
2026-07-14,Nubank,495fc091-d764-5a72-8f9b-708ae74cbe45,bank_fixed_incomes,NULL,b8e7d82a-d4fd-52e3-8b0a-124892018984,SAIDA,RESGATE,NULL,70594.36,70434.23,BRL,04c8678a-e5a9-5260-a215-f8b4d6483098,[]
2026-07-14,BTG Banking,ccdc8073-a0e3-5799-992d-9af6310ba197,bank_fixed_incomes,CDB,BRBANKCDB0A0|30680829000143|2021-11-25|2024-11-01,SAIDA,RESGATE,NULL,24318.24,24207.49,BRL,4301526657314689,[]
2026-07-14,BTG Banking,ccdc8073-a0e3-5799-992d-9af6310ba197,bank_fixed_incomes,CDB,BRBANKCDB4A4|00360305000104|2025-05-19|2028-05-01,ENTRADA,APLICACAO,NULL,563.47,563.47,BRL,8177127049029656,[]
2026-07-15,BTG Banking,ccdc8073-a0e3-5799-992d-9af6310ba197,bank_fixed_incomes,CDB,BRBANKCDB0A0|30680829000143|2022-08-13|2025-08-01,ENTRADA,APLICACAO,NULL,13820.85,13820.85,BRL,0025354758645481,[]
2026-07-16,BTG Banking,ccdc8073-a0e3-5799-992d-9af6310ba197,bank_fixed_incomes,CDB,BRBANKCDB4A4|00360305000104|2025-05-19|2028-05-01,ENTRADA,APLICACAO,NULL,585.49,585.49,BRL,8327117366187052,[]
2026-07-17,BTG Banking,ccdc8073-a0e3-5799-992d-9af6310ba197,funds,KAPITALO KAPPA FIC FIM,18318213000154,SAIDA,COME_COTAS,NULL,507.91,506.49,BRL,5305619220311871,[]
2026-07-17,BTG Banking,ccdc8073-a0e3-5799-992d-9af6310ba197,funds,SPX NIMITZ ESTRUTURAL FIC FIM,34177667000185,ENTRADA,APLICACAO,NULL,13763.73,NULL,BRL,8555199556218881,[]
2026-07-17,Nubank,495fc091-d764-5a72-8f9b-708ae74cbe45,treasure_titles,Tesouro IPCA+ com Juros Semestrais 2032,Tesouro IPCA+ com Juros Semestrais 2032,ENTRADA,COMPRA,NULL,5290.09,5290.09,BRL,911c9281-bf27-51cc-bfeb-85f83275f3ed,[]
2026-07-18,BTG Banking,ccdc8073-a0e3-5799-992d-9af6310ba197,bank_fixed_incomes,RDB,BRBANKRDB5A5|60518222000122|2020-09-08|2023-09-01,SAIDA,VENCIMENTO,NULL,219602.52,218966.5,BRL,4881018854023670,[]
2026-07-20,BTG Banking,ccdc8073-a0e3-5799-992d-9af6310ba197,bank_fixed_incomes,RDB,BRBANKRDB5A5|60518222000122|2022-06-23|2025-06-01,SAIDA,RESGATE,NULL,30272.11,30202.24,BRL,6365778754803620,[]
2026-07-21,BTG Banking,ccdc8073-a0e3-5799-992d-9af6310ba197,bank_fixed_incomes,RDB,BRBANKRDB1A1|18236120000158|2026-01-07|2029-01-01,ENTRADA,APLICACAO,NULL,23656.36,23656.36,BRL,9414550720006103,[]
2026-07-22,BTG Banking,ccdc8073-a0e3-5799-992d-9af6310ba197,bank_fixed_incomes,NULL,8345784273439850,SAIDA,RESGATE,NULL,4996.97,4990.67,BRL,1462561308744608,[]
2026-07-22,BTG Banking,ccdc8073-a0e3-5799-992d-9af6310ba197,bank_fixed_incomes,LCI,BRBANKLCI2A2|30306294000145|2020-11-11|2023-11-01,ENTRADA,APLICACAO,NULL,8969.91,8969.91,BRL,8153461133257929,[]
2026-07-22,BTG Banking,ccdc8073-a0e3-5799-992d-9af6310ba197,bank_fixed_incomes,LCA,BRBANKLCA3A3|60746948000112|2024-07-07|2027-07-01,SAIDA,RESGATE,NULL,19105.64,19030.53,BRL,8854211242072954,[]
2026-07-23,BTG Banking,ccdc8073-a0e3-5799-992d-9af6310ba197,funds,KAPITALO KAPPA FIC FIM,18318213000154,SAIDA,OUTROS,MOVIMENTACAO NAO CLASSIFICADA PELA INSTITUICAO,1446.42,NULL,BRL,0069039850829257,[]
2026-07-23,Nubank,495fc091-d764-5a72-8f9b-708ae74cbe45,funds,TESOURO SELIC SIMPLES FIRF,32915987000180,SAIDA,OUTROS,MOVIMENTACAO NAO CLASSIFICADA PELA INSTITUICAO,1263.15,NULL,BRL,bdf39b17-1856-5c8c-931c-3b491f01523d,[]
2026-07-25,BTG Banking,ccdc8073-a0e3-5799-992d-9af6310ba197,bank_fixed_incomes,CDB,BRBANKCDB4A4|00360305000104|2025-08-18|2028-08-01,ENTRADA,OUTROS,NULL,2853.06,2853.06,BRL,3579772440331917,[]
2026-07-27,BTG Banking,ccdc8073-a0e3-5799-992d-9af6310ba197,bank_fixed_incomes,LCA,BRBANKLCA3A3|60746948000112|2024-06-01|2027-06-01,SAIDA,PAGAMENTO_JUROS,NULL,2199.45,2192.09,BRL,6039545934988513,[]
2026-07-27,BTG Banking,ccdc8073-a0e3-5799-992d-9af6310ba197,variable_incomes,BPAC11,BPAC11,SAIDA,VENDA,NULL,9048.95,NULL,BRL,6385388743349325,[]
2026-07-28,BTG Banking,ccdc8073-a0e3-5799-992d-9af6310ba197,funds,KAPITALO KAPPA FIC FIM,18318213000154,SAIDA,RESGATE,NULL,10765.49,10717.4,BRL,2380257039814757,[]
2026-07-28,BTG Banking,ccdc8073-a0e3-5799-992d-9af6310ba197,funds,KAPITALO KAPPA FIC FIM,18318213000154,ENTRADA,APLICACAO,NULL,8846.84,NULL,BRL,2935860559970303,[]
2026-07-28,BTG Banking,ccdc8073-a0e3-5799-992d-9af6310ba197,bank_fixed_incomes,CDB,BRBANKCDB4A4|00360305000104|2025-11-23|2028-11-01,SAIDA,RESGATE,NULL,62503.88,62401.13,BRL,4788138763545043,[]
2026-07-28,BTG Banking,ccdc8073-a0e3-5799-992d-9af6310ba197,bank_fixed_incomes,CDB,BRBANKCDB0A0|30680829000143|2024-01-04|2027-01-01,SAIDA,RESGATE,NULL,39229.59,39140.06,BRL,5051548903620674,[]
2026-07-28,BTG Banking,ccdc8073-a0e3-5799-992d-9af6310ba197,bank_fixed_incomes,CDB,BRBANKCDB0A0|30680829000143|2024-01-16|2027-01-01,SAIDA,OUTROS,NULL,4662.3,4662.3,BRL,7764089738908920,[]
2026-07-28,Nubank,495fc091-d764-5a72-8f9b-708ae74cbe45,variable_incomes,BPAC11,BPAC11,ENTRADA,OUTROS,MOVIMENTACAO NAO CLASSIFICADA PELA INSTITUICAO,47.1,NULL,BRL,c4bfc273-9127-5459-b10a-1816a76307f6,[]
2026-07-29,BTG Banking,ccdc8073-a0e3-5799-992d-9af6310ba197,variable_incomes,BBDC4,BBDC4,ENTRADA,COMPRA,NULL,18553.47,NULL,BRL,8581923320167386,[]
2026-07-31,BTG Banking,ccdc8073-a0e3-5799-992d-9af6310ba197,bank_fixed_incomes,CDB,BRBANKCDB4A4|00360305000104|2025-05-19|2028-05-01,ENTRADA,OUTROS,NULL,449.44,449.44,BRL,4147133604751615,[]
2026-08-05,Nubank,495fc091-d764-5a72-8f9b-708ae74cbe45,bank_fixed_incomes,CDB,BRBANKCDB0A0|30680829000143|2025-03-09|2028-03-01,SAIDA,PAGAMENTO_JUROS,NULL,2430.06,2423.29,BRL,3481b8de-af8f-5826-9f90-14d6bcf956e3,[]
2026-08-05,BTG Banking,ccdc8073-a0e3-5799-992d-9af6310ba197,bank_fixed_incomes,CDB,BRBANKCDB4A4|00360305000104|2025-08-18|2028-08-01,ENTRADA,APLICACAO,NULL,24109.62,24109.62,BRL,6710851437718384,[]
2026-08-05,BTG Banking,ccdc8073-a0e3-5799-992d-9af6310ba197,bank_fixed_incomes,NULL,8345784273439850,SAIDA,OUTROS,NULL,825.05,825.05,BRL,7571481439057314,[]
2026-08-05,BTG Banking,ccdc8073-a0e3-5799-992d-9af6310ba197,bank_fixed_incomes,RDB,BRBANKRDB5A5|60518222000122|2026-04-25|2029-04-01,SAIDA,OUTROS,NULL,1736.73,1736.73,BRL,8912928908213770,[]
2026-08-06,BTG Banking,ccdc8073-a0e3-5799-992d-9af6310ba197,bank_fixed_incomes,CDB,BRBANKCDB4A4|00360305000104|2024-12-04|2027-12-01,SAIDA,PAGAMENTO_JUROS,NULL,4019.46,4004.4,BRL,2436918103039969,[]
2026-08-06,BTG Banking,ccdc8073-a0e3-5799-992d-9af6310ba197,bank_fixed_incomes,LCA,BRBANKLCA3A3|60746948000112|2025-09-21|2028-09-01,SAIDA,RESGATE,NULL,58024.88,57710.24,BRL,4713446402350952,[]
2026-08-06,BTG Banking,ccdc8073-a0e3-5799-992d-9af6310ba197,bank_fixed_incomes,CDB,BRBANKCDB0A0|30680829000143|2026-05-22|2029-05-01,SAIDA,RESGATE,NULL,13377.25,13315.77,BRL,9217684742516221,[]
2026-08-07,BTG Banking,ccdc8073-a0e3-5799-992d-9af6310ba197,bank_fixed_incomes,LCA,BRBANKLCA3A3|60746948000112|2021-05-09|2024-05-01,SAIDA,RESGATE,NULL,239985.56,239046.88,BRL,0841389871563855,[]
2026-08-07,BTG Banking,ccdc8073-a0e3-5799-992d-9af6310ba197,bank_fixed_incomes,CDB,BRBANKCDB0A0|30680829000143|2022-10-26|2025-10-01,SAIDA,RESGATE,NULL,91998.89,91856.43,BRL,4292054662714669,[]
2026-08-07,BTG Banking,ccdc8073-a0e3-5799-992d-9af6310ba197,bank_fixed_incomes,CDB,BRBANKCDB0A0|30680829000143|2022-04-05|2025-04-01,SAIDA,RESGATE,NULL,1477.11,1474.72,BRL,6753169176682001,[]
2026-08-07,BTG Banking,ccdc8073-a0e3-5799-992d-9af6310ba197,bank_fixed_incomes,CDB,BRBANKCDB0A0|30680829000143|2023-05-06|2026-05-01,SAIDA,RESGATE,NULL,8601.69,8567.87,BRL,6871349875656809,[]
2026-08-08,BTG Banking,ccdc8073-a0e3-5799-992d-9af6310ba197,bank_fixed_incomes,RDB,BRBANKRDB1A1|92894922000108|2025-10-03|2028-10-01,SAIDA,OUTROS,NULL,1091.48,1091.48,BRL,4224495431151539,[]
2026-08-08,BTG Banking,ccdc8073-a0e3-5799-992d-9af6310ba197,funds,ALASKA BLACK FIC FIA - BDR NIVEL I,11052478000102,ENTRADA,APLICACAO,NULL,44333.05,NULL,BRL,4662991659056885,[]
2026-08-09,BTG Banking,ccdc8073-a0e3-5799-992d-9af6310ba197,bank_fixed_incomes,NULL,8345784273439850,SAIDA,PAGAMENTO_JUROS,NULL,996.69,995.49,BRL,5214182737964141,[]
2026-08-09,BTG Banking,ccdc8073-a0e3-5799-992d-9af6310ba197,bank_fixed_incomes,CDB,BRBANKCDB4A4|00360305000104|2024-12-04|2027-12-01,SAIDA,RESGATE,NULL,90097.51,89740.12,BRL,7807409410170762,[]
2026-08-10,BTG Banking,ccdc8073-a0e3-5799-992d-9af6310ba197,bank_fixed_incomes,LCA,BRBANKLCA3A3|60746948000112|2023-06-11|2026-06-01,ENTRADA,APLICACAO,NULL,87869.93,87869.93,BRL,0745646545828332,[]
2026-08-11,BTG Banking,ccdc8073-a0e3-5799-992d-9af6310ba197,bank_fixed_incomes,RDB,BRBANKRDB5A5|60518222000122|2026-02-12|2029-02-01,SAIDA,RESGATE,NULL,45355.87,45193.36,BRL,2795178269488157,[]
2026-08-13,BTG Banking,ccdc8073-a0e3-5799-992d-9af6310ba197,funds,KAPITALO KAPPA FIC FIM,18318213000154,ENTRADA,APLICACAO,NULL,91224.98,NULL,BRL,2992354617148300,[]
2026-08-13,BTG Banking,ccdc8073-a0e3-5799-992d-9af6310ba197,bank_fixed_incomes,LCA,BRBANKLCA3A3|60746948000112|2025-09-21|2028-09-01,ENTRADA,APLICACAO,NULL,58486.16,58486.16,BRL,5479838231963960,[]
2026-08-14,BTG Banking,ccdc8073-a0e3-5799-992d-9af6310ba197,funds,SELECAO DIVIDENDOS FIC FIA,07059417000107,SAIDA,RESGATE,NULL,15280.0,15195.71,BRL,6745696933516862,[]
2026-08-15,BTG Banking,ccdc8073-a0e3-5799-992d-9af6310ba197,bank_fixed_incomes,CDB,BRBANKCDB4A4|00360305000104|2022-12-03|2025-12-01,ENTRADA,OUTROS,NULL,6832.76,6832.76,BRL,7493520037250414,[]
2026-08-16,BTG Banking,ccdc8073-a0e3-5799-992d-9af6310ba197,bank_fixed_incomes,CDB,BRBANKCDB0A0|30680829000143|2024-12-23|2027-12-01,SAIDA,RESGATE,NULL,11900.19,11865.02,BRL,4163923447156302,[]
2026-08-16,BTG Banking,ccdc8073-a0e3-5799-992d-9af6310ba197,bank_fixed_incomes,RDB,BRBANKRDB1A1|18236120000158|2022-03-01|2025-03-01,SAIDA,RESGATE,NULL,44248.53,44098.66,BRL,6062808143256339,[]
2026-08-19,BTG Banking,ccdc8073-a0e3-5799-992d-9af6310ba197,variable_incomes,BPAC11,BPAC11,SAIDA,VENDA,NULL,23059.42,NULL,BRL,3619981748441023,[]
2026-08-20,BTG Banking,ccdc8073-a0e3-5799-992d-9af6310ba197,variable_incomes,ITUB4,ITUB4,SAIDA,JCP,NULL,8345.19,NULL,BRL,0069039354863435,[]
2026-08-20,BTG Banking,ccdc8073-a0e3-5799-992d-9af6310ba197,variable_incomes,NULL,7566321666418446,SAIDA,ALUGUEIS,NULL,4959.6,NULL,BRL,1684487474092141,[]
2026-08-20,BTG Banking,ccdc8073-a0e3-5799-992d-9af6310ba197,funds,KAPITALO KAPPA FIC FIM,18318213000154,SAIDA,AMORTIZACAO,NULL,3879.76,3873.89,BRL,2576695612163339,[]
2026-08-20,BTG Banking,ccdc8073-a0e3-5799-992d-9af6310ba197,variable_incomes,WEGE3,WEGE3,SAIDA,DIVIDENDOS,NULL,984.32,NULL,BRL,7269352570185951,[]
NULL,BTG Banking,ccdc8073-a0e3-5799-992d-9af6310ba197,funds,SELECAO DIVIDENDOS FIC FIA,07059417000107,ENTRADA,APLICACAO,NULL,42644.0,NULL,BRL,2029910544895311,[missing:transaction_date]
NULL,BTG Banking,ccdc8073-a0e3-5799-992d-9af6310ba197,bank_fixed_incomes,RDB,BRBANKRDB1A1|18236120000158|2025-04-30|2028-04-01,ENTRADA,APLICACAO,NULL,15166.0,15166.0,BRL,5904939384556499,[missing:transaction_date]
NULL,BTG Banking,ccdc8073-a0e3-5799-992d-9af6310ba197,variable_incomes,B3SA3,B3SA3,ENTRADA,COMPRA,NULL,40541.68,NULL,BRL,6007354152900633,[missing:transaction_date]
NULL,Nubank,495fc091-d764-5a72-8f9b-708ae74cbe45,variable_incomes,B3SA3,B3SA3,ENTRADA,COMPRA,NULL,27885.0,NULL,BRL,7c62e38d-643a-5a1f-8edb-a99665ec47b7,[missing:transaction_date]
NULL,BTG Banking,ccdc8073-a0e3-5799-992d-9af6310ba197,variable_incomes,WEGE3,WEGE3,ENTRADA,COMPRA,NULL,98840.0,NULL,BRL,9952141036736789,[missing:transaction_date]
